[2026-09-05 05:00:13] Stock run started: 697 total, 0 resumed, 697 pending
[2026-09-05 05:00:39] Checkpoint 1/697 after PPXD10018B; 10 extracted rows
[2026-09-05 05:00:52] Checkpoint 2/697 after PPXF10016A; 20 extracted rows
[2026-09-05 05:01:08] Checkpoint 3/697 after PPXH10018C; 56 extracted rows
[2026-09-05 05:01:23] Checkpoint 4/697 after PPXD10011C; 76 extracted rows
[2026-09-05 05:01:38] Checkpoint 5/697 after PP2J00014C; 96 extracted rows
[2026-09-05 05:01:53] Checkpoint 6/697 after PPXF10032C; 111 extracted rows
[2026-09-05 05:02:09] Checkpoint 7/697 after PPXD10030D; 141 extracted rows
[2026-09-05 05:02:23] Checkpoint 8/697 after PPXH10042A; 159 extracted rows
[2026-09-05 05:02:39] Checkpoint 9/697 after PPXH10033B; 195 extracted rows
[2026-09-05 05:02:55] Checkpoint 10/697 after PPXH30014A; 222 extracted rows
[2026-09-05 05:03:05] Checkpoint 11/697 after PP2J00010B; 242 extracted rows
[2026-09-05 05:03:20] Checkpoint 12/697 after PPXJ30008D; 267 extracted rows
[2026-09-05 05:03:35] Checkpoint 13/697 after PPXF10012A; 272 extracted rows
[2026-09-05 05:03:49] Checkpoint 14/697 after PPXH10007B; 299 extracted rows
[2026-09-05 05:04:05] Checkpoint 15/697 after PPXJ10005B; 324 extracted rows
[2026-09-05 05:04:20] Checkpoint 16/697 after PP2H00010B; 369 extracted rows
[2026-09-05 05:04:35] Checkpoint 17/697 after PPXH30027B; 387 extracted rows
[2026-09-05 05:04:59] Checkpoint 18/697 after PPXH10010A; 387 extracted rows
[2026-09-05 05:05:11] Checkpoint 19/697 after PPXD10003D; 412 extracted rows
[2026-09-05 05:05:36] Checkpoint 20/697 after PPXJ10009D; 412 extracted rows
[2026-09-05 05:06:04] Checkpoint 21/697 after PPXJ10001E; 412 extracted rows
[2026-09-05 05:06:20] Checkpoint 22/697 after PPXJ30012E; 437 extracted rows
[2026-09-05 05:06:35] Checkpoint 23/697 after PPXH30018A; 446 extracted rows
[2026-09-05 05:06:48] Checkpoint 24/697 after PPXJ30027G; 481 extracted rows
[2026-09-05 05:07:04] Checkpoint 25/697 after PPXJ30022D; 501 extracted rows
[2026-09-05 05:07:20] Checkpoint 26/697 after PP2J00007C; 516 extracted rows
[2026-09-05 05:07:36] Checkpoint 27/697 after PP2H00001A; 552 extracted rows
[2026-09-05 05:07:52] Checkpoint 28/697 after PPXH10022C; 588 extracted rows
[2026-09-05 05:08:07] Checkpoint 29/697 after PPXH10055A; 615 extracted rows
[2026-09-05 05:08:23] Checkpoint 30/697 after PPXJ30029E; 645 extracted rows
[2026-09-05 05:08:39] Checkpoint 31/697 after PPXJ30036C; 655 extracted rows
[2026-09-05 05:08:48] Checkpoint 32/697 after PPXD10003B; 680 extracted rows
[2026-09-05 05:09:02] Checkpoint 33/697 after PPXJ30024D; 695 extracted rows
[2026-09-05 05:09:16] Checkpoint 34/697 after PPXH10035B; 722 extracted rows
[2026-09-05 05:09:31] Checkpoint 35/697 after PPXJ30028A; 752 extracted rows
[2026-09-05 05:09:46] Checkpoint 36/697 after PPXJ30026B; 777 extracted rows
[2026-09-05 05:10:01] Checkpoint 37/697 after PPXH10032M; 858 extracted rows
[2026-09-05 05:10:19] Checkpoint 38/697 after PPXJ30034A; 868 extracted rows
[2026-09-05 05:10:35] Checkpoint 39/697 after PPXH30021K; 922 extracted rows
[2026-09-05 05:11:36] Checkpoint 40/697 after PP0H0A024; 922 extracted rows
[2026-09-05 05:11:50] Checkpoint 41/697 after PPXF30014B; 932 extracted rows
[2026-09-05 05:12:07] Checkpoint 42/697 after PPXF30006C; 952 extracted rows
[2026-09-05 05:12:21] Checkpoint 43/697 after PPXH30069A; 972 extracted rows
[2026-09-05 05:12:36] Checkpoint 44/697 after PPXJ30058B; 1017 extracted rows
[2026-09-05 05:12:51] Checkpoint 45/697 after PPXJ30031F; 1037 extracted rows
[2026-09-05 05:13:06] Checkpoint 46/697 after PPXF30011E; 1077 extracted rows
[2026-09-05 05:13:21] Checkpoint 47/697 after PPXJ10006E; 1102 extracted rows
[2026-09-05 05:13:32] Checkpoint 48/697 after PPXJ10005F; 1127 extracted rows
[2026-09-05 05:13:46] Checkpoint 49/697 after PP2J00009C; 1147 extracted rows
[2026-09-05 05:14:04] Checkpoint 50/697 after PPXJ30010D; 1172 extracted rows
[2026-09-05 05:14:32] Checkpoint 51/697 after PPXJ30028B; 1172 extracted rows
[2026-09-05 05:14:46] Checkpoint 52/697 after PP2J00001A; 1192 extracted rows
[2026-09-05 05:15:00] Checkpoint 53/697 after PPXJ30060D; 1207 extracted rows
[2026-09-05 05:15:18] Checkpoint 54/697 after PPXD10030E; 1237 extracted rows
[2026-09-05 05:15:33] Checkpoint 55/697 after PPXJ30015B; 1247 extracted rows
[2026-09-05 05:15:47] Checkpoint 56/697 after PPXJ30030A; 1272 extracted rows
[2026-09-05 05:16:02] Checkpoint 57/697 after PPXH10013A; 1281 extracted rows
[2026-09-05 05:16:17] Checkpoint 58/697 after PPXH30066A; 1291 extracted rows
[2026-09-05 05:16:31] Checkpoint 59/697 after PPXJ30014A; 1296 extracted rows
[2026-09-05 05:16:46] Checkpoint 60/697 after PPXH10021F; 1321 extracted rows
[2026-09-05 05:16:46] Restarting stock browser before SKU PPXD10016B at position 61
[2026-09-05 05:17:12] Checkpoint 61/697 after PPXD10016B; 1351 extracted rows
[2026-09-05 05:17:28] Checkpoint 62/697 after PPXH10032H; 1432 extracted rows
[2026-09-05 05:18:25] Checkpoint 63/697 after PP0H0A027; 1432 extracted rows
[2026-09-05 05:18:39] Checkpoint 64/697 after PPXD10011A; 1452 extracted rows
[2026-09-05 05:18:53] Checkpoint 65/697 after PPXJ10005D; 1477 extracted rows
[2026-09-05 05:19:07] Checkpoint 66/697 after PPXJ30027A; 1512 extracted rows
[2026-09-05 05:19:21] Checkpoint 67/697 after PPXJ10016B; 1532 extracted rows
[2026-09-05 05:19:33] Checkpoint 68/697 after PPXH10017P; 1640 extracted rows
[2026-09-05 05:19:50] Checkpoint 69/697 after PPXF10001C; 1665 extracted rows
[2026-09-05 05:20:07] Checkpoint 70/697 after PPXJ30062C; 1685 extracted rows
[2026-09-05 05:20:34] Checkpoint 71/697 after PPXD10009B; 1685 extracted rows
[2026-09-05 05:20:52] Checkpoint 72/697 after PPXD10029A; 1700 extracted rows
[2026-09-05 05:21:08] Checkpoint 73/697 after PP2J00014B; 1720 extracted rows
[2026-09-05 05:21:21] Checkpoint 74/697 after PPXJ30028D; 1750 extracted rows
[2026-09-05 05:21:39] Checkpoint 75/697 after PPXJ30050A; 1760 extracted rows
[2026-09-05 05:21:58] Checkpoint 76/697 after PPXJ30031A; 1780 extracted rows
[2026-09-05 05:22:16] Checkpoint 77/697 after PPXH10032L; 1861 extracted rows
[2026-09-05 05:22:33] Checkpoint 78/697 after PP2H00010C; 1906 extracted rows
[2026-09-05 05:22:50] Checkpoint 79/697 after PPXJ30029C; 1936 extracted rows
[2026-09-05 05:23:06] Checkpoint 80/697 after PPXH10005A; 1963 extracted rows
[2026-09-05 05:23:17] Checkpoint 81/697 after PPXJ10002B; 1983 extracted rows
[2026-09-05 05:23:32] Checkpoint 82/697 after PPXF30013A; 1993 extracted rows
[2026-09-05 05:23:50] Checkpoint 83/697 after PPXH10032N; 2074 extracted rows
[2026-09-05 05:24:07] Checkpoint 84/697 after PP2HC10008; 2083 extracted rows
[2026-09-05 05:24:21] Checkpoint 85/697 after PPXH10040A; 2092 extracted rows
[2026-09-05 05:24:36] Checkpoint 86/697 after PPXJ10008B; 2127 extracted rows
[2026-09-05 05:24:53] Checkpoint 87/697 after PPXF30012C; 2137 extracted rows
[2026-09-05 05:25:12] Checkpoint 88/697 after PPXJ10021A; 2157 extracted rows
[2026-09-05 05:25:28] Checkpoint 89/697 after PPXJ10014B; 2167 extracted rows
[2026-09-05 05:25:45] Checkpoint 90/697 after PPXF30011D; 2207 extracted rows
[2026-09-05 05:26:04] Checkpoint 91/697 after PPXH10017L; 2315 extracted rows
[2026-09-05 05:26:36] Checkpoint 92/697 after PPXH30021H; 2315 extracted rows
[2026-09-05 05:26:52] Checkpoint 93/697 after PP2HC0001; 2324 extracted rows
[2026-09-05 05:27:09] Checkpoint 94/697 after PPXD10019J; 2389 extracted rows
[2026-09-05 05:27:27] Checkpoint 95/697 after PPXH10022B; 2425 extracted rows
[2026-09-05 05:27:44] Checkpoint 96/697 after PPXD10016E; 2455 extracted rows
[2026-09-05 05:27:59] Checkpoint 97/697 after PPXJ30031E; 2475 extracted rows
[2026-09-05 05:28:14] Checkpoint 98/697 after PPXJ30031G; 2495 extracted rows
[2026-09-05 05:28:30] Checkpoint 99/697 after PPXH30050B; 2513 extracted rows
[2026-09-05 05:28:47] Checkpoint 100/697 after PP2HC0011; 2513 extracted rows
[2026-09-05 05:29:01] Checkpoint 101/697 after PPXH10006A; 2522 extracted rows
[2026-09-05 05:29:17] Checkpoint 102/697 after PPXF30012A; 2532 extracted rows
[2026-09-05 05:29:31] Checkpoint 103/697 after PPXH30014B; 2559 extracted rows
[2026-09-05 05:29:47] Checkpoint 104/697 after PPXH30024F; 2604 extracted rows
[2026-09-05 05:30:04] Checkpoint 105/697 after PPXJ10009C; 2624 extracted rows
[2026-09-05 05:30:19] Checkpoint 106/697 after PPXH10065A; 2633 extracted rows
[2026-09-05 05:30:38] Checkpoint 107/697 after PPXJ10002D; 2653 extracted rows
[2026-09-05 05:30:55] Checkpoint 108/697 after PP2H00015A; 2662 extracted rows
[2026-09-05 05:31:11] Checkpoint 109/697 after PPXH10055D; 2689 extracted rows
[2026-09-05 05:31:28] Checkpoint 110/697 after PPXJ30018D; 2724 extracted rows
[2026-09-05 05:31:46] Checkpoint 111/697 after PPXH30016D; 2751 extracted rows
[2026-09-05 05:32:06] Checkpoint 112/697 after PPXJ30008F; 2776 extracted rows
[2026-09-05 05:32:22] Checkpoint 113/697 after PPXF30011G; 2816 extracted rows
[2026-09-05 05:32:39] Checkpoint 114/697 after PPXJ30030I; 2841 extracted rows
[2026-09-05 05:32:56] Checkpoint 115/697 after PPXH30054A; 2877 extracted rows
[2026-09-05 05:33:08] Checkpoint 116/697 after PPXH30006C; 2904 extracted rows
[2026-09-05 05:33:25] Checkpoint 117/697 after PPXD10019Q; 2969 extracted rows
[2026-09-05 05:33:43] Checkpoint 118/697 after PPXH10033D; 3005 extracted rows
[2026-09-05 05:34:05] Checkpoint 119/697 after PP2H00012A; 3023 extracted rows
[2026-09-05 05:34:23] Checkpoint 120/697 after PPXH30020E; 3077 extracted rows
[2026-09-05 05:34:23] Restarting stock browser before SKU PPXH10022D at position 121
[2026-09-05 05:34:49] Checkpoint 121/697 after PPXH10022D; 3113 extracted rows
[2026-09-05 05:35:06] Checkpoint 122/697 after PPXH10009A; 3122 extracted rows
[2026-09-05 05:35:24] Checkpoint 123/697 after PP2HC10011; 3176 extracted rows
[2026-09-05 05:35:38] Checkpoint 124/697 after PPXJ10009B; 3196 extracted rows
[2026-09-05 05:35:58] Checkpoint 125/697 after PPXF30011F; 3236 extracted rows
[2026-09-05 05:36:17] Checkpoint 126/697 after PP2H00013B; 3254 extracted rows
[2026-09-05 05:36:33] Checkpoint 127/697 after PP2D00001B; 3274 extracted rows
[2026-09-05 05:37:34] Checkpoint 128/697 after PPXD10032B; 3274 extracted rows
[2026-09-05 05:38:00] Checkpoint 129/697 after PPXF30011C; 3274 extracted rows
[2026-09-05 05:38:16] Checkpoint 130/697 after PPXH30016C; 3301 extracted rows
[2026-09-05 05:38:33] Checkpoint 131/697 after PPXF30011I; 3341 extracted rows
[2026-09-05 05:38:51] Checkpoint 132/697 after PPXH30012C; 3350 extracted rows
[2026-09-05 05:39:09] Checkpoint 133/697 after PPXH10037A; 3377 extracted rows
[2026-09-05 05:39:26] Checkpoint 134/697 after PPXJ10016C; 3397 extracted rows
[2026-09-05 05:39:43] Checkpoint 135/697 after PPXJ30061B; 3407 extracted rows
[2026-09-05 05:40:02] Checkpoint 136/697 after PPXH30009F; 3479 extracted rows
[2026-09-05 05:40:38] Checkpoint 137/697 after PPXJ30030F; 3479 extracted rows
[2026-09-05 05:41:01] Checkpoint 138/697 after PPXH10022A; 3515 extracted rows
[2026-09-05 05:41:20] Checkpoint 139/697 after PPXD10022B; 3525 extracted rows
[2026-09-05 05:41:38] Checkpoint 140/697 after PPXD10030C; 3555 extracted rows
[2026-09-05 05:41:50] Checkpoint 141/697 after PPXD10020D; 3615 extracted rows
[2026-09-05 05:42:11] Checkpoint 142/697 after PPXJ30018G; 3650 extracted rows
[2026-09-05 05:42:30] Checkpoint 143/697 after PPXJ30008C; 3675 extracted rows
[2026-09-05 05:42:50] Checkpoint 144/697 after PPXH30069B; 3695 extracted rows
[2026-09-05 05:43:09] Checkpoint 145/697 after PPXJ30024F; 3710 extracted rows
[2026-09-05 05:43:28] Checkpoint 146/697 after PPXD10020B; 3770 extracted rows
[2026-09-05 05:43:47] Checkpoint 147/697 after PPXD10025B; 3775 extracted rows
[2026-09-05 05:44:06] Checkpoint 148/697 after PPXD10033A; 3800 extracted rows
[2026-09-05 05:44:24] Checkpoint 149/697 after PPXH10017Q; 3908 extracted rows
[2026-09-05 05:44:44] Checkpoint 150/697 after PPXH10044A; 3917 extracted rows
[2026-09-05 05:45:47] Checkpoint 151/697 after PP0H0A003; 3917 extracted rows
[2026-09-05 05:46:03] Checkpoint 152/697 after PPXH10015A; 3926 extracted rows
[2026-09-05 05:46:19] Checkpoint 153/697 after PPXD10019K; 3991 extracted rows
[2026-09-05 05:46:35] Checkpoint 154/697 after PPXF30051A; 3996 extracted rows
[2026-09-05 05:46:46] Checkpoint 155/697 after PPXF30022C; 4011 extracted rows
[2026-09-05 05:47:01] Checkpoint 156/697 after PPXH10021E; 4036 extracted rows
[2026-09-05 05:47:18] Checkpoint 157/697 after PPXH10041C; 4063 extracted rows
[2026-09-05 05:47:36] Checkpoint 158/697 after PPXD10019C; 4128 extracted rows
[2026-09-05 05:47:52] Checkpoint 159/697 after PPXH10011A; 4146 extracted rows
[2026-09-05 05:48:07] Checkpoint 160/697 after PP2H00012B; 4164 extracted rows
[2026-09-05 05:48:21] Checkpoint 161/697 after PPXJ30019C; 4184 extracted rows
[2026-09-05 05:48:40] Checkpoint 162/697 after PPXH10017E; 4292 extracted rows
[2026-09-05 05:48:58] Checkpoint 163/697 after PPXH30050A; 4310 extracted rows
[2026-09-05 05:49:15] Checkpoint 164/697 after PPXH10074A; 4319 extracted rows
[2026-09-05 05:49:32] Checkpoint 165/697 after PPXJ10006D; 4344 extracted rows
[2026-09-05 05:49:47] Checkpoint 166/697 after PPXD10017A; 4359 extracted rows
[2026-09-05 05:50:14] Checkpoint 167/697 after PPXD10012C; 4359 extracted rows
[2026-09-05 05:50:33] Checkpoint 168/697 after PPXD10019P; 4424 extracted rows
[2026-09-05 05:50:50] Checkpoint 169/697 after PPXH30020H; 4478 extracted rows
[2026-09-05 05:51:07] Checkpoint 170/697 after PPXF10032B; 4493 extracted rows
[2026-09-05 05:51:32] Checkpoint 171/697 after PPXD10001G; 4493 extracted rows
[2026-09-05 05:51:47] Checkpoint 172/697 after PPXJ30019A; 4513 extracted rows
[2026-09-05 05:52:05] Checkpoint 173/697 after PPXH10017D; 4621 extracted rows
[2026-09-05 05:52:23] Checkpoint 174/697 after PPXJ30051A; 4626 extracted rows
[2026-09-05 05:52:39] Checkpoint 175/697 after PPXH30007C; 4671 extracted rows
[2026-09-05 05:52:49] Checkpoint 176/697 after PP2J00013B; 4691 extracted rows
[2026-09-05 05:53:04] Checkpoint 177/697 after PPXJ30058C; 4736 extracted rows
[2026-09-05 05:53:19] Checkpoint 178/697 after PPXH10023A; 4772 extracted rows
[2026-09-05 05:53:29] Checkpoint 179/697 after PPXF10014B; 4777 extracted rows
[2026-09-05 05:53:44] Checkpoint 180/697 after PPXJ30057A; 4807 extracted rows
[2026-09-05 05:53:44] Restarting stock browser before SKU PPXD10025A at position 181
[2026-09-05 05:54:13] Checkpoint 181/697 after PPXD10025A; 4812 extracted rows
[2026-09-05 05:54:26] Checkpoint 182/697 after PPXH30041A; 4821 extracted rows
[2026-09-05 05:54:39] Checkpoint 183/697 after PPXD10017B; 4836 extracted rows
[2026-09-05 05:54:53] Checkpoint 184/697 after PPXF10011A; 4851 extracted rows
[2026-09-05 05:55:07] Checkpoint 185/697 after PPXF30014A; 4861 extracted rows
[2026-09-05 05:55:22] Checkpoint 186/697 after PPXD10011E; 4881 extracted rows
[2026-09-05 05:55:37] Checkpoint 187/697 after PPXJ30062E; 4901 extracted rows
[2026-09-05 05:55:52] Checkpoint 188/697 after PPXJ30019D; 4921 extracted rows
[2026-09-05 05:56:07] Checkpoint 189/697 after PPXH10034B; 4957 extracted rows
[2026-09-05 05:56:23] Checkpoint 190/697 after PPXD10007I; 4997 extracted rows
[2026-09-05 05:56:51] Checkpoint 191/697 after PPXD10011B; 4997 extracted rows
[2026-09-05 05:57:07] Checkpoint 192/697 after PPXH30021C; 5051 extracted rows
[2026-09-05 05:57:23] Checkpoint 193/697 after PPXF10026A; 5056 extracted rows
[2026-09-05 05:57:39] Checkpoint 194/697 after PPXD10019A; 5121 extracted rows
[2026-09-05 05:57:56] Checkpoint 195/697 after PPXF30022E; 5136 extracted rows
[2026-09-05 05:58:19] Checkpoint 196/697 after PPXH10017F; 5136 extracted rows
[2026-09-05 05:58:30] Checkpoint 197/697 after PP2J00008C; 5156 extracted rows
[2026-09-05 05:58:40] Checkpoint 198/697 after PP2J00014D; 5176 extracted rows
[2026-09-05 05:58:54] Checkpoint 199/697 after PPXH10017C; 5284 extracted rows
[2026-09-05 05:59:12] Checkpoint 200/697 after PPXD10030F; 5314 extracted rows
[2026-09-05 05:59:26] Checkpoint 201/697 after PP2HC0013; 5334 extracted rows
[2026-09-05 05:59:40] Checkpoint 202/697 after PPXH10067A; 5343 extracted rows
[2026-09-05 05:59:54] Checkpoint 203/697 after PPXJ30007D; 5353 extracted rows
[2026-09-05 06:00:24] Checkpoint 204/697 after PP2J00001C; 5373 extracted rows
[2026-09-05 06:00:55] Checkpoint 205/697 after PP2D00001C; 5393 extracted rows
[2026-09-05 06:01:19] Checkpoint 206/697 after PPXJ10002A; 5413 extracted rows
[2026-09-05 06:01:41] Checkpoint 207/697 after PPXJ30030B; 5438 extracted rows
[2026-09-05 06:02:15] Checkpoint 208/697 after PPXJ30036D; 5438 extracted rows
[2026-09-05 06:02:38] Checkpoint 209/697 after PPXJ10016D; 5458 extracted rows
[2026-09-05 06:03:02] Checkpoint 210/697 after PPXD10001A; 5468 extracted rows
[2026-09-05 06:03:23] Checkpoint 211/697 after PPXH10019C; 5495 extracted rows
[2026-09-05 06:03:42] Checkpoint 212/697 after PPXH30037I; 5531 extracted rows
[2026-09-05 06:03:58] Checkpoint 213/697 after PPXJ30027B; 5566 extracted rows
[2026-09-05 06:04:14] Checkpoint 214/697 after PPXH30017A; 5575 extracted rows
[2026-09-05 06:04:30] Checkpoint 215/697 after PPXJ30058A; 5620 extracted rows
[2026-09-05 06:04:47] Checkpoint 216/697 after PPXH30020A; 5674 extracted rows
[2026-09-05 06:05:03] Checkpoint 217/697 after PP2H00011B; 5701 extracted rows
[2026-09-05 06:05:22] Checkpoint 218/697 after PPXJ30058F; 5746 extracted rows
[2026-09-05 06:05:39] Checkpoint 219/697 after PPXH30046A; 5755 extracted rows
[2026-09-05 06:06:38] Checkpoint 220/697 after PP0H0A001; 5755 extracted rows
[2026-09-05 06:06:53] Checkpoint 221/697 after PPXJ10003D; 5785 extracted rows
[2026-09-05 06:07:11] Checkpoint 222/697 after PPXH10034A; 5821 extracted rows
[2026-09-05 06:07:27] Checkpoint 223/697 after PPXJ10008F; 5856 extracted rows
[2026-09-05 06:07:42] Checkpoint 224/697 after PPXH30022F; 5910 extracted rows
[2026-09-05 06:07:57] Checkpoint 225/697 after PPXJ30022E; 5930 extracted rows
[2026-09-05 06:08:24] Checkpoint 226/697 after PPXH10049A; 5930 extracted rows
[2026-09-05 06:08:39] Checkpoint 227/697 after PPXH30037B; 5966 extracted rows
[2026-09-05 06:08:55] Checkpoint 228/697 after PPXJ30027E; 6001 extracted rows
[2026-09-05 06:09:11] Checkpoint 229/697 after PPXH30032D; 6031 extracted rows
[2026-09-05 06:09:43] Checkpoint 230/697 after PPXD10007C; 6031 extracted rows
[2026-09-05 06:10:00] Checkpoint 231/697 after PPXH10017K; 6139 extracted rows
[2026-09-05 06:10:24] Checkpoint 232/697 after PPXJ30048D; 6154 extracted rows
[2026-09-05 06:10:45] Checkpoint 233/697 after PPXD10032A; 6174 extracted rows
[2026-09-05 06:11:14] Checkpoint 234/697 after PPXD10001F; 6174 extracted rows
[2026-09-05 06:11:30] Checkpoint 235/697 after PPXJ30050B; 6184 extracted rows
[2026-09-05 06:11:46] Checkpoint 236/697 after PPXH10017S; 6292 extracted rows
[2026-09-05 06:12:03] Checkpoint 237/697 after PPXF30011H; 6332 extracted rows
[2026-09-05 06:13:07] Checkpoint 238/697 after PP2J00012C; 6332 extracted rows
[2026-09-05 06:13:18] Checkpoint 239/697 after PPXD10016D; 6362 extracted rows
[2026-09-05 06:13:30] Checkpoint 240/697 after PP2H00011A; 6389 extracted rows
[2026-09-05 06:13:30] Restarting stock browser before SKU PPXJ10020B at position 241
[2026-09-05 06:13:56] Checkpoint 241/697 after PPXJ10020B; 6409 extracted rows
[2026-09-05 06:14:12] Checkpoint 242/697 after PPXJ10021D; 6429 extracted rows
[2026-09-05 06:14:28] Checkpoint 243/697 after PPXJ30025F; 6439 extracted rows
[2026-09-05 06:14:39] Checkpoint 244/697 after PPXD10002A; 6449 extracted rows
[2026-09-05 06:14:54] Checkpoint 245/697 after PPXH10007A; 6476 extracted rows
[2026-09-05 06:15:11] Checkpoint 246/697 after PPXH10021B; 6501 extracted rows
[2026-09-05 06:15:28] Checkpoint 247/697 after PP2H00008A; 6555 extracted rows
[2026-09-05 06:15:46] Checkpoint 248/697 after PPXD10020J; 6615 extracted rows
[2026-09-05 06:16:05] Checkpoint 249/697 after PPXH10066C; 6642 extracted rows
[2026-09-05 06:16:22] Checkpoint 250/697 after PPXJ10002E; 6662 extracted rows
[2026-09-05 06:16:39] Checkpoint 251/697 after PP2J00010C; 6682 extracted rows
[2026-09-05 06:16:55] Checkpoint 252/697 after PPXF10013A; 6692 extracted rows
[2026-09-05 06:17:24] Checkpoint 253/697 after PPXH10017I; 6692 extracted rows
[2026-09-05 06:17:39] Checkpoint 254/697 after PPXF10034A; 6697 extracted rows
[2026-09-05 06:17:55] Checkpoint 255/697 after PP2J00010D; 6717 extracted rows
[2026-09-05 06:18:23] Checkpoint 256/697 after PPXD10019E; 6717 extracted rows
[2026-09-05 06:18:40] Checkpoint 257/697 after PPXJ30047B; 6732 extracted rows
[2026-09-05 06:18:56] Checkpoint 258/697 after PPXJ30063D; 6752 extracted rows
[2026-09-05 06:19:14] Checkpoint 259/697 after PPXD10007G; 6792 extracted rows
[2026-09-05 06:19:30] Checkpoint 260/697 after PPXJ30062D; 6812 extracted rows
[2026-09-05 06:19:54] Checkpoint 261/697 after PPXD10029B; 6812 extracted rows
[2026-09-05 06:20:13] Checkpoint 262/697 after PPXH10034D; 6848 extracted rows
[2026-09-05 06:20:28] Checkpoint 263/697 after PPXJ30003A; 6873 extracted rows
[2026-09-05 06:20:45] Checkpoint 264/697 after PPXD10023E; 6898 extracted rows
[2026-09-05 06:21:01] Checkpoint 265/697 after PP2H00017B; 6916 extracted rows
[2026-09-05 06:21:16] Checkpoint 266/697 after PPXH30010A; 6925 extracted rows
[2026-09-05 06:21:32] Checkpoint 267/697 after PP2H00011C; 6952 extracted rows
[2026-09-05 06:21:48] Checkpoint 268/697 after PP2J00001B; 6972 extracted rows
[2026-09-05 06:22:03] Checkpoint 269/697 after PPXF30006B; 6992 extracted rows
[2026-09-05 06:22:21] Checkpoint 270/697 after PPXH30020F; 7046 extracted rows
[2026-09-05 06:22:47] Checkpoint 271/697 after PPXJ30029D; 7046 extracted rows
[2026-09-05 06:23:02] Checkpoint 272/697 after PPXH10023C; 7082 extracted rows
[2026-09-05 06:24:00] Checkpoint 273/697 after PP0H0A028; 7082 extracted rows
[2026-09-05 06:24:16] Checkpoint 274/697 after PPXD10019O; 7147 extracted rows
[2026-09-05 06:24:30] Checkpoint 275/697 after PPXD10020K; 7207 extracted rows
[2026-09-05 06:24:48] Checkpoint 276/697 after PP2J00008D; 7227 extracted rows
[2026-09-05 06:25:08] Checkpoint 277/697 after PPXJ30026G; 7252 extracted rows
[2026-09-05 06:25:29] Checkpoint 278/697 after PPXJ30030D; 7277 extracted rows
[2026-09-05 06:25:52] Checkpoint 279/697 after PPXH30006B; 7304 extracted rows
[2026-09-05 06:26:17] Checkpoint 280/697 after PPXJ30008E; 7329 extracted rows
[2026-09-05 06:26:39] Checkpoint 281/697 after PPXH10059A; 7334 extracted rows
[2026-09-05 06:26:57] Checkpoint 282/697 after PPXJ30058D; 7379 extracted rows
[2026-09-05 06:27:18] Checkpoint 283/697 after PP2HC0006; 7388 extracted rows
[2026-09-05 06:27:36] Checkpoint 284/697 after PPXH30030C; 7406 extracted rows
[2026-09-05 06:28:07] Checkpoint 285/697 after PPXJ10002C; 7406 extracted rows
[2026-09-05 06:28:41] Checkpoint 286/697 after PPXH10004A; 7406 extracted rows
[2026-09-05 06:29:02] Checkpoint 287/697 after PPXJ10021B; 7426 extracted rows
[2026-09-05 06:29:21] Checkpoint 288/697 after PPXH10039B; 7444 extracted rows
[2026-09-05 06:29:39] Checkpoint 289/697 after PPXF10001I; 7469 extracted rows
[2026-09-05 06:29:56] Checkpoint 290/697 after PP2J00010A; 7489 extracted rows
[2026-09-05 06:30:21] Checkpoint 291/697 after PPXJ10017B; 7499 extracted rows
[2026-09-05 06:30:36] Checkpoint 292/697 after PPXH30009B; 7571 extracted rows
[2026-09-05 06:30:52] Checkpoint 293/697 after PPXF10002A; 7576 extracted rows
[2026-09-05 06:31:07] Checkpoint 294/697 after PPXH10032C; 7657 extracted rows
[2026-09-05 06:31:31] Checkpoint 295/697 after PPXH10031B; 7702 extracted rows
[2026-09-05 06:31:50] Checkpoint 296/697 after PP2H00018A; 7720 extracted rows
[2026-09-05 06:32:08] Checkpoint 297/697 after PPXH10042B; 7738 extracted rows
[2026-09-05 06:32:26] Checkpoint 298/697 after PPXH30006A; 7765 extracted rows
[2026-09-05 06:32:39] Checkpoint 299/697 after PP2J00013C; 7785 extracted rows
[2026-09-05 06:32:51] Checkpoint 300/697 after PPXH30001A; 7794 extracted rows
[2026-09-05 06:32:51] Restarting stock browser before SKU PP0H0A036 at position 301
[2026-09-05 06:33:58] Checkpoint 301/697 after PP0H0A036; 7794 extracted rows
[2026-09-05 06:34:15] Checkpoint 302/697 after PPXJ30035A; 7804 extracted rows
[2026-09-05 06:34:33] Checkpoint 303/697 after PP2J00008A; 7824 extracted rows
[2026-09-05 06:34:51] Checkpoint 304/697 after PPXJ30012A; 7849 extracted rows
[2026-09-05 06:35:11] Checkpoint 305/697 after PPXJ30012D; 7874 extracted rows
[2026-09-05 06:35:31] Checkpoint 306/697 after PPXJ30046A; 7894 extracted rows
[2026-09-05 06:35:49] Checkpoint 307/697 after PP2H00020A; 7903 extracted rows
[2026-09-05 06:36:07] Checkpoint 308/697 after PPXF30011A; 7943 extracted rows
[2026-09-05 06:36:26] Checkpoint 309/697 after PPXH10010F; 7988 extracted rows
[2026-09-05 06:36:42] Checkpoint 310/697 after PPXH10030B; 8006 extracted rows
[2026-09-05 06:36:59] Checkpoint 311/697 after PPXJ30046D; 8026 extracted rows
[2026-09-05 06:37:18] Checkpoint 312/697 after PPXD10023B; 8051 extracted rows
[2026-09-05 06:37:36] Checkpoint 313/697 after PPXJ30007F; 8061 extracted rows
[2026-09-05 06:37:53] Checkpoint 314/697 after PPXH10032O; 8142 extracted rows
[2026-09-05 06:38:11] Checkpoint 315/697 after PPXJ30063E; 8162 extracted rows
[2026-09-05 06:38:30] Checkpoint 316/697 after PPXJ30011E; 8182 extracted rows
[2026-09-05 06:38:42] Checkpoint 317/697 after PP2J00013A; 8202 extracted rows
[2026-09-05 06:38:59] Checkpoint 318/697 after PPXH10012A; 8211 extracted rows
[2026-09-05 06:39:19] Checkpoint 319/697 after PPXH10064B; 8220 extracted rows
[2026-09-05 06:39:38] Checkpoint 320/697 after PPXD10019M; 8285 extracted rows
[2026-09-05 06:39:52] Checkpoint 321/697 after PPXD10030A; 8315 extracted rows
[2026-09-05 06:40:14] Checkpoint 322/697 after PPXJ30040C; 8320 extracted rows
[2026-09-05 06:40:36] Checkpoint 323/697 after PPXH30022A; 8374 extracted rows
[2026-09-05 06:40:56] Checkpoint 324/697 after PPXD10019T; 8439 extracted rows
[2026-09-05 06:41:17] Checkpoint 325/697 after PPXJ30002A; 8464 extracted rows
[2026-09-05 06:41:35] Checkpoint 326/697 after PPXJ30012F; 8489 extracted rows
[2026-09-05 06:41:52] Checkpoint 327/697 after PPXH30009H; 8561 extracted rows
[2026-09-05 06:42:10] Checkpoint 328/697 after PP2H00018B; 8579 extracted rows
[2026-09-05 06:42:30] Checkpoint 329/697 after PPXH10019A; 8606 extracted rows
[2026-09-05 06:42:47] Checkpoint 330/697 after PPXD10012E; 8611 extracted rows
[2026-09-05 06:42:58] Checkpoint 331/697 after PPXH30002A; 8620 extracted rows
[2026-09-05 06:43:16] Checkpoint 332/697 after PPXD10020O; 8680 extracted rows
[2026-09-05 06:43:46] Checkpoint 333/697 after PPXD10021B; 8680 extracted rows
[2026-09-05 06:44:06] Checkpoint 334/697 after PPXD10020A; 8740 extracted rows
[2026-09-05 06:44:24] Checkpoint 335/697 after PPXH10002B; 8749 extracted rows
[2026-09-05 06:44:40] Checkpoint 336/697 after PPXJ10006A; 8774 extracted rows
[2026-09-05 06:44:55] Checkpoint 337/697 after PPXJ30016A; 8784 extracted rows
[2026-09-05 06:45:13] Checkpoint 338/697 after PPXD10008B; 8789 extracted rows
[2026-09-05 06:45:38] Checkpoint 339/697 after PPXJ10001B; 8789 extracted rows
[2026-09-05 06:45:49] Checkpoint 340/697 after PPXD10007E; 8829 extracted rows
[2026-09-05 06:46:18] Checkpoint 341/697 after PP2J00005C; 8829 extracted rows
[2026-09-05 06:46:33] Checkpoint 342/697 after PP2HC0038; 8838 extracted rows
[2026-09-05 06:46:47] Checkpoint 343/697 after PPXJ30027D; 8873 extracted rows
[2026-09-05 06:47:02] Checkpoint 344/697 after PPXJ30009F; 8883 extracted rows
[2026-09-05 06:47:19] Checkpoint 345/697 after PPXJ30060C; 8898 extracted rows
[2026-09-05 06:47:36] Checkpoint 346/697 after PPXH10035A; 8925 extracted rows
[2026-09-05 06:48:01] Checkpoint 347/697 after PPXH10002A; 8925 extracted rows
[2026-09-05 06:48:20] Checkpoint 348/697 after PPXD10016C; 8955 extracted rows
[2026-09-05 06:48:36] Checkpoint 349/697 after PPXD10009D; 8970 extracted rows
[2026-09-05 06:48:52] Checkpoint 350/697 after PPXH30039B; 8988 extracted rows
[2026-09-05 06:49:10] Checkpoint 351/697 after PPXH30067C; 9008 extracted rows
[2026-09-05 06:49:25] Checkpoint 352/697 after PPXF10035A; 9018 extracted rows
[2026-09-05 06:49:40] Checkpoint 353/697 after PP2HC10009; 9027 extracted rows
[2026-09-05 06:49:55] Checkpoint 354/697 after PPXJ30064A; 9032 extracted rows
[2026-09-05 06:50:17] Checkpoint 355/697 after PPXJ30020B; 9047 extracted rows
[2026-09-05 06:50:38] Checkpoint 356/697 after PPXH10034C; 9083 extracted rows
[2026-09-05 06:50:58] Checkpoint 357/697 after PPXJ30013C; 9103 extracted rows
[2026-09-05 06:51:16] Checkpoint 358/697 after PPXJ30047F; 9118 extracted rows
[2026-09-05 06:51:35] Checkpoint 359/697 after PPXJ30026A; 9143 extracted rows
[2026-09-05 06:51:54] Checkpoint 360/697 after PPXJ30010E; 9168 extracted rows
[2026-09-05 06:51:54] Restarting stock browser before SKU PPXF10035B at position 361
[2026-09-05 06:52:20] Checkpoint 361/697 after PPXF10035B; 9178 extracted rows
[2026-09-05 06:52:37] Checkpoint 362/697 after PPXH10011B; 9196 extracted rows
[2026-09-05 06:52:54] Checkpoint 363/697 after PPXJ10008E; 9231 extracted rows
[2026-09-05 06:53:22] Checkpoint 364/697 after PPXD10028A; 9231 extracted rows
[2026-09-05 06:53:39] Checkpoint 365/697 after PPXJ10020A; 9251 extracted rows
[2026-09-05 06:53:55] Checkpoint 366/697 after PPXJ10008A; 9286 extracted rows
[2026-09-05 06:54:11] Checkpoint 367/697 after PP0H0A015; 9295 extracted rows
[2026-09-05 06:54:26] Checkpoint 368/697 after PPXH30014C; 9322 extracted rows
[2026-09-05 06:54:42] Checkpoint 369/697 after PP2HC10014; 9367 extracted rows
[2026-09-05 06:54:57] Checkpoint 370/697 after PPXD10023A; 9392 extracted rows
[2026-09-05 06:55:25] Checkpoint 371/697 after PPXH30020G; 9392 extracted rows
[2026-09-05 06:55:41] Checkpoint 372/697 after PPXH30009C; 9464 extracted rows
[2026-09-05 06:55:59] Checkpoint 373/697 after PP2H00008C; 9518 extracted rows
[2026-09-05 06:56:18] Checkpoint 374/697 after PPXH30054C; 9554 extracted rows
[2026-09-05 06:56:33] Checkpoint 375/697 after PPXD10029D; 9569 extracted rows
[2026-09-05 06:56:56] Checkpoint 376/697 after PPXD10012B; 9569 extracted rows
[2026-09-05 06:57:12] Checkpoint 377/697 after PPXJ30063A; 9589 extracted rows
[2026-09-05 06:57:28] Checkpoint 378/697 after PPXJ10020D; 9609 extracted rows
[2026-09-05 06:57:44] Checkpoint 379/697 after PPXJ30045A; 9614 extracted rows
[2026-09-05 06:58:00] Checkpoint 380/697 after PPXJ30006B; 9629 extracted rows
[2026-09-05 06:58:21] Checkpoint 381/697 after PPXJ30028J; 9659 extracted rows
[2026-09-05 06:58:36] Checkpoint 382/697 after PPXF10032A; 9674 extracted rows
[2026-09-05 06:58:51] Checkpoint 383/697 after PPXJ30060E; 9689 extracted rows
[2026-09-05 06:59:06] Checkpoint 384/697 after PPXJ30046C; 9709 extracted rows
[2026-09-05 06:59:21] Checkpoint 385/697 after PPXJ30052C; 9729 extracted rows
[2026-09-05 06:59:36] Checkpoint 386/697 after PP2H00001D; 9765 extracted rows
[2026-09-05 06:59:50] Checkpoint 387/697 after PPXH30007B; 9810 extracted rows
[2026-09-05 07:00:02] Checkpoint 388/697 after PPXJ10021C; 9830 extracted rows
[2026-09-05 07:00:23] Checkpoint 389/697 after PPXD10006D; 9845 extracted rows
[2026-09-05 07:00:41] Checkpoint 390/697 after PPXH10058A; 9855 extracted rows
[2026-09-05 07:01:02] Checkpoint 391/697 after PPXH30022D; 9909 extracted rows
[2026-09-05 07:01:21] Checkpoint 392/697 after PPXF10004B; 9914 extracted rows
[2026-09-05 07:01:37] Checkpoint 393/697 after PPXJ30018H; 9949 extracted rows
[2026-09-05 07:01:53] Checkpoint 394/697 after PPXH30007D; 9994 extracted rows
[2026-09-05 07:02:12] Checkpoint 395/697 after PPXH10017M; 10102 extracted rows
[2026-09-05 07:02:30] Checkpoint 396/697 after PPXJ30001D; 10127 extracted rows
[2026-09-05 07:02:46] Checkpoint 397/697 after PPXD10017C; 10142 extracted rows
[2026-09-05 07:03:02] Checkpoint 398/697 after PPXJ30029G; 10172 extracted rows
[2026-09-05 07:03:19] Checkpoint 399/697 after PPXJ10013D; 10182 extracted rows
[2026-09-05 07:03:36] Checkpoint 400/697 after PPXD10020R; 10242 extracted rows
[2026-09-05 07:04:08] Checkpoint 401/697 after PPXD10010B; 10242 extracted rows
[2026-09-05 07:04:24] Checkpoint 402/697 after PPXD10028F; 10252 extracted rows
[2026-09-05 07:04:39] Checkpoint 403/697 after PPXH10032D; 10333 extracted rows
[2026-09-05 07:04:55] Checkpoint 404/697 after PPXJ30010F; 10358 extracted rows
[2026-09-05 07:05:11] Checkpoint 405/697 after PPXD10016F; 10388 extracted rows
[2026-09-05 07:05:26] Checkpoint 406/697 after PPXH30024D; 10433 extracted rows
[2026-09-05 07:05:42] Checkpoint 407/697 after PPXH10066B; 10460 extracted rows
[2026-09-05 07:05:57] Checkpoint 408/697 after PPXH10001A; 10469 extracted rows
[2026-09-05 07:06:13] Checkpoint 409/697 after PPXJ10003E; 10499 extracted rows
[2026-09-05 07:06:29] Checkpoint 410/697 after PPXJ30006A; 10514 extracted rows
[2026-09-05 07:06:40] Checkpoint 411/697 after PPXH10018A; 10550 extracted rows
[2026-09-05 07:06:55] Checkpoint 412/697 after PPXD10019R; 10615 extracted rows
[2026-09-05 07:07:13] Checkpoint 413/697 after PPXH10031A; 10660 extracted rows
[2026-09-05 07:07:28] Checkpoint 414/697 after PPXF10011B; 10675 extracted rows
[2026-09-05 07:07:41] Checkpoint 415/697 after PP2J00001D; 10695 extracted rows
[2026-09-05 07:07:57] Checkpoint 416/697 after PPXJ30006D; 10710 extracted rows
[2026-09-05 07:08:11] Checkpoint 417/697 after PP2HC0014; 10730 extracted rows
[2026-09-05 07:08:25] Checkpoint 418/697 after PPXH10037B; 10757 extracted rows
[2026-09-05 07:08:40] Checkpoint 419/697 after PPXD10007B; 10797 extracted rows
[2026-09-05 07:08:57] Checkpoint 420/697 after PPXJ30012C; 10822 extracted rows
[2026-09-05 07:08:57] Restarting stock browser before SKU PPXJ30010C at position 421
[2026-09-05 07:09:22] Checkpoint 421/697 after PPXJ30010C; 10847 extracted rows
[2026-09-05 07:09:53] Checkpoint 422/697 after PPXF30050B; 10847 extracted rows
[2026-09-05 07:10:09] Checkpoint 423/697 after PPXJ30010A; 10872 extracted rows
[2026-09-05 07:10:27] Checkpoint 424/697 after PPXJ30028E; 10902 extracted rows
[2026-09-05 07:10:44] Checkpoint 425/697 after PPXH10021D; 10927 extracted rows
[2026-09-05 07:10:59] Checkpoint 426/697 after PP2J00009D; 10947 extracted rows
[2026-09-05 07:11:14] Checkpoint 427/697 after PPXJ10008C; 10982 extracted rows
[2026-09-05 07:11:31] Checkpoint 428/697 after PP2HC10013; 11027 extracted rows
[2026-09-05 07:11:46] Checkpoint 429/697 after PPXJ30003E; 11052 extracted rows
[2026-09-05 07:12:01] Checkpoint 430/697 after PPXF10013B; 11062 extracted rows
[2026-09-05 07:12:17] Checkpoint 431/697 after PPXH30021G; 11116 extracted rows
[2026-09-05 07:12:28] Checkpoint 432/697 after PPXH30027A; 11134 extracted rows
[2026-09-05 07:12:37] Checkpoint 433/697 after PPXH30008A; 11143 extracted rows
[2026-09-05 07:12:52] Checkpoint 434/697 after PPXH30057C; 11170 extracted rows
[2026-09-05 07:13:06] Checkpoint 435/697 after PPXJ30025C; 11180 extracted rows
[2026-09-05 07:13:21] Checkpoint 436/697 after PPXJ10004A; 11195 extracted rows
[2026-09-05 07:13:36] Checkpoint 437/697 after PPXD10023D; 11220 extracted rows
[2026-09-05 07:13:51] Checkpoint 438/697 after PPXH30039C; 11238 extracted rows
[2026-09-05 07:14:05] Checkpoint 439/697 after PPXH30023A; 11256 extracted rows
[2026-09-05 07:14:20] Checkpoint 440/697 after PP2HC10006; 11310 extracted rows
[2026-09-05 07:14:35] Checkpoint 441/697 after PPXD10006C; 11325 extracted rows
[2026-09-05 07:15:02] Checkpoint 442/697 after PPXH10052A; 11325 extracted rows
[2026-09-05 07:15:21] Checkpoint 443/697 after PPXJ30027C; 11360 extracted rows
[2026-09-05 07:15:38] Checkpoint 444/697 after PPXJ30037E; 11365 extracted rows
[2026-09-05 07:15:54] Checkpoint 445/697 after PPXH10017N; 11473 extracted rows
[2026-09-05 07:16:24] Checkpoint 446/697 after PP2H00006A; 11473 extracted rows
[2026-09-05 07:16:39] Checkpoint 447/697 after PPXJ30011A; 11493 extracted rows
[2026-09-05 07:16:54] Checkpoint 448/697 after PPXJ30057E; 11523 extracted rows
[2026-09-05 07:17:05] Checkpoint 449/697 after PPXH30057B; 11550 extracted rows
[2026-09-05 07:17:59] Checkpoint 450/697 after PP2J00012A; 11550 extracted rows
[2026-09-05 07:18:16] Checkpoint 451/697 after PPXJ30011C; 11570 extracted rows
[2026-09-05 07:19:14] Checkpoint 452/697 after PP0H0A025; 11570 extracted rows
[2026-09-05 07:19:29] Checkpoint 453/697 after PPXH30005C; 11597 extracted rows
[2026-09-05 07:19:45] Checkpoint 454/697 after PPXF30007C; 11607 extracted rows
[2026-09-05 07:19:55] Checkpoint 455/697 after PPXJ30063C; 11627 extracted rows
[2026-09-05 07:20:15] Checkpoint 456/697 after PPXJ10003B; 11657 extracted rows
[2026-09-05 07:20:34] Checkpoint 457/697 after PPXH30037D; 11693 extracted rows
[2026-09-05 07:20:51] Checkpoint 458/697 after PPXH30009D; 11765 extracted rows
[2026-09-05 07:21:09] Checkpoint 459/697 after PPXH10033G; 11801 extracted rows
[2026-09-05 07:21:24] Checkpoint 460/697 after PPXH30062A; 11811 extracted rows
[2026-09-05 07:21:39] Checkpoint 461/697 after PPXH10029A; 11820 extracted rows
[2026-09-05 07:21:57] Checkpoint 462/697 after PPXJ30011F; 11840 extracted rows
[2026-09-05 07:22:23] Checkpoint 463/697 after PPXH10066A; 11840 extracted rows
[2026-09-05 07:22:38] Checkpoint 464/697 after PPXH30054B; 11876 extracted rows
[2026-09-05 07:22:54] Checkpoint 465/697 after PPXH10072B; 11885 extracted rows
[2026-09-05 07:23:09] Checkpoint 466/697 after PPXJ30009D; 11895 extracted rows
[2026-09-05 07:23:27] Checkpoint 467/697 after PPXH30009E; 11967 extracted rows
[2026-09-05 07:23:40] Checkpoint 468/697 after PPXH10017B; 12075 extracted rows
[2026-09-05 07:23:56] Checkpoint 469/697 after PPXH30042A; 12084 extracted rows
[2026-09-05 07:24:24] Checkpoint 470/697 after PPXD10012F; 12084 extracted rows
[2026-09-05 07:24:40] Checkpoint 471/697 after PPXH30067B; 12104 extracted rows
[2026-09-05 07:24:55] Checkpoint 472/697 after PP2D00001A; 12124 extracted rows
[2026-09-05 07:25:18] Checkpoint 473/697 after PP2H00005C; 12169 extracted rows
[2026-09-05 07:25:52] Checkpoint 474/697 after PPXD10014B; 12169 extracted rows
[2026-09-05 07:26:15] Checkpoint 475/697 after PPXJ30052B; 12189 extracted rows
[2026-09-05 07:26:28] Checkpoint 476/697 after PPXD10003C; 12214 extracted rows
[2026-09-05 07:26:57] Checkpoint 477/697 after PP2H00002A; 12214 extracted rows
[2026-09-05 07:27:17] Checkpoint 478/697 after PPXJ30029A; 12244 extracted rows
[2026-09-05 07:27:31] Checkpoint 479/697 after PPXH30020B; 12298 extracted rows
[2026-09-05 07:28:01] Checkpoint 480/697 after PPXJ30028G; 12298 extracted rows
[2026-09-05 07:28:01] Restarting stock browser before SKU PPXD10007D at position 481
[2026-09-05 07:28:29] Checkpoint 481/697 after PPXD10007D; 12338 extracted rows
[2026-09-05 07:28:47] Checkpoint 482/697 after PPXH10033F; 12374 extracted rows
[2026-09-05 07:29:06] Checkpoint 483/697 after PPXH10018D; 12410 extracted rows
[2026-09-05 07:29:22] Checkpoint 484/697 after PPXH30007E; 12455 extracted rows
[2026-09-05 07:29:38] Checkpoint 485/697 after PPXF30013B; 12465 extracted rows
[2026-09-05 07:29:54] Checkpoint 486/697 after PPXH10032E; 12546 extracted rows
[2026-09-05 07:30:14] Checkpoint 487/697 after PPXF30020C; 12556 extracted rows
[2026-09-05 07:30:28] Checkpoint 488/697 after PPXH30038A; 12565 extracted rows
[2026-09-05 07:30:44] Checkpoint 489/697 after PPXJ30013E; 12585 extracted rows
[2026-09-05 07:31:01] Checkpoint 490/697 after PPXJ30057F; 12615 extracted rows
[2026-09-05 07:31:14] Checkpoint 491/697 after PPXD10003E; 12640 extracted rows
[2026-09-05 07:31:30] Checkpoint 492/697 after PPXJ30018F; 12675 extracted rows
[2026-09-05 07:31:42] Checkpoint 493/697 after PP2H00019A; 12684 extracted rows
[2026-09-05 07:31:58] Checkpoint 494/697 after PPXH10014A; 12693 extracted rows
[2026-09-05 07:32:15] Checkpoint 495/697 after PPXH10066D; 12720 extracted rows
[2026-09-05 07:32:28] Checkpoint 496/697 after PPXJ30018E; 12755 extracted rows
[2026-09-05 07:32:47] Checkpoint 497/697 after PPXH10039A; 12773 extracted rows
[2026-09-05 07:33:12] Checkpoint 498/697 after PPXD10005A; 12773 extracted rows
[2026-09-05 07:33:29] Checkpoint 499/697 after PPXJ30002D; 12798 extracted rows
[2026-09-05 07:33:46] Checkpoint 500/697 after PPXH10019B; 12825 extracted rows
[2026-09-05 07:34:01] Checkpoint 501/697 after PPXD10006A; 12840 extracted rows
[2026-09-05 07:34:17] Checkpoint 502/697 after PPXD10033C; 12865 extracted rows
[2026-09-05 07:34:32] Checkpoint 503/697 after PPXJ10014A; 12875 extracted rows
[2026-09-05 07:34:45] Checkpoint 504/697 after PPXD10007F; 12915 extracted rows
[2026-09-05 07:35:00] Checkpoint 505/697 after PPXH30065A; 12925 extracted rows
[2026-09-05 07:35:16] Checkpoint 506/697 after PPXJ30041E; 12955 extracted rows
[2026-09-05 07:35:34] Checkpoint 507/697 after PPXJ30035B; 12965 extracted rows
[2026-09-05 07:35:49] Checkpoint 508/697 after PPXH30022B; 13019 extracted rows
[2026-09-05 07:36:06] Checkpoint 509/697 after PP2H00013A; 13037 extracted rows
[2026-09-05 07:36:33] Checkpoint 510/697 after PPXF10001A; 13037 extracted rows
[2026-09-05 07:36:55] Checkpoint 511/697 after PPXH10037E; 13064 extracted rows
[2026-09-05 07:37:13] Checkpoint 512/697 after PPXH30009I; 13136 extracted rows
[2026-09-05 07:37:32] Checkpoint 513/697 after PPXF30011J; 13176 extracted rows
[2026-09-05 07:37:50] Checkpoint 514/697 after PPXH10010E; 13221 extracted rows
[2026-09-05 07:38:06] Checkpoint 515/697 after PPXF30025A; 13226 extracted rows
[2026-09-05 07:38:22] Checkpoint 516/697 after PPXJ30013A; 13246 extracted rows
[2026-09-05 07:38:38] Checkpoint 517/697 after PPXJ30062A; 13266 extracted rows
[2026-09-05 07:38:56] Checkpoint 518/697 after PPXJ10003A; 13296 extracted rows
[2026-09-05 07:39:14] Checkpoint 519/697 after PPXJ30029B; 13326 extracted rows
[2026-09-05 07:39:31] Checkpoint 520/697 after PPXJ10001A; 13341 extracted rows
[2026-09-05 07:40:31] Checkpoint 521/697 after PP0H0A004; 13341 extracted rows
[2026-09-05 07:41:01] Checkpoint 522/697 after PPXF30050A; 13341 extracted rows
[2026-09-05 07:41:18] Checkpoint 523/697 after PPXH10036A; 13356 extracted rows
[2026-09-05 07:41:37] Checkpoint 524/697 after PPXF30007B; 13366 extracted rows
[2026-09-05 07:41:54] Checkpoint 525/697 after PPXD10002B; 13376 extracted rows
[2026-09-05 07:42:11] Checkpoint 526/697 after PPXJ30016B; 13386 extracted rows
[2026-09-05 07:42:29] Checkpoint 527/697 after PPXD10009C; 13401 extracted rows
[2026-09-05 07:42:46] Checkpoint 528/697 after PPXD10021E; 13416 extracted rows
[2026-09-05 07:43:05] Checkpoint 529/697 after PPXJ30018A; 13451 extracted rows
[2026-09-05 07:43:28] Checkpoint 530/697 after PPXJ30058G; 13496 extracted rows
[2026-09-05 07:43:41] Checkpoint 531/697 after PPXH10075A; 13501 extracted rows
[2026-09-05 07:43:53] Checkpoint 532/697 after PPXH10030A; 13519 extracted rows
[2026-09-05 07:44:06] Checkpoint 533/697 after PPXF30020A; 13529 extracted rows
[2026-09-05 07:44:19] Checkpoint 534/697 after PPXH30009G; 13601 extracted rows
[2026-09-05 07:44:41] Checkpoint 535/697 after PPXF10016B; 13611 extracted rows
[2026-09-05 07:44:58] Checkpoint 536/697 after PP2D00001D; 13631 extracted rows
[2026-09-05 07:45:13] Checkpoint 537/697 after PPXD10020C; 13691 extracted rows
[2026-09-05 07:45:35] Checkpoint 538/697 after PPXH30021D; 13745 extracted rows
[2026-09-05 07:46:04] Checkpoint 539/697 after PPXD10020G; 13745 extracted rows
[2026-09-05 07:46:22] Checkpoint 540/697 after PPXD10021C; 13760 extracted rows
[2026-09-05 07:46:22] Restarting stock browser before SKU PPXH30024C at position 541
[2026-09-05 07:46:54] Stock browser login attempt 1/4 failed: Could not locate Profuomo login form fields
[2026-09-05 07:48:17] Checkpoint 541/697 after PPXH30024C; 13805 extracted rows
[2026-09-05 07:48:35] Checkpoint 542/697 after PPXD10020L; 13865 extracted rows
[2026-09-05 07:48:53] Checkpoint 543/697 after PPXJ30018C; 13900 extracted rows
[2026-09-05 07:49:11] Checkpoint 544/697 after PPXF10025A; 13905 extracted rows
[2026-09-05 07:49:25] Checkpoint 545/697 after PPXH10023D; 13941 extracted rows
[2026-09-05 07:49:39] Checkpoint 546/697 after PPXF10001J; 13966 extracted rows
[2026-09-05 07:49:54] Checkpoint 547/697 after PPXJ30058E; 14011 extracted rows
[2026-09-05 07:50:16] Checkpoint 548/697 after PPXJ30029F; 14041 extracted rows
[2026-09-05 07:50:33] Checkpoint 549/697 after PPXH30061A; 14051 extracted rows
[2026-09-05 07:50:51] Checkpoint 550/697 after PPXH30021F; 14105 extracted rows
[2026-09-05 07:51:06] Checkpoint 551/697 after PP2H00008B; 14159 extracted rows
[2026-09-05 07:52:07] Checkpoint 552/697 after PPXD10007A; 14159 extracted rows
[2026-09-05 07:52:22] Checkpoint 553/697 after PP2H00023A; 14168 extracted rows
[2026-09-05 07:52:35] Checkpoint 554/697 after PP2J00009B; 14188 extracted rows
[2026-09-05 07:52:50] Checkpoint 555/697 after PPXJ10005G; 14213 extracted rows
[2026-09-05 07:53:02] Checkpoint 556/697 after PPXH30024G; 14258 extracted rows
[2026-09-05 07:53:18] Checkpoint 557/697 after PP2J00009A; 14278 extracted rows
[2026-09-05 07:53:37] Checkpoint 558/697 after PPXD10028C; 14288 extracted rows
[2026-09-05 07:53:51] Checkpoint 559/697 after PPXH10005B; 14315 extracted rows
[2026-09-05 07:54:06] Checkpoint 560/697 after PPXD10022A; 14325 extracted rows
[2026-09-05 07:54:21] Checkpoint 561/697 after PPXJ10003F; 14355 extracted rows
[2026-09-05 07:54:32] Checkpoint 562/697 after PPXJ10006F; 14380 extracted rows
[2026-09-05 07:54:45] Checkpoint 563/697 after PPXJ30002E; 14405 extracted rows
[2026-09-05 07:55:01] Checkpoint 564/697 after PPXH10035C; 14432 extracted rows
[2026-09-05 07:55:19] Checkpoint 565/697 after PPXF30035A; 14437 extracted rows
[2026-09-05 07:55:35] Checkpoint 566/697 after PPXH30037F; 14473 extracted rows
[2026-09-05 07:55:46] Checkpoint 567/697 after PPXD10003A; 14498 extracted rows
[2026-09-05 07:56:03] Checkpoint 568/697 after PPXJ30058I; 14543 extracted rows
[2026-09-05 07:56:21] Checkpoint 569/697 after PP2J00007B; 14558 extracted rows
[2026-09-05 07:56:48] Checkpoint 570/697 after PPXJ30024E; 14558 extracted rows
[2026-09-05 07:57:04] Checkpoint 571/697 after PPXH10036B; 14573 extracted rows
[2026-09-05 07:57:22] Checkpoint 572/697 after PPXJ10008G; 14608 extracted rows
[2026-09-05 07:57:40] Checkpoint 573/697 after PPXH10038B; 14626 extracted rows
[2026-09-05 07:57:51] Checkpoint 574/697 after PPXJ10009E; 14646 extracted rows
[2026-09-05 07:58:07] Checkpoint 575/697 after PPXJ10017A; 14656 extracted rows
[2026-09-05 07:58:23] Checkpoint 576/697 after PPXJ10009A; 14676 extracted rows
[2026-09-05 07:58:51] Checkpoint 577/697 after PPXJ30060A; 14676 extracted rows
[2026-09-05 07:59:07] Checkpoint 578/697 after PPXJ10001C; 14691 extracted rows
[2026-09-05 07:59:22] Checkpoint 579/697 after PPXJ10004D; 14706 extracted rows
[2026-09-05 07:59:37] Checkpoint 580/697 after PPXH30020C; 14760 extracted rows
[2026-09-05 07:59:48] Checkpoint 581/697 after PP2HC0039; 14778 extracted rows
[2026-09-05 08:00:04] Checkpoint 582/697 after PPXH30007A; 14823 extracted rows
[2026-09-05 08:00:35] Checkpoint 583/697 after PPXD10002C; 14823 extracted rows
[2026-09-05 08:00:53] Checkpoint 584/697 after PPXH10018B; 14859 extracted rows
[2026-09-05 08:01:11] Checkpoint 585/697 after PPXJ30052D; 14879 extracted rows
[2026-09-05 08:01:28] Checkpoint 586/697 after PPXJ30052A; 14899 extracted rows
[2026-09-05 08:01:44] Checkpoint 587/697 after PPXD10011D; 14919 extracted rows
[2026-09-05 08:01:59] Checkpoint 588/697 after PPXJ10008D; 14954 extracted rows
[2026-09-05 08:02:16] Checkpoint 589/697 after PP2H00021A; 14962 extracted rows
[2026-09-05 08:02:32] Checkpoint 590/697 after PP2H00010E; 15007 extracted rows
[2026-09-05 08:02:42] Checkpoint 591/697 after PP2H00022A; 15016 extracted rows
[2026-09-05 08:02:56] Checkpoint 592/697 after PPXJ30028I; 15046 extracted rows
[2026-09-05 08:03:13] Checkpoint 593/697 after PPXH10070A; 15055 extracted rows
[2026-09-05 08:03:28] Checkpoint 594/697 after PPXJ30001E; 15080 extracted rows
[2026-09-05 08:03:42] Checkpoint 595/697 after PPXH30023B; 15098 extracted rows
[2026-09-05 08:03:58] Checkpoint 596/697 after PPXH30057D; 15125 extracted rows
[2026-09-05 08:04:11] Checkpoint 597/697 after PPXH10058B; 15135 extracted rows
[2026-09-05 08:04:25] Checkpoint 598/697 after PP2H00017A; 15153 extracted rows
[2026-09-05 08:04:40] Checkpoint 599/697 after PPXH10010C; 15198 extracted rows
[2026-09-05 08:04:55] Checkpoint 600/697 after PP2H00010A; 15243 extracted rows
[2026-09-05 08:04:55] Restarting stock browser before SKU PPXH30005A at position 601
[2026-09-05 08:05:26] Checkpoint 601/697 after PPXH30005A; 15270 extracted rows
[2026-09-05 08:05:43] Checkpoint 602/697 after PP2J00014A; 15290 extracted rows
[2026-09-05 08:05:57] Checkpoint 603/697 after PPXD10032C; 15310 extracted rows
[2026-09-05 08:06:13] Checkpoint 604/697 after PPXF30021C; 15315 extracted rows
[2026-09-05 08:06:27] Checkpoint 605/697 after PPXJ30048E; 15330 extracted rows
[2026-09-05 08:06:42] Checkpoint 606/697 after PP2HC0040; 15348 extracted rows
[2026-09-05 08:06:56] Checkpoint 607/697 after PPXF10027A; 15353 extracted rows
[2026-09-05 08:07:16] Checkpoint 608/697 after PP2H00014A; 15362 extracted rows
[2026-09-05 08:07:31] Checkpoint 609/697 after PPXJ10005E; 15387 extracted rows
[2026-09-05 08:07:47] Checkpoint 610/697 after PP2H00005A; 15432 extracted rows
[2026-09-05 08:08:02] Checkpoint 611/697 after PP2H00008D; 15486 extracted rows
[2026-09-05 08:08:18] Checkpoint 612/697 after PPXH10031D; 15531 extracted rows
[2026-09-05 08:08:45] Checkpoint 613/697 after PPXH30017C; 15531 extracted rows
[2026-09-05 08:09:15] Checkpoint 614/697 after PPXD10001B; 15531 extracted rows
[2026-09-05 08:09:27] Checkpoint 615/697 after PPXH10032A; 15612 extracted rows
[2026-09-05 08:09:42] Checkpoint 616/697 after PPXD10020H; 15672 extracted rows
[2026-09-05 08:09:57] Checkpoint 617/697 after PPXD10033D; 15697 extracted rows
[2026-09-05 08:10:14] Checkpoint 618/697 after PPXD10018A; 15707 extracted rows
[2026-09-05 08:10:25] Checkpoint 619/697 after PPXF10011E; 15722 extracted rows
[2026-09-05 08:10:42] Checkpoint 620/697 after PPXH10041B; 15749 extracted rows
[2026-09-05 08:11:00] Checkpoint 621/697 after PPXJ30027F; 15784 extracted rows
[2026-09-05 08:11:17] Checkpoint 622/697 after PPXJ30028H; 15814 extracted rows
[2026-09-05 08:11:43] Checkpoint 623/697 after PPXF30007D; 15814 extracted rows
[2026-09-05 08:12:02] Checkpoint 624/697 after PPXH30011A; 15823 extracted rows
[2026-09-05 08:12:19] Checkpoint 625/697 after PP2HC0007; 15832 extracted rows
[2026-09-05 08:13:16] Checkpoint 626/697 after PP0H0A005; 15832 extracted rows
[2026-09-05 08:13:32] Checkpoint 627/697 after PPXD10023C; 15857 extracted rows
[2026-09-05 08:13:48] Checkpoint 628/697 after PPXD10033B; 15882 extracted rows
[2026-09-05 08:14:04] Checkpoint 629/697 after PPXH30054D; 15918 extracted rows
[2026-09-05 08:14:22] Checkpoint 630/697 after PPXD10020S; 15978 extracted rows
[2026-09-05 08:14:38] Checkpoint 631/697 after PP2H00001B; 16014 extracted rows
[2026-09-05 08:14:55] Checkpoint 632/697 after PPXH10037D; 16041 extracted rows
[2026-09-05 08:16:03] Checkpoint 633/697 after PP0H0C002; 16041 extracted rows
[2026-09-05 08:16:15] Checkpoint 634/697 after PP2H00001C; 16077 extracted rows
[2026-09-05 08:16:31] Checkpoint 635/697 after PPXH10007C; 16104 extracted rows
[2026-09-05 08:16:58] Checkpoint 636/697 after PP2H00003A; 16104 extracted rows
[2026-09-05 08:17:15] Checkpoint 637/697 after PPXD10021D; 16119 extracted rows
[2026-09-05 08:17:30] Checkpoint 638/697 after PPXD10016A; 16149 extracted rows
[2026-09-05 08:17:44] Checkpoint 639/697 after PPXF30006D; 16169 extracted rows
[2026-09-05 08:17:59] Checkpoint 640/697 after PPXJ30020A; 16184 extracted rows
[2026-09-05 08:18:15] Checkpoint 641/697 after PPXH10031E; 16229 extracted rows
[2026-09-05 08:18:30] Checkpoint 642/697 after PPXF10001G; 16254 extracted rows
[2026-09-05 08:18:45] Checkpoint 643/697 after PPXF30006A; 16274 extracted rows
[2026-09-05 08:18:59] Checkpoint 644/697 after PPXJ30020C; 16289 extracted rows
[2026-09-05 08:19:15] Checkpoint 645/697 after PPXH30021J; 16343 extracted rows
[2026-09-05 08:19:32] Checkpoint 646/697 after PPXH10017A; 16451 extracted rows
[2026-09-05 08:19:48] Checkpoint 647/697 after PPXJ30055B; 16461 extracted rows
[2026-09-05 08:20:02] Checkpoint 648/697 after PPXJ30019E; 16481 extracted rows
[2026-09-05 08:20:21] Checkpoint 649/697 after PPXD10009A; 16496 extracted rows
[2026-09-05 08:20:38] Checkpoint 650/697 after PPXJ30017A; 16501 extracted rows
[2026-09-05 08:21:37] Checkpoint 651/697 after PPXD10005C; 16501 extracted rows
[2026-09-05 08:21:52] Checkpoint 652/697 after PPXJ30028F; 16531 extracted rows
[2026-09-05 08:22:08] Checkpoint 653/697 after PPXF10001B; 16556 extracted rows
[2026-09-05 08:22:19] Checkpoint 654/697 after PPXH30005B; 16583 extracted rows
[2026-09-05 08:22:34] Checkpoint 655/697 after PPXJ30015A; 16593 extracted rows
[2026-09-05 08:22:51] Checkpoint 656/697 after PPXD10020F; 16653 extracted rows
[2026-09-05 08:23:09] Checkpoint 657/697 after PPXH10021C; 16678 extracted rows
[2026-09-05 08:23:25] Checkpoint 658/697 after PPXJ30034B; 16688 extracted rows
[2026-09-05 08:23:45] Checkpoint 659/697 after PP2HC10012; 16733 extracted rows
[2026-09-05 08:24:04] Checkpoint 660/697 after PPXH30024A; 16778 extracted rows
[2026-09-05 08:24:04] Restarting stock browser before SKU PP2J00007A at position 661
[2026-09-05 08:24:30] Checkpoint 661/697 after PP2J00007A; 16793 extracted rows
[2026-09-05 08:24:40] Checkpoint 662/697 after PP2J00013D; 16813 extracted rows
[2026-09-05 08:24:55] Checkpoint 663/697 after PPXJ10004B; 16828 extracted rows
[2026-09-05 08:25:14] Checkpoint 664/697 after PPXH30022C; 16882 extracted rows
[2026-09-05 08:25:31] Checkpoint 665/697 after PPXJ30026E; 16907 extracted rows
[2026-09-05 08:25:48] Checkpoint 666/697 after PPXJ30055C; 16917 extracted rows
[2026-09-05 08:26:04] Checkpoint 667/697 after PPXH30016B; 16944 extracted rows
[2026-09-05 08:26:31] Checkpoint 668/697 after PPXD10010C; 16944 extracted rows
[2026-09-05 08:26:45] Checkpoint 669/697 after PPXJ30036A; 16954 extracted rows
[2026-09-05 08:27:03] Checkpoint 670/697 after PP2H00005B; 16999 extracted rows
[2026-09-05 08:27:22] Checkpoint 671/697 after PPXD10019D; 17064 extracted rows
[2026-09-05 08:27:38] Checkpoint 672/697 after PPXJ10013A; 17074 extracted rows
[2026-09-05 08:27:53] Checkpoint 673/697 after PPXH10055B; 17101 extracted rows
[2026-09-05 08:28:07] Checkpoint 674/697 after PP2J00008B; 17121 extracted rows
[2026-09-05 08:28:21] Checkpoint 675/697 after PPXJ30030G; 17146 extracted rows
[2026-09-05 08:29:15] Checkpoint 676/697 after PP0H0A002; 17146 extracted rows
[2026-09-05 08:29:29] Checkpoint 677/697 after PPXD10029C; 17161 extracted rows
[2026-09-05 08:29:43] Checkpoint 678/697 after PP2H00010D; 17206 extracted rows
[2026-09-05 08:29:58] Checkpoint 679/697 after PPXD10033E; 17231 extracted rows
[2026-09-05 08:30:18] Checkpoint 680/697 after PPXH30013A; 17240 extracted rows
[2026-09-05 08:30:31] Checkpoint 681/697 after PPXH10032B; 17321 extracted rows
[2026-09-05 08:30:49] Checkpoint 682/697 after PPXD10019L; 17386 extracted rows
[2026-09-05 08:31:45] Checkpoint 683/697 after PP0H0C0006; 17386 extracted rows
[2026-09-05 08:32:13] Checkpoint 684/697 after PPXJ30036B; 17386 extracted rows
[2026-09-05 08:32:26] Checkpoint 685/697 after PPXH10036E; 17401 extracted rows
[2026-09-05 08:33:20] Checkpoint 686/697 after PP5N00002B; 17401 extracted rows
[2026-09-05 08:33:36] Checkpoint 687/697 after PPXJ30023A; 17426 extracted rows
[2026-09-05 08:33:51] Checkpoint 688/697 after PPXH30030B; 17444 extracted rows
[2026-09-05 08:34:06] Checkpoint 689/697 after PPXJ30013F; 17464 extracted rows
[2026-09-05 08:34:22] Checkpoint 690/697 after PPXJ30001A; 17489 extracted rows
[2026-09-05 08:34:39] Checkpoint 691/697 after PPXH10010H; 17534 extracted rows
[2026-09-05 08:34:53] Checkpoint 692/697 after PPXH30022E; 17588 extracted rows
[2026-09-05 08:35:09] Checkpoint 693/697 after PPXH10031C; 17633 extracted rows
[2026-09-05 08:35:26] Checkpoint 694/697 after PPXH10023B; 17669 extracted rows
[2026-09-05 08:35:42] Checkpoint 695/697 after PP2H00016A; 17678 extracted rows
[2026-09-05 08:35:56] Checkpoint 696/697 after PPXJ30003D; 17703 extracted rows
[2026-09-05 08:36:11] Checkpoint 697/697 after PPXD10032D; 17723 extracted rows
[2026-09-05 08:36:16] Stock run completed: 697 SKUs, 4893 output rows
[2026-09-05 15:37:51] Stock run started: 697 total, 0 resumed, 697 pending
[2026-09-05 15:38:29] Stock browser login attempt 1/4 failed: Profuomo catalogue opened without a product search field
[2026-09-05 15:39:09] Stock browser login attempt 2/4 failed: Could not locate Profuomo login form fields
[2026-09-05 15:39:48] Stock browser login attempt 3/4 failed: Could not locate Profuomo login form fields
[2026-09-05 15:40:29] Checkpoint 1/697 after PPXD10018B; 10 extracted rows
[2026-09-05 15:41:03] Checkpoint 2/697 after PPXF10016A; 20 extracted rows
[2026-09-05 15:41:39] Checkpoint 3/697 after PPXH10018C; 56 extracted rows
[2026-09-05 15:42:05] Checkpoint 4/697 after PPXD10011C; 76 extracted rows
[2026-09-05 15:42:27] Checkpoint 5/697 after PP2J00014C; 96 extracted rows
[2026-09-05 15:42:59] Checkpoint 6/697 after PPXF10032C; 111 extracted rows
[2026-09-05 15:43:33] Checkpoint 7/697 after PPXD10030D; 141 extracted rows
[2026-09-05 15:44:07] Checkpoint 8/697 after PPXH10042A; 159 extracted rows
[2026-09-05 15:44:38] Checkpoint 9/697 after PPXH10033B; 195 extracted rows
[2026-09-05 15:45:13] Checkpoint 10/697 after PPXH30014A; 222 extracted rows
[2026-09-05 15:45:44] Checkpoint 11/697 after PP2J00010B; 242 extracted rows
[2026-09-05 15:46:11] Checkpoint 12/697 after PPXJ30008D; 267 extracted rows
[2026-09-05 15:46:39] Checkpoint 13/697 after PPXF10012A; 272 extracted rows
[2026-09-05 15:47:06] Checkpoint 14/697 after PPXH10007B; 299 extracted rows
[2026-09-05 15:47:33] Checkpoint 15/697 after PPXJ10005B; 324 extracted rows
[2026-09-05 15:48:00] Checkpoint 16/697 after PP2H00010B; 369 extracted rows
[2026-09-05 15:48:25] Checkpoint 17/697 after PPXH30027B; 387 extracted rows
[2026-09-05 15:49:05] Checkpoint 18/697 after PPXH10010A; 387 extracted rows
[2026-09-05 15:49:21] Checkpoint 19/697 after PPXD10003D; 412 extracted rows
[2026-09-05 15:49:56] Checkpoint 20/697 after PPXJ10009D; 432 extracted rows
[2026-09-05 15:50:37] Checkpoint 21/697 after PPXJ10001E; 447 extracted rows
[2026-09-05 15:51:09] Checkpoint 22/697 after PPXJ30012E; 472 extracted rows
[2026-09-05 15:51:38] Checkpoint 23/697 after PPXH30018A; 481 extracted rows
[2026-09-05 15:51:58] Checkpoint 24/697 after PPXJ30027G; 516 extracted rows
[2026-09-05 15:52:42] Checkpoint 25/697 after PPXJ30022D; 516 extracted rows
[2026-09-05 15:53:10] Checkpoint 26/697 after PP2J00007C; 531 extracted rows
[2026-09-05 15:53:28] Checkpoint 27/697 after PP2H00001A; 567 extracted rows
[2026-09-05 15:53:55] Checkpoint 28/697 after PPXH10022C; 603 extracted rows
[2026-09-05 15:54:23] Checkpoint 29/697 after PPXH10055A; 630 extracted rows
[2026-09-05 15:54:51] Checkpoint 30/697 after PPXJ30029E; 660 extracted rows
[2026-09-05 15:55:20] Checkpoint 31/697 after PPXJ30036C; 670 extracted rows
[2026-09-05 15:55:39] Checkpoint 32/697 after PPXD10003B; 695 extracted rows
[2026-09-05 15:56:07] Checkpoint 33/697 after PPXJ30024D; 710 extracted rows
[2026-09-05 15:56:37] Checkpoint 34/697 after PPXH10035B; 737 extracted rows
[2026-09-05 15:57:03] Checkpoint 35/697 after PPXJ30028A; 767 extracted rows
[2026-09-05 15:57:27] Checkpoint 36/697 after PPXJ30026B; 792 extracted rows
[2026-09-05 15:57:54] Checkpoint 37/697 after PPXH10032M; 873 extracted rows
[2026-09-05 15:58:22] Checkpoint 38/697 after PPXJ30034A; 883 extracted rows
[2026-09-05 15:58:48] Checkpoint 39/697 after PPXH30021K; 937 extracted rows
[2026-09-05 16:00:28] Checkpoint 40/697 after PP0H0A024; 937 extracted rows
[2026-09-05 16:00:49] Checkpoint 41/697 after PPXF30014B; 947 extracted rows
[2026-09-05 16:01:19] Checkpoint 42/697 after PPXF30006C; 967 extracted rows
[2026-09-05 16:01:39] Checkpoint 43/697 after PPXH30069A; 987 extracted rows
[2026-09-05 16:02:13] Checkpoint 44/697 after PPXJ30058B; 1032 extracted rows
[2026-09-05 16:02:43] Checkpoint 45/697 after PPXJ30031F; 1052 extracted rows
[2026-09-05 16:03:17] Checkpoint 46/697 after PPXF30011E; 1092 extracted rows
[2026-09-05 16:03:46] Checkpoint 47/697 after PPXJ10006E; 1117 extracted rows
[2026-09-05 16:04:10] Checkpoint 48/697 after PPXJ10005F; 1142 extracted rows
[2026-09-05 16:04:38] Checkpoint 49/697 after PP2J00009C; 1162 extracted rows
[2026-09-05 16:05:09] Checkpoint 50/697 after PPXJ30010D; 1187 extracted rows
[2026-09-05 16:06:00] Checkpoint 51/697 after PPXJ30028B; 1187 extracted rows
[2026-09-05 16:06:35] Checkpoint 52/697 after PP2J00001A; 1207 extracted rows
[2026-09-05 16:06:56] Checkpoint 53/697 after PPXJ30060D; 1222 extracted rows
[2026-09-05 16:07:20] Checkpoint 54/697 after PPXD10030E; 1252 extracted rows
[2026-09-05 16:07:51] Checkpoint 55/697 after PPXJ30015B; 1262 extracted rows
[2026-09-05 16:08:23] Checkpoint 56/697 after PPXJ30030A; 1287 extracted rows
[2026-09-05 16:08:54] Checkpoint 57/697 after PPXH10013A; 1296 extracted rows
[2026-09-05 16:09:28] Checkpoint 58/697 after PPXH30066A; 1306 extracted rows
[2026-09-05 16:09:47] Checkpoint 59/697 after PPXJ30014A; 1311 extracted rows
[2026-09-05 16:10:16] Checkpoint 60/697 after PPXH10021F; 1336 extracted rows
[2026-09-05 16:10:16] Restarting stock browser before SKU PPXD10016B at position 61
[2026-09-05 16:10:45] Checkpoint 61/697 after PPXD10016B; 1366 extracted rows
[2026-09-05 16:11:16] Checkpoint 62/697 after PPXH10032H; 1447 extracted rows
[2026-09-05 16:12:48] Checkpoint 63/697 after PP0H0A027; 1447 extracted rows
[2026-09-05 16:13:15] Checkpoint 64/697 after PPXD10011A; 1467 extracted rows
[2026-09-05 16:13:42] Checkpoint 65/697 after PPXJ10005D; 1492 extracted rows
[2026-09-05 16:14:01] Checkpoint 66/697 after PPXJ30027A; 1527 extracted rows
[2026-09-05 16:14:34] Checkpoint 67/697 after PPXJ10016B; 1547 extracted rows
[2026-09-05 16:15:01] Checkpoint 68/697 after PPXH10017P; 1655 extracted rows
[2026-09-05 16:15:38] Checkpoint 69/697 after PPXF10001C; 1680 extracted rows
[2026-09-05 16:16:11] Checkpoint 70/697 after PPXJ30062C; 1700 extracted rows
[2026-09-05 16:16:56] Checkpoint 71/697 after PPXD10009B; 1700 extracted rows
[2026-09-05 16:17:25] Checkpoint 72/697 after PPXD10029A; 1715 extracted rows
[2026-09-05 16:17:44] Checkpoint 73/697 after PP2J00014B; 1735 extracted rows
[2026-09-05 16:18:14] Checkpoint 74/697 after PPXJ30028D; 1765 extracted rows
[2026-09-05 16:18:43] Checkpoint 75/697 after PPXJ30050A; 1775 extracted rows
[2026-09-05 16:19:16] Checkpoint 76/697 after PPXJ30031A; 1795 extracted rows
[2026-09-05 16:19:45] Checkpoint 77/697 after PPXH10032L; 1876 extracted rows
[2026-09-05 16:20:07] Checkpoint 78/697 after PP2H00010C; 1921 extracted rows
[2026-09-05 16:20:44] Checkpoint 79/697 after PPXJ30029C; 1951 extracted rows
[2026-09-05 16:21:15] Checkpoint 80/697 after PPXH10005A; 1978 extracted rows
[2026-09-05 16:21:46] Checkpoint 81/697 after PPXJ10002B; 1998 extracted rows
[2026-09-05 16:22:15] Checkpoint 82/697 after PPXF30013A; 2008 extracted rows
[2026-09-05 16:22:43] Checkpoint 83/697 after PPXH10032N; 2089 extracted rows
[2026-09-05 16:23:15] Checkpoint 84/697 after PP2HC10008; 2098 extracted rows
[2026-09-05 16:23:42] Checkpoint 85/697 after PPXH10040A; 2107 extracted rows
[2026-09-05 16:24:13] Checkpoint 86/697 after PPXJ10008B; 2142 extracted rows
[2026-09-05 16:24:40] Checkpoint 87/697 after PPXF30012C; 2152 extracted rows
[2026-09-05 16:25:12] Checkpoint 88/697 after PPXJ10021A; 2172 extracted rows
[2026-09-05 16:25:47] Checkpoint 89/697 after PPXJ10014B; 2182 extracted rows
[2026-09-05 16:26:29] Checkpoint 90/697 after PPXF30011D; 2222 extracted rows
[2026-09-05 16:27:00] Checkpoint 91/697 after PPXH10017L; 2330 extracted rows
[2026-09-05 16:27:54] Checkpoint 92/697 after PPXH30021H; 2330 extracted rows
[2026-09-05 16:28:30] Checkpoint 93/697 after PP2HC0001; 2339 extracted rows
[2026-09-05 16:29:05] Checkpoint 94/697 after PPXD10019J; 2404 extracted rows
[2026-09-05 16:29:27] Checkpoint 95/697 after PPXH10022B; 2440 extracted rows
[2026-09-05 16:29:57] Checkpoint 96/697 after PPXD10016E; 2470 extracted rows
[2026-09-05 16:30:22] Checkpoint 97/697 after PPXJ30031E; 2490 extracted rows
[2026-09-05 16:30:59] Checkpoint 98/697 after PPXJ30031G; 2510 extracted rows
[2026-09-05 16:31:28] Checkpoint 99/697 after PPXH30050B; 2528 extracted rows
[2026-09-05 16:31:55] Checkpoint 100/697 after PP2HC0011; 2528 extracted rows
[2026-09-05 16:32:24] Checkpoint 101/697 after PPXH10006A; 2537 extracted rows
[2026-09-05 16:32:55] Checkpoint 102/697 after PPXF30012A; 2547 extracted rows
[2026-09-05 16:33:23] Checkpoint 103/697 after PPXH30014B; 2574 extracted rows
[2026-09-05 16:33:48] Checkpoint 104/697 after PPXH30024F; 2619 extracted rows
[2026-09-05 16:34:17] Checkpoint 105/697 after PPXJ10009C; 2639 extracted rows
[2026-09-05 16:34:49] Checkpoint 106/697 after PPXH10065A; 2648 extracted rows
[2026-09-05 16:35:20] Checkpoint 107/697 after PPXJ10002D; 2668 extracted rows
[2026-09-05 16:35:53] Checkpoint 108/697 after PP2H00015A; 2677 extracted rows
[2026-09-05 16:36:23] Checkpoint 109/697 after PPXH10055D; 2704 extracted rows
[2026-09-05 16:36:50] Checkpoint 110/697 after PPXJ30018D; 2739 extracted rows
[2026-09-05 16:37:11] Checkpoint 111/697 after PPXH30016D; 2766 extracted rows
[2026-09-05 16:37:43] Checkpoint 112/697 after PPXJ30008F; 2791 extracted rows
[2026-09-05 16:38:09] Checkpoint 113/697 after PPXF30011G; 2831 extracted rows
[2026-09-05 16:38:39] Checkpoint 114/697 after PPXJ30030I; 2856 extracted rows
[2026-09-05 16:39:11] Checkpoint 115/697 after PPXH30054A; 2892 extracted rows
[2026-09-05 16:39:33] Checkpoint 116/697 after PPXH30006C; 2919 extracted rows
[2026-09-05 16:40:04] Checkpoint 117/697 after PPXD10019Q; 2984 extracted rows
[2026-09-05 16:40:43] Checkpoint 118/697 after PPXH10033D; 3020 extracted rows
[2026-09-05 16:41:15] Checkpoint 119/697 after PP2H00012A; 3038 extracted rows
[2026-09-05 16:41:45] Checkpoint 120/697 after PPXH30020E; 3092 extracted rows
[2026-09-05 16:41:45] Restarting stock browser before SKU PPXH10022D at position 121
[2026-09-05 16:42:13] Checkpoint 121/697 after PPXH10022D; 3128 extracted rows
[2026-09-05 16:42:41] Checkpoint 122/697 after PPXH10009A; 3137 extracted rows
[2026-09-05 16:43:11] Checkpoint 123/697 after PP2HC10011; 3191 extracted rows
[2026-09-05 16:43:38] Checkpoint 124/697 after PPXJ10009B; 3211 extracted rows
[2026-09-05 16:44:04] Checkpoint 125/697 after PPXF30011F; 3251 extracted rows
[2026-09-05 16:44:34] Checkpoint 126/697 after PP2H00013B; 3269 extracted rows
[2026-09-05 16:45:00] Checkpoint 127/697 after PP2D00001B; 3289 extracted rows
[2026-09-05 16:46:44] Checkpoint 128/697 after PPXD10032B; 3289 extracted rows
[2026-09-05 16:47:25] Checkpoint 129/697 after PPXF30011C; 3289 extracted rows
[2026-09-05 16:47:49] Checkpoint 130/697 after PPXH30016C; 3316 extracted rows
[2026-09-05 16:48:15] Checkpoint 131/697 after PPXF30011I; 3356 extracted rows
[2026-09-05 16:48:43] Checkpoint 132/697 after PPXH30012C; 3365 extracted rows
[2026-09-05 16:49:13] Checkpoint 133/697 after PPXH10037A; 3392 extracted rows
[2026-09-05 16:49:33] Checkpoint 134/697 after PPXJ10016C; 3412 extracted rows
[2026-09-05 16:50:01] Checkpoint 135/697 after PPXJ30061B; 3422 extracted rows
[2026-09-05 16:50:36] Checkpoint 136/697 after PPXH30009F; 3494 extracted rows
[2026-09-05 16:51:22] Checkpoint 137/697 after PPXJ30030F; 3494 extracted rows
[2026-09-05 16:51:53] Checkpoint 138/697 after PPXH10022A; 3530 extracted rows
[2026-09-05 16:52:25] Checkpoint 139/697 after PPXD10022B; 3540 extracted rows
[2026-09-05 16:52:53] Checkpoint 140/697 after PPXD10030C; 3570 extracted rows
[2026-09-05 16:53:14] Checkpoint 141/697 after PPXD10020D; 3630 extracted rows
[2026-09-05 16:53:44] Checkpoint 142/697 after PPXJ30018G; 3665 extracted rows
[2026-09-05 16:54:13] Checkpoint 143/697 after PPXJ30008C; 3690 extracted rows
[2026-09-05 16:54:41] Checkpoint 144/697 after PPXH30069B; 3710 extracted rows
[2026-09-05 16:55:09] Checkpoint 145/697 after PPXJ30024F; 3725 extracted rows
[2026-09-05 16:55:44] Checkpoint 146/697 after PPXD10020B; 3785 extracted rows
[2026-09-05 16:56:15] Checkpoint 147/697 after PPXD10025B; 3790 extracted rows
[2026-09-05 16:56:46] Checkpoint 148/697 after PPXD10033A; 3815 extracted rows
[2026-09-05 16:57:18] Checkpoint 149/697 after PPXH10017Q; 3923 extracted rows
[2026-09-05 16:57:39] Checkpoint 150/697 after PPXH10044A; 3932 extracted rows
[2026-09-05 16:59:18] Checkpoint 151/697 after PP0H0A003; 3932 extracted rows
[2026-09-05 16:59:45] Checkpoint 152/697 after PPXH10015A; 3941 extracted rows
[2026-09-05 17:00:19] Checkpoint 153/697 after PPXD10019K; 4006 extracted rows
[2026-09-05 17:00:51] Checkpoint 154/697 after PPXF30051A; 4011 extracted rows
[2026-09-05 17:01:18] Checkpoint 155/697 after PPXF30022C; 4026 extracted rows
[2026-09-05 17:01:46] Checkpoint 156/697 after PPXH10021E; 4051 extracted rows
[2026-09-05 17:02:20] Checkpoint 157/697 after PPXH10041C; 4078 extracted rows
[2026-09-05 17:02:45] Checkpoint 158/697 after PPXD10019C; 4143 extracted rows
[2026-09-05 17:03:14] Checkpoint 159/697 after PPXH10011A; 4161 extracted rows
[2026-09-05 17:03:41] Checkpoint 160/697 after PP2H00012B; 4179 extracted rows
[2026-09-05 17:04:14] Checkpoint 161/697 after PPXJ30019C; 4199 extracted rows
[2026-09-05 17:04:36] Checkpoint 162/697 after PPXH10017E; 4307 extracted rows
[2026-09-05 17:05:10] Checkpoint 163/697 after PPXH30050A; 4325 extracted rows
[2026-09-05 17:05:44] Checkpoint 164/697 after PPXH10074A; 4334 extracted rows
[2026-09-05 17:06:20] Checkpoint 165/697 after PPXJ10006D; 4359 extracted rows
[2026-09-05 17:06:40] Checkpoint 166/697 after PPXD10017A; 4374 extracted rows
[2026-09-05 17:07:22] Checkpoint 167/697 after PPXD10012C; 4379 extracted rows
[2026-09-05 17:07:51] Checkpoint 168/697 after PPXD10019P; 4444 extracted rows
[2026-09-05 17:08:19] Checkpoint 169/697 after PPXH30020H; 4498 extracted rows
[2026-09-05 17:08:47] Checkpoint 170/697 after PPXF10032B; 4513 extracted rows
[2026-09-05 17:09:30] Checkpoint 171/697 after PPXD10001G; 4513 extracted rows
[2026-09-05 17:09:59] Checkpoint 172/697 after PPXJ30019A; 4533 extracted rows
[2026-09-05 17:10:32] Checkpoint 173/697 after PPXH10017D; 4641 extracted rows
[2026-09-05 17:11:02] Checkpoint 174/697 after PPXJ30051A; 4646 extracted rows
[2026-09-05 17:11:32] Checkpoint 175/697 after PPXH30007C; 4691 extracted rows
[2026-09-05 17:11:52] Checkpoint 176/697 after PP2J00013B; 4711 extracted rows
[2026-09-05 17:12:20] Checkpoint 177/697 after PPXJ30058C; 4756 extracted rows
[2026-09-05 17:12:50] Checkpoint 178/697 after PPXH10023A; 4792 extracted rows
[2026-09-05 17:13:22] Checkpoint 179/697 after PPXF10014B; 4797 extracted rows
[2026-09-05 17:13:49] Checkpoint 180/697 after PPXJ30057A; 4827 extracted rows
[2026-09-05 17:13:49] Restarting stock browser before SKU PPXD10025A at position 181
[2026-09-05 17:14:20] Checkpoint 181/697 after PPXD10025A; 4832 extracted rows
[2026-09-05 17:14:44] Checkpoint 182/697 after PPXH30041A; 4841 extracted rows
[2026-09-05 17:15:14] Checkpoint 183/697 after PPXD10017B; 4856 extracted rows
[2026-09-05 17:15:49] Checkpoint 184/697 after PPXF10011A; 4871 extracted rows
[2026-09-05 17:16:25] Checkpoint 185/697 after PPXF30014A; 4881 extracted rows
[2026-09-05 17:16:54] Checkpoint 186/697 after PPXD10011E; 4901 extracted rows
[2026-09-05 17:17:26] Checkpoint 187/697 after PPXJ30062E; 4921 extracted rows
[2026-09-05 17:17:52] Checkpoint 188/697 after PPXJ30019D; 4941 extracted rows
[2026-09-05 17:18:21] Checkpoint 189/697 after PPXH10034B; 4977 extracted rows
[2026-09-05 17:18:42] Checkpoint 190/697 after PPXD10007I; 5017 extracted rows
[2026-09-05 17:19:28] Checkpoint 191/697 after PPXD10011B; 5017 extracted rows
[2026-09-05 17:19:57] Checkpoint 192/697 after PPXH30021C; 5071 extracted rows
[2026-09-05 17:20:34] Checkpoint 193/697 after PPXF10026A; 5076 extracted rows
[2026-09-05 17:21:05] Checkpoint 194/697 after PPXD10019A; 5141 extracted rows
[2026-09-05 17:21:34] Checkpoint 195/697 after PPXF30022E; 5156 extracted rows
[2026-09-05 17:22:18] Checkpoint 196/697 after PPXH10017F; 5264 extracted rows
[2026-09-05 17:22:46] Checkpoint 197/697 after PP2J00008C; 5284 extracted rows
[2026-09-05 17:23:04] Checkpoint 198/697 after PP2J00014D; 5304 extracted rows
[2026-09-05 17:23:31] Checkpoint 199/697 after PPXH10017C; 5412 extracted rows
[2026-09-05 17:23:59] Checkpoint 200/697 after PPXD10030F; 5442 extracted rows
[2026-09-05 17:24:29] Checkpoint 201/697 after PP2HC0013; 5462 extracted rows
[2026-09-05 17:24:55] Checkpoint 202/697 after PPXH10067A; 5471 extracted rows
[2026-09-05 17:25:30] Checkpoint 203/697 after PPXJ30007D; 5481 extracted rows
[2026-09-05 17:26:08] Checkpoint 204/697 after PP2J00001C; 5501 extracted rows
[2026-09-05 17:26:44] Checkpoint 205/697 after PP2D00001C; 5521 extracted rows
[2026-09-05 17:27:20] Checkpoint 206/697 after PPXJ10002A; 5541 extracted rows
[2026-09-05 17:27:53] Checkpoint 207/697 after PPXJ30030B; 5566 extracted rows
[2026-09-05 17:28:41] Checkpoint 208/697 after PPXJ30036D; 5576 extracted rows
[2026-09-05 17:29:02] Checkpoint 209/697 after PPXJ10016D; 5596 extracted rows
[2026-09-05 17:29:27] Checkpoint 210/697 after PPXD10001A; 5606 extracted rows
[2026-09-05 17:29:46] Checkpoint 211/697 after PPXH10019C; 5633 extracted rows
[2026-09-05 17:30:17] Checkpoint 212/697 after PPXH30037I; 5669 extracted rows
[2026-09-05 17:30:49] Checkpoint 213/697 after PPXJ30027B; 5704 extracted rows
[2026-09-05 17:31:19] Checkpoint 214/697 after PPXH30017A; 5713 extracted rows
[2026-09-05 17:31:39] Checkpoint 215/697 after PPXJ30058A; 5758 extracted rows
[2026-09-05 17:32:07] Checkpoint 216/697 after PPXH30020A; 5812 extracted rows
[2026-09-05 17:32:32] Checkpoint 217/697 after PP2H00011B; 5839 extracted rows
[2026-09-05 17:32:59] Checkpoint 218/697 after PPXJ30058F; 5884 extracted rows
[2026-09-05 17:33:29] Checkpoint 219/697 after PPXH30046A; 5893 extracted rows
[2026-09-05 17:35:10] Checkpoint 220/697 after PP0H0A001; 5893 extracted rows
[2026-09-05 17:35:42] Checkpoint 221/697 after PPXJ10003D; 5923 extracted rows
[2026-09-05 17:36:17] Checkpoint 222/697 after PPXH10034A; 5959 extracted rows
[2026-09-05 17:36:45] Checkpoint 223/697 after PPXJ10008F; 5994 extracted rows
[2026-09-05 17:37:19] Checkpoint 224/697 after PPXH30022F; 6048 extracted rows
[2026-09-05 17:38:08] Checkpoint 225/697 after PPXJ30022E; 6048 extracted rows
[2026-09-05 17:39:03] Checkpoint 226/697 after PPXH10049A; 6048 extracted rows
[2026-09-05 17:39:40] Checkpoint 227/697 after PPXH30037B; 6084 extracted rows
[2026-09-05 17:40:17] Checkpoint 228/697 after PPXJ30027E; 6119 extracted rows
[2026-09-05 17:40:59] Checkpoint 229/697 after PPXH30032D; 6149 extracted rows
[2026-09-05 17:41:21] Checkpoint 230/697 after PPXD10007C; 6189 extracted rows
[2026-09-05 17:41:52] Checkpoint 231/697 after PPXH10017K; 6297 extracted rows
[2026-09-05 17:42:27] Checkpoint 232/697 after PPXJ30048D; 6312 extracted rows
[2026-09-05 17:43:01] Checkpoint 233/697 after PPXD10032A; 6332 extracted rows
[2026-09-05 17:43:50] Checkpoint 234/697 after PPXD10001F; 6332 extracted rows
[2026-09-05 17:44:15] Checkpoint 235/697 after PPXJ30050B; 6342 extracted rows
[2026-09-05 17:44:48] Checkpoint 236/697 after PPXH10017S; 6450 extracted rows
[2026-09-05 17:45:25] Checkpoint 237/697 after PPXF30011H; 6490 extracted rows
[2026-09-05 17:47:05] Checkpoint 238/697 after PP2J00012C; 6490 extracted rows
[2026-09-05 17:47:36] Checkpoint 239/697 after PPXD10016D; 6520 extracted rows
[2026-09-05 17:48:06] Checkpoint 240/697 after PP2H00011A; 6547 extracted rows
[2026-09-05 17:48:06] Restarting stock browser before SKU PPXJ10020B at position 241
[2026-09-05 17:48:30] Checkpoint 241/697 after PPXJ10020B; 6567 extracted rows
[2026-09-05 17:48:55] Checkpoint 242/697 after PPXJ10021D; 6587 extracted rows
[2026-09-05 17:49:22] Checkpoint 243/697 after PPXJ30025F; 6597 extracted rows
[2026-09-05 17:49:48] Checkpoint 244/697 after PPXD10002A; 6607 extracted rows
[2026-09-05 17:50:16] Checkpoint 245/697 after PPXH10007A; 6634 extracted rows
[2026-09-05 17:50:38] Checkpoint 246/697 after PPXH10021B; 6659 extracted rows
[2026-09-05 17:51:09] Checkpoint 247/697 after PP2H00008A; 6713 extracted rows
[2026-09-05 17:51:41] Checkpoint 248/697 after PPXD10020J; 6773 extracted rows
[2026-09-05 17:52:12] Checkpoint 249/697 after PPXH10066C; 6800 extracted rows
[2026-09-05 17:52:40] Checkpoint 250/697 after PPXJ10002E; 6820 extracted rows
[2026-09-05 17:53:09] Checkpoint 251/697 after PP2J00010C; 6840 extracted rows
[2026-09-05 17:53:37] Checkpoint 252/697 after PPXF10013A; 6850 extracted rows
[2026-09-05 17:54:19] Checkpoint 253/697 after PPXH10017I; 6850 extracted rows
[2026-09-05 17:54:37] Checkpoint 254/697 after PPXF10034A; 6855 extracted rows
[2026-09-05 17:55:02] Checkpoint 255/697 after PP2J00010D; 6875 extracted rows
[2026-09-05 17:55:48] Checkpoint 256/697 after PPXD10019E; 6875 extracted rows
[2026-09-05 17:56:20] Checkpoint 257/697 after PPXJ30047B; 6890 extracted rows
[2026-09-05 17:56:48] Checkpoint 258/697 after PPXJ30063D; 6910 extracted rows
[2026-09-05 17:57:06] Checkpoint 259/697 after PPXD10007G; 6950 extracted rows
[2026-09-05 17:57:34] Checkpoint 260/697 after PPXJ30062D; 6970 extracted rows
[2026-09-05 17:58:11] Checkpoint 261/697 after PPXD10029B; 6970 extracted rows
[2026-09-05 17:58:37] Checkpoint 262/697 after PPXH10034D; 7006 extracted rows
[2026-09-05 17:59:09] Checkpoint 263/697 after PPXJ30003A; 7031 extracted rows
[2026-09-05 17:59:37] Checkpoint 264/697 after PPXD10023E; 7056 extracted rows
[2026-09-05 18:00:06] Checkpoint 265/697 after PP2H00017B; 7074 extracted rows
[2026-09-05 18:00:41] Checkpoint 266/697 after PPXH30010A; 7083 extracted rows
[2026-09-05 18:01:14] Checkpoint 267/697 after PP2H00011C; 7110 extracted rows
[2026-09-05 18:01:27] Checkpoint 268/697 after PP2J00001B; 7130 extracted rows
[2026-09-05 18:01:39] Checkpoint 269/697 after PPXF30006B; 7150 extracted rows
[2026-09-05 18:01:54] Checkpoint 270/697 after PPXH30020F; 7204 extracted rows
[2026-09-05 18:02:22] Checkpoint 271/697 after PPXJ30029D; 7204 extracted rows
[2026-09-05 18:02:36] Checkpoint 272/697 after PPXH10023C; 7240 extracted rows
[2026-09-05 18:03:31] Checkpoint 273/697 after PP0H0A028; 7240 extracted rows
[2026-09-05 18:03:44] Checkpoint 274/697 after PPXD10019O; 7305 extracted rows
[2026-09-05 18:03:58] Checkpoint 275/697 after PPXD10020K; 7365 extracted rows
[2026-09-05 18:04:15] Checkpoint 276/697 after PP2J00008D; 7385 extracted rows
[2026-09-05 18:04:30] Checkpoint 277/697 after PPXJ30026G; 7410 extracted rows
[2026-09-05 18:04:43] Checkpoint 278/697 after PPXJ30030D; 7435 extracted rows
[2026-09-05 18:04:54] Checkpoint 279/697 after PPXH30006B; 7462 extracted rows
[2026-09-05 18:05:13] Checkpoint 280/697 after PPXJ30008E; 7487 extracted rows
[2026-09-05 18:05:24] Checkpoint 281/697 after PPXH10059A; 7492 extracted rows
[2026-09-05 18:05:42] Checkpoint 282/697 after PPXJ30058D; 7537 extracted rows
[2026-09-05 18:05:58] Checkpoint 283/697 after PP2HC0006; 7546 extracted rows
[2026-09-05 18:06:15] Checkpoint 284/697 after PPXH30030C; 7564 extracted rows
[2026-09-05 18:06:40] Checkpoint 285/697 after PPXJ10002C; 7564 extracted rows
[2026-09-05 18:07:08] Checkpoint 286/697 after PPXH10004A; 7564 extracted rows
[2026-09-05 18:07:24] Checkpoint 287/697 after PPXJ10021B; 7584 extracted rows
[2026-09-05 18:07:41] Checkpoint 288/697 after PPXH10039B; 7602 extracted rows
[2026-09-05 18:07:56] Checkpoint 289/697 after PPXF10001I; 7627 extracted rows
[2026-09-05 18:08:12] Checkpoint 290/697 after PP2J00010A; 7647 extracted rows
[2026-09-05 18:08:26] Checkpoint 291/697 after PPXJ10017B; 7657 extracted rows
[2026-09-05 18:08:42] Checkpoint 292/697 after PPXH30009B; 7729 extracted rows
[2026-09-05 18:08:57] Checkpoint 293/697 after PPXF10002A; 7734 extracted rows
[2026-09-05 18:09:14] Checkpoint 294/697 after PPXH10032C; 7815 extracted rows
[2026-09-05 18:09:34] Checkpoint 295/697 after PPXH10031B; 7860 extracted rows
[2026-09-05 18:09:49] Checkpoint 296/697 after PP2H00018A; 7878 extracted rows
[2026-09-05 18:10:03] Checkpoint 297/697 after PPXH10042B; 7896 extracted rows
[2026-09-05 18:10:21] Checkpoint 298/697 after PPXH30006A; 7923 extracted rows
[2026-09-05 18:10:33] Checkpoint 299/697 after PP2J00013C; 7943 extracted rows
[2026-09-05 18:10:44] Checkpoint 300/697 after PPXH30001A; 7952 extracted rows
[2026-09-05 18:10:44] Restarting stock browser before SKU PP0H0A036 at position 301
[2026-09-05 18:11:43] Checkpoint 301/697 after PP0H0A036; 7952 extracted rows
[2026-09-05 18:11:54] Checkpoint 302/697 after PPXJ30035A; 7962 extracted rows
[2026-09-05 18:12:06] Checkpoint 303/697 after PP2J00008A; 7982 extracted rows
[2026-09-05 18:12:20] Checkpoint 304/697 after PPXJ30012A; 8007 extracted rows
[2026-09-05 18:12:33] Checkpoint 305/697 after PPXJ30012D; 8032 extracted rows
[2026-09-05 18:12:45] Checkpoint 306/697 after PPXJ30046A; 8052 extracted rows
[2026-09-05 18:12:58] Checkpoint 307/697 after PP2H00020A; 8061 extracted rows
[2026-09-05 18:13:13] Checkpoint 308/697 after PPXF30011A; 8101 extracted rows
[2026-09-05 18:13:27] Checkpoint 309/697 after PPXH10010F; 8146 extracted rows
[2026-09-05 18:13:40] Checkpoint 310/697 after PPXH10030B; 8164 extracted rows
[2026-09-05 18:13:53] Checkpoint 311/697 after PPXJ30046D; 8184 extracted rows
[2026-09-05 18:14:05] Checkpoint 312/697 after PPXD10023B; 8209 extracted rows
[2026-09-05 18:14:19] Checkpoint 313/697 after PPXJ30007F; 8219 extracted rows
[2026-09-05 18:14:35] Checkpoint 314/697 after PPXH10032O; 8300 extracted rows
[2026-09-05 18:14:50] Checkpoint 315/697 after PPXJ30063E; 8320 extracted rows
[2026-09-05 18:15:00] Checkpoint 316/697 after PPXJ30011E; 8340 extracted rows
[2026-09-05 18:15:11] Checkpoint 317/697 after PP2J00013A; 8360 extracted rows
[2026-09-05 18:15:27] Checkpoint 318/697 after PPXH10012A; 8369 extracted rows
[2026-09-05 18:15:43] Checkpoint 319/697 after PPXH10064B; 8378 extracted rows
[2026-09-05 18:15:57] Checkpoint 320/697 after PPXD10019M; 8443 extracted rows
[2026-09-05 18:16:09] Checkpoint 321/697 after PPXD10030A; 8473 extracted rows
[2026-09-05 18:16:23] Checkpoint 322/697 after PPXJ30040C; 8478 extracted rows
[2026-09-05 18:16:33] Checkpoint 323/697 after PPXH30022A; 8532 extracted rows
[2026-09-05 18:16:48] Checkpoint 324/697 after PPXD10019T; 8597 extracted rows
[2026-09-05 18:17:02] Checkpoint 325/697 after PPXJ30002A; 8622 extracted rows
[2026-09-05 18:17:19] Checkpoint 326/697 after PPXJ30012F; 8647 extracted rows
[2026-09-05 18:17:34] Checkpoint 327/697 after PPXH30009H; 8719 extracted rows
[2026-09-05 18:17:48] Checkpoint 328/697 after PP2H00018B; 8737 extracted rows
[2026-09-05 18:18:01] Checkpoint 329/697 after PPXH10019A; 8764 extracted rows
[2026-09-05 18:18:14] Checkpoint 330/697 after PPXD10012E; 8769 extracted rows
[2026-09-05 18:18:27] Checkpoint 331/697 after PPXH30002A; 8778 extracted rows
[2026-09-05 18:18:40] Checkpoint 332/697 after PPXD10020O; 8838 extracted rows
[2026-09-05 18:19:06] Checkpoint 333/697 after PPXD10021B; 8838 extracted rows
[2026-09-05 18:19:22] Checkpoint 334/697 after PPXD10020A; 8898 extracted rows
[2026-09-05 18:19:36] Checkpoint 335/697 after PPXH10002B; 8907 extracted rows
[2026-09-05 18:19:48] Checkpoint 336/697 after PPXJ10006A; 8932 extracted rows
[2026-09-05 18:20:00] Checkpoint 337/697 after PPXJ30016A; 8942 extracted rows
[2026-09-05 18:20:14] Checkpoint 338/697 after PPXD10008B; 8947 extracted rows
[2026-09-05 18:20:40] Checkpoint 339/697 after PPXJ10001B; 8947 extracted rows
[2026-09-05 18:20:54] Checkpoint 340/697 after PPXD10007E; 8987 extracted rows
[2026-09-05 18:21:24] Checkpoint 341/697 after PP2J00005C; 8987 extracted rows
[2026-09-05 18:21:36] Checkpoint 342/697 after PP2HC0038; 8996 extracted rows
[2026-09-05 18:21:49] Checkpoint 343/697 after PPXJ30027D; 9031 extracted rows
[2026-09-05 18:22:01] Checkpoint 344/697 after PPXJ30009F; 9041 extracted rows
[2026-09-05 18:22:13] Checkpoint 345/697 after PPXJ30060C; 9056 extracted rows
[2026-09-05 18:22:24] Checkpoint 346/697 after PPXH10035A; 9083 extracted rows
[2026-09-05 18:22:49] Checkpoint 347/697 after PPXH10002A; 9083 extracted rows
[2026-09-05 18:23:01] Checkpoint 348/697 after PPXD10016C; 9113 extracted rows
[2026-09-05 18:23:14] Checkpoint 349/697 after PPXD10009D; 9128 extracted rows
[2026-09-05 18:23:25] Checkpoint 350/697 after PPXH30039B; 9146 extracted rows
[2026-09-05 18:23:36] Checkpoint 351/697 after PPXH30067C; 9166 extracted rows
[2026-09-05 18:23:47] Checkpoint 352/697 after PPXF10035A; 9176 extracted rows
[2026-09-05 18:23:58] Checkpoint 353/697 after PP2HC10009; 9185 extracted rows
[2026-09-05 18:24:10] Checkpoint 354/697 after PPXJ30064A; 9190 extracted rows
[2026-09-05 18:24:24] Checkpoint 355/697 after PPXJ30020B; 9205 extracted rows
[2026-09-05 18:24:37] Checkpoint 356/697 after PPXH10034C; 9241 extracted rows
[2026-09-05 18:24:52] Checkpoint 357/697 after PPXJ30013C; 9261 extracted rows
[2026-09-05 18:25:07] Checkpoint 358/697 after PPXJ30047F; 9276 extracted rows
[2026-09-05 18:25:24] Checkpoint 359/697 after PPXJ30026A; 9301 extracted rows
[2026-09-05 18:25:39] Checkpoint 360/697 after PPXJ30010E; 9326 extracted rows
[2026-09-05 18:25:39] Restarting stock browser before SKU PPXF10035B at position 361
[2026-09-05 18:26:04] Checkpoint 361/697 after PPXF10035B; 9336 extracted rows
[2026-09-05 18:26:20] Checkpoint 362/697 after PPXH10011B; 9354 extracted rows
[2026-09-05 18:26:34] Checkpoint 363/697 after PPXJ10008E; 9389 extracted rows
[2026-09-05 18:26:59] Checkpoint 364/697 after PPXD10028A; 9389 extracted rows
[2026-09-05 18:27:14] Checkpoint 365/697 after PPXJ10020A; 9409 extracted rows
[2026-09-05 18:27:28] Checkpoint 366/697 after PPXJ10008A; 9444 extracted rows
[2026-09-05 18:27:42] Checkpoint 367/697 after PP0H0A015; 9453 extracted rows
[2026-09-05 18:27:55] Checkpoint 368/697 after PPXH30014C; 9480 extracted rows
[2026-09-05 18:28:09] Checkpoint 369/697 after PP2HC10014; 9525 extracted rows
[2026-09-05 18:28:24] Checkpoint 370/697 after PPXD10023A; 9550 extracted rows
[2026-09-05 18:28:53] Checkpoint 371/697 after PPXH30020G; 9550 extracted rows
[2026-09-05 18:29:08] Checkpoint 372/697 after PPXH30009C; 9622 extracted rows
[2026-09-05 18:29:23] Checkpoint 373/697 after PP2H00008C; 9676 extracted rows
[2026-09-05 18:29:37] Checkpoint 374/697 after PPXH30054C; 9712 extracted rows
[2026-09-05 18:29:50] Checkpoint 375/697 after PPXD10029D; 9727 extracted rows
[2026-09-05 18:30:17] Checkpoint 376/697 after PPXD10012B; 9727 extracted rows
[2026-09-05 18:30:32] Checkpoint 377/697 after PPXJ30063A; 9747 extracted rows
[2026-09-05 18:30:43] Checkpoint 378/697 after PPXJ10020D; 9767 extracted rows
[2026-09-05 18:30:54] Checkpoint 379/697 after PPXJ30045A; 9772 extracted rows
[2026-09-05 18:31:11] Checkpoint 380/697 after PPXJ30006B; 9787 extracted rows
[2026-09-05 18:31:37] Checkpoint 381/697 after PPXJ30028J; 9787 extracted rows
[2026-09-05 18:31:50] Checkpoint 382/697 after PPXF10032A; 9802 extracted rows
[2026-09-05 18:32:00] Checkpoint 383/697 after PPXJ30060E; 9817 extracted rows
[2026-09-05 18:32:15] Checkpoint 384/697 after PPXJ30046C; 9837 extracted rows
[2026-09-05 18:32:29] Checkpoint 385/697 after PPXJ30052C; 9857 extracted rows
[2026-09-05 18:32:44] Checkpoint 386/697 after PP2H00001D; 9893 extracted rows
[2026-09-05 18:32:55] Checkpoint 387/697 after PPXH30007B; 9938 extracted rows
[2026-09-05 18:33:12] Checkpoint 388/697 after PPXJ10021C; 9958 extracted rows
[2026-09-05 18:33:26] Checkpoint 389/697 after PPXD10006D; 9973 extracted rows
[2026-09-05 18:33:40] Checkpoint 390/697 after PPXH10058A; 9983 extracted rows
[2026-09-05 18:33:55] Checkpoint 391/697 after PPXH30022D; 10037 extracted rows
[2026-09-05 18:34:12] Checkpoint 392/697 after PPXF10004B; 10042 extracted rows
[2026-09-05 18:34:25] Checkpoint 393/697 after PPXJ30018H; 10077 extracted rows
[2026-09-05 18:34:42] Checkpoint 394/697 after PPXH30007D; 10122 extracted rows
[2026-09-05 18:34:58] Checkpoint 395/697 after PPXH10017M; 10230 extracted rows
[2026-09-05 18:35:18] Checkpoint 396/697 after PPXJ30001D; 10255 extracted rows
[2026-09-05 18:35:34] Checkpoint 397/697 after PPXD10017C; 10270 extracted rows
[2026-09-05 18:35:48] Checkpoint 398/697 after PPXJ30029G; 10300 extracted rows
[2026-09-05 18:36:04] Checkpoint 399/697 after PPXJ10013D; 10310 extracted rows
[2026-09-05 18:36:20] Checkpoint 400/697 after PPXD10020R; 10370 extracted rows
[2026-09-05 18:36:48] Checkpoint 401/697 after PPXD10010B; 10370 extracted rows
[2026-09-05 18:37:04] Checkpoint 402/697 after PPXD10028F; 10380 extracted rows
[2026-09-05 18:37:20] Checkpoint 403/697 after PPXH10032D; 10461 extracted rows
[2026-09-05 18:37:32] Checkpoint 404/697 after PPXJ30010F; 10486 extracted rows
[2026-09-05 18:37:47] Checkpoint 405/697 after PPXD10016F; 10516 extracted rows
[2026-09-05 18:38:04] Checkpoint 406/697 after PPXH30024D; 10561 extracted rows
[2026-09-05 18:38:20] Checkpoint 407/697 after PPXH10066B; 10588 extracted rows
[2026-09-05 18:38:37] Checkpoint 408/697 after PPXH10001A; 10597 extracted rows
[2026-09-05 18:38:55] Checkpoint 409/697 after PPXJ10003E; 10627 extracted rows
[2026-09-05 18:39:13] Checkpoint 410/697 after PPXJ30006A; 10642 extracted rows
[2026-09-05 18:39:28] Checkpoint 411/697 after PPXH10018A; 10678 extracted rows
[2026-09-05 18:39:46] Checkpoint 412/697 after PPXD10019R; 10743 extracted rows
[2026-09-05 18:40:04] Checkpoint 413/697 after PPXH10031A; 10788 extracted rows
[2026-09-05 18:40:23] Checkpoint 414/697 after PPXF10011B; 10803 extracted rows
[2026-09-05 18:40:42] Checkpoint 415/697 after PP2J00001D; 10823 extracted rows
[2026-09-05 18:40:59] Checkpoint 416/697 after PPXJ30006D; 10838 extracted rows
[2026-09-05 18:41:11] Checkpoint 417/697 after PP2HC0014; 10858 extracted rows
[2026-09-05 18:41:28] Checkpoint 418/697 after PPXH10037B; 10885 extracted rows
[2026-09-05 18:41:44] Checkpoint 419/697 after PPXD10007B; 10925 extracted rows
[2026-09-05 18:42:00] Checkpoint 420/697 after PPXJ30012C; 10950 extracted rows
[2026-09-05 18:42:00] Restarting stock browser before SKU PPXJ30010C at position 421
[2026-09-05 18:42:24] Checkpoint 421/697 after PPXJ30010C; 10975 extracted rows
[2026-09-05 18:42:50] Checkpoint 422/697 after PPXF30050B; 10975 extracted rows
[2026-09-05 18:43:03] Checkpoint 423/697 after PPXJ30010A; 11000 extracted rows
[2026-09-05 18:43:16] Checkpoint 424/697 after PPXJ30028E; 11030 extracted rows
[2026-09-05 18:43:30] Checkpoint 425/697 after PPXH10021D; 11055 extracted rows
[2026-09-05 18:43:43] Checkpoint 426/697 after PP2J00009D; 11075 extracted rows
[2026-09-05 18:43:56] Checkpoint 427/697 after PPXJ10008C; 11110 extracted rows
[2026-09-05 18:44:08] Checkpoint 428/697 after PP2HC10013; 11155 extracted rows
[2026-09-05 18:44:22] Checkpoint 429/697 after PPXJ30003E; 11180 extracted rows
[2026-09-05 18:44:35] Checkpoint 430/697 after PPXF10013B; 11190 extracted rows
[2026-09-05 18:44:48] Checkpoint 431/697 after PPXH30021G; 11244 extracted rows
[2026-09-05 18:45:01] Checkpoint 432/697 after PPXH30027A; 11262 extracted rows
[2026-09-05 18:45:15] Checkpoint 433/697 after PPXH30008A; 11271 extracted rows
[2026-09-05 18:45:30] Checkpoint 434/697 after PPXH30057C; 11298 extracted rows
[2026-09-05 18:45:45] Checkpoint 435/697 after PPXJ30025C; 11308 extracted rows
[2026-09-05 18:46:01] Checkpoint 436/697 after PPXJ10004A; 11323 extracted rows
[2026-09-05 18:46:17] Checkpoint 437/697 after PPXD10023D; 11348 extracted rows
[2026-09-05 18:46:31] Checkpoint 438/697 after PPXH30039C; 11366 extracted rows
[2026-09-05 18:46:43] Checkpoint 439/697 after PPXH30023A; 11384 extracted rows
[2026-09-05 18:46:56] Checkpoint 440/697 after PP2HC10006; 11438 extracted rows
[2026-09-05 18:47:10] Checkpoint 441/697 after PPXD10006C; 11453 extracted rows
[2026-09-05 18:47:37] Checkpoint 442/697 after PPXH10052A; 11453 extracted rows
[2026-09-05 18:47:49] Checkpoint 443/697 after PPXJ30027C; 11488 extracted rows
[2026-09-05 18:48:01] Checkpoint 444/697 after PPXJ30037E; 11493 extracted rows
[2026-09-05 18:48:13] Checkpoint 445/697 after PPXH10017N; 11601 extracted rows
[2026-09-05 18:48:42] Checkpoint 446/697 after PP2H00006A; 11601 extracted rows
[2026-09-05 18:48:56] Checkpoint 447/697 after PPXJ30011A; 11621 extracted rows
[2026-09-05 18:49:09] Checkpoint 448/697 after PPXJ30057E; 11651 extracted rows
[2026-09-05 18:49:22] Checkpoint 449/697 after PPXH30057B; 11678 extracted rows
[2026-09-05 18:50:13] Checkpoint 450/697 after PP2J00012A; 11678 extracted rows
[2026-09-05 18:50:26] Checkpoint 451/697 after PPXJ30011C; 11698 extracted rows
[2026-09-05 18:51:19] Checkpoint 452/697 after PP0H0A025; 11698 extracted rows
[2026-09-05 18:51:32] Checkpoint 453/697 after PPXH30005C; 11725 extracted rows
[2026-09-05 18:51:45] Checkpoint 454/697 after PPXF30007C; 11735 extracted rows
[2026-09-05 18:51:59] Checkpoint 455/697 after PPXJ30063C; 11755 extracted rows
[2026-09-05 18:52:13] Checkpoint 456/697 after PPXJ10003B; 11785 extracted rows
[2026-09-05 18:52:28] Checkpoint 457/697 after PPXH30037D; 11821 extracted rows
[2026-09-05 18:52:42] Checkpoint 458/697 after PPXH30009D; 11893 extracted rows
[2026-09-05 18:52:54] Checkpoint 459/697 after PPXH10033G; 11929 extracted rows
[2026-09-05 18:53:07] Checkpoint 460/697 after PPXH30062A; 11939 extracted rows
[2026-09-05 18:53:15] Checkpoint 461/697 after PPXH10029A; 11948 extracted rows
[2026-09-05 18:53:28] Checkpoint 462/697 after PPXJ30011F; 11968 extracted rows
[2026-09-05 18:53:54] Checkpoint 463/697 after PPXH10066A; 11968 extracted rows
[2026-09-05 18:54:06] Checkpoint 464/697 after PPXH30054B; 12004 extracted rows
[2026-09-05 18:54:19] Checkpoint 465/697 after PPXH10072B; 12013 extracted rows
[2026-09-05 18:54:31] Checkpoint 466/697 after PPXJ30009D; 12023 extracted rows
[2026-09-05 18:54:44] Checkpoint 467/697 after PPXH30009E; 12095 extracted rows
[2026-09-05 18:54:56] Checkpoint 468/697 after PPXH10017B; 12203 extracted rows
[2026-09-05 18:55:12] Checkpoint 469/697 after PPXH30042A; 12212 extracted rows
[2026-09-05 18:55:39] Checkpoint 470/697 after PPXD10012F; 12212 extracted rows
[2026-09-05 18:55:48] Checkpoint 471/697 after PPXH30067B; 12232 extracted rows
[2026-09-05 18:56:01] Checkpoint 472/697 after PP2D00001A; 12252 extracted rows
[2026-09-05 18:56:16] Checkpoint 473/697 after PP2H00005C; 12297 extracted rows
[2026-09-05 18:56:43] Checkpoint 474/697 after PPXD10014B; 12297 extracted rows
[2026-09-05 18:56:57] Checkpoint 475/697 after PPXJ30052B; 12317 extracted rows
[2026-09-05 18:57:07] Checkpoint 476/697 after PPXD10003C; 12342 extracted rows
[2026-09-05 18:57:33] Checkpoint 477/697 after PP2H00002A; 12342 extracted rows
[2026-09-05 18:57:46] Checkpoint 478/697 after PPXJ30029A; 12372 extracted rows
[2026-09-05 18:58:02] Checkpoint 479/697 after PPXH30020B; 12426 extracted rows
[2026-09-05 18:58:31] Checkpoint 480/697 after PPXJ30028G; 12426 extracted rows
[2026-09-05 18:58:31] Restarting stock browser before SKU PPXD10007D at position 481
[2026-09-05 18:58:54] Checkpoint 481/697 after PPXD10007D; 12466 extracted rows
[2026-09-05 18:59:09] Checkpoint 482/697 after PPXH10033F; 12502 extracted rows
[2026-09-05 18:59:22] Checkpoint 483/697 after PPXH10018D; 12538 extracted rows
[2026-09-05 18:59:34] Checkpoint 484/697 after PPXH30007E; 12583 extracted rows
[2026-09-05 18:59:47] Checkpoint 485/697 after PPXF30013B; 12593 extracted rows
[2026-09-05 19:00:00] Checkpoint 486/697 after PPXH10032E; 12674 extracted rows
[2026-09-05 19:00:21] Checkpoint 487/697 after PPXF30020C; 12684 extracted rows
[2026-09-05 19:00:36] Checkpoint 488/697 after PPXH30038A; 12693 extracted rows
[2026-09-05 19:00:51] Checkpoint 489/697 after PPXJ30013E; 12713 extracted rows
[2026-09-05 19:01:06] Checkpoint 490/697 after PPXJ30057F; 12743 extracted rows
[2026-09-05 19:01:16] Checkpoint 491/697 after PPXD10003E; 12768 extracted rows
[2026-09-05 19:01:31] Checkpoint 492/697 after PPXJ30018F; 12803 extracted rows
[2026-09-05 19:01:44] Checkpoint 493/697 after PP2H00019A; 12812 extracted rows
[2026-09-05 19:01:55] Checkpoint 494/697 after PPXH10014A; 12821 extracted rows
[2026-09-05 19:02:10] Checkpoint 495/697 after PPXH10066D; 12848 extracted rows
[2026-09-05 19:02:24] Checkpoint 496/697 after PPXJ30018E; 12883 extracted rows
[2026-09-05 19:02:37] Checkpoint 497/697 after PPXH10039A; 12901 extracted rows
[2026-09-05 19:03:02] Checkpoint 498/697 after PPXD10005A; 12901 extracted rows
[2026-09-05 19:03:15] Checkpoint 499/697 after PPXJ30002D; 12926 extracted rows
[2026-09-05 19:03:27] Checkpoint 500/697 after PPXH10019B; 12953 extracted rows
[2026-09-05 19:03:42] Checkpoint 501/697 after PPXD10006A; 12968 extracted rows
[2026-09-05 19:03:53] Checkpoint 502/697 after PPXD10033C; 12993 extracted rows
[2026-09-05 19:04:05] Checkpoint 503/697 after PPXJ10014A; 13003 extracted rows
[2026-09-05 19:04:18] Checkpoint 504/697 after PPXD10007F; 13043 extracted rows
[2026-09-05 19:04:33] Checkpoint 505/697 after PPXH30065A; 13053 extracted rows
[2026-09-05 19:04:45] Checkpoint 506/697 after PPXJ30041E; 13083 extracted rows
[2026-09-05 19:04:57] Checkpoint 507/697 after PPXJ30035B; 13093 extracted rows
[2026-09-05 19:05:13] Checkpoint 508/697 after PPXH30022B; 13147 extracted rows
[2026-09-05 19:05:28] Checkpoint 509/697 after PP2H00013A; 13165 extracted rows
[2026-09-05 19:05:51] Checkpoint 510/697 after PPXF10001A; 13165 extracted rows
[2026-09-05 19:06:21] Checkpoint 511/697 after PPXH10037E; 13165 extracted rows
[2026-09-05 19:06:35] Checkpoint 512/697 after PPXH30009I; 13237 extracted rows
[2026-09-05 19:06:48] Checkpoint 513/697 after PPXF30011J; 13277 extracted rows
[2026-09-05 19:07:02] Checkpoint 514/697 after PPXH10010E; 13322 extracted rows
[2026-09-05 19:07:15] Checkpoint 515/697 after PPXF30025A; 13327 extracted rows
[2026-09-05 19:07:28] Checkpoint 516/697 after PPXJ30013A; 13347 extracted rows
[2026-09-05 19:07:40] Checkpoint 517/697 after PPXJ30062A; 13367 extracted rows
[2026-09-05 19:07:52] Checkpoint 518/697 after PPXJ10003A; 13397 extracted rows
[2026-09-05 19:08:02] Checkpoint 519/697 after PPXJ30029B; 13427 extracted rows
[2026-09-05 19:08:15] Checkpoint 520/697 after PPXJ10001A; 13442 extracted rows
[2026-09-05 19:09:05] Checkpoint 521/697 after PP0H0A004; 13442 extracted rows
[2026-09-05 19:09:35] Checkpoint 522/697 after PPXF30050A; 13442 extracted rows
[2026-09-05 19:09:48] Checkpoint 523/697 after PPXH10036A; 13457 extracted rows
[2026-09-05 19:10:00] Checkpoint 524/697 after PPXF30007B; 13467 extracted rows
[2026-09-05 19:10:16] Checkpoint 525/697 after PPXD10002B; 13477 extracted rows
[2026-09-05 19:10:30] Checkpoint 526/697 after PPXJ30016B; 13487 extracted rows
[2026-09-05 19:10:45] Checkpoint 527/697 after PPXD10009C; 13502 extracted rows
[2026-09-05 19:11:00] Checkpoint 528/697 after PPXD10021E; 13517 extracted rows
[2026-09-05 19:11:13] Checkpoint 529/697 after PPXJ30018A; 13552 extracted rows
[2026-09-05 19:11:28] Checkpoint 530/697 after PPXJ30058G; 13597 extracted rows
[2026-09-05 19:11:41] Checkpoint 531/697 after PPXH10075A; 13602 extracted rows
[2026-09-05 19:11:53] Checkpoint 532/697 after PPXH10030A; 13620 extracted rows
[2026-09-05 19:12:06] Checkpoint 533/697 after PPXF30020A; 13630 extracted rows
[2026-09-05 19:12:20] Checkpoint 534/697 after PPXH30009G; 13702 extracted rows
[2026-09-05 19:12:34] Checkpoint 535/697 after PPXF10016B; 13712 extracted rows
[2026-09-05 19:12:47] Checkpoint 536/697 after PP2D00001D; 13732 extracted rows
[2026-09-05 19:12:57] Checkpoint 537/697 after PPXD10020C; 13792 extracted rows
[2026-09-05 19:13:11] Checkpoint 538/697 after PPXH30021D; 13846 extracted rows
[2026-09-05 19:13:36] Checkpoint 539/697 after PPXD10020G; 13846 extracted rows
[2026-09-05 19:13:49] Checkpoint 540/697 after PPXD10021C; 13861 extracted rows
[2026-09-05 19:13:49] Restarting stock browser before SKU PPXH30024C at position 541
[2026-09-05 19:14:14] Checkpoint 541/697 after PPXH30024C; 13906 extracted rows
[2026-09-05 19:14:28] Checkpoint 542/697 after PPXD10020L; 13966 extracted rows
[2026-09-05 19:14:42] Checkpoint 543/697 after PPXJ30018C; 14001 extracted rows
[2026-09-05 19:14:54] Checkpoint 544/697 after PPXF10025A; 14006 extracted rows
[2026-09-05 19:15:07] Checkpoint 545/697 after PPXH10023D; 14042 extracted rows
[2026-09-05 19:15:23] Checkpoint 546/697 after PPXF10001J; 14067 extracted rows
[2026-09-05 19:15:38] Checkpoint 547/697 after PPXJ30058E; 14112 extracted rows
[2026-09-05 19:15:51] Checkpoint 548/697 after PPXJ30029F; 14142 extracted rows
[2026-09-05 19:16:04] Checkpoint 549/697 after PPXH30061A; 14152 extracted rows
[2026-09-05 19:16:19] Checkpoint 550/697 after PPXH30021F; 14206 extracted rows
[2026-09-05 19:16:35] Checkpoint 551/697 after PP2H00008B; 14260 extracted rows
[2026-09-05 19:17:28] Checkpoint 552/697 after PPXD10007A; 14260 extracted rows
[2026-09-05 19:17:41] Checkpoint 553/697 after PP2H00023A; 14269 extracted rows
[2026-09-05 19:17:54] Checkpoint 554/697 after PP2J00009B; 14289 extracted rows
[2026-09-05 19:18:07] Checkpoint 555/697 after PPXJ10005G; 14314 extracted rows
[2026-09-05 19:18:22] Checkpoint 556/697 after PPXH30024G; 14359 extracted rows
[2026-09-05 19:18:35] Checkpoint 557/697 after PP2J00009A; 14379 extracted rows
[2026-09-05 19:18:48] Checkpoint 558/697 after PPXD10028C; 14389 extracted rows
[2026-09-05 19:19:05] Checkpoint 559/697 after PPXH10005B; 14416 extracted rows
[2026-09-05 19:19:18] Checkpoint 560/697 after PPXD10022A; 14426 extracted rows
[2026-09-05 19:19:30] Checkpoint 561/697 after PPXJ10003F; 14456 extracted rows
[2026-09-05 19:19:41] Checkpoint 562/697 after PPXJ10006F; 14481 extracted rows
[2026-09-05 19:19:54] Checkpoint 563/697 after PPXJ30002E; 14506 extracted rows
[2026-09-05 19:20:11] Checkpoint 564/697 after PPXH10035C; 14533 extracted rows
[2026-09-05 19:20:28] Checkpoint 565/697 after PPXF30035A; 14538 extracted rows
[2026-09-05 19:20:44] Checkpoint 566/697 after PPXH30037F; 14574 extracted rows
[2026-09-05 19:20:56] Checkpoint 567/697 after PPXD10003A; 14599 extracted rows
[2026-09-05 19:21:12] Checkpoint 568/697 after PPXJ30058I; 14644 extracted rows
[2026-09-05 19:21:27] Checkpoint 569/697 after PP2J00007B; 14659 extracted rows
[2026-09-05 19:21:50] Checkpoint 570/697 after PPXJ30024E; 14659 extracted rows
[2026-09-05 19:22:05] Checkpoint 571/697 after PPXH10036B; 14674 extracted rows
[2026-09-05 19:22:18] Checkpoint 572/697 after PPXJ10008G; 14709 extracted rows
[2026-09-05 19:22:32] Checkpoint 573/697 after PPXH10038B; 14727 extracted rows
[2026-09-05 19:22:45] Checkpoint 574/697 after PPXJ10009E; 14747 extracted rows
[2026-09-05 19:22:57] Checkpoint 575/697 after PPXJ10017A; 14757 extracted rows
[2026-09-05 19:23:12] Checkpoint 576/697 after PPXJ10009A; 14777 extracted rows
[2026-09-05 19:23:36] Checkpoint 577/697 after PPXJ30060A; 14777 extracted rows
[2026-09-05 19:23:48] Checkpoint 578/697 after PPXJ10001C; 14792 extracted rows
[2026-09-05 19:24:02] Checkpoint 579/697 after PPXJ10004D; 14807 extracted rows
[2026-09-05 19:24:18] Checkpoint 580/697 after PPXH30020C; 14861 extracted rows
[2026-09-05 19:24:34] Checkpoint 581/697 after PP2HC0039; 14879 extracted rows
[2026-09-05 19:24:48] Checkpoint 582/697 after PPXH30007A; 14924 extracted rows
[2026-09-05 19:25:20] Checkpoint 583/697 after PPXD10002C; 14924 extracted rows
[2026-09-05 19:25:37] Checkpoint 584/697 after PPXH10018B; 14960 extracted rows
[2026-09-05 19:25:53] Checkpoint 585/697 after PPXJ30052D; 14980 extracted rows
[2026-09-05 19:26:09] Checkpoint 586/697 after PPXJ30052A; 15000 extracted rows
[2026-09-05 19:26:22] Checkpoint 587/697 after PPXD10011D; 15020 extracted rows
[2026-09-05 19:26:38] Checkpoint 588/697 after PPXJ10008D; 15055 extracted rows
[2026-09-05 19:26:52] Checkpoint 589/697 after PP2H00021A; 15063 extracted rows
[2026-09-05 19:27:07] Checkpoint 590/697 after PP2H00010E; 15108 extracted rows
[2026-09-05 19:27:17] Checkpoint 591/697 after PP2H00022A; 15117 extracted rows
[2026-09-05 19:27:32] Checkpoint 592/697 after PPXJ30028I; 15147 extracted rows
[2026-09-05 19:27:46] Checkpoint 593/697 after PPXH10070A; 15156 extracted rows
[2026-09-05 19:27:59] Checkpoint 594/697 after PPXJ30001E; 15181 extracted rows
[2026-09-05 19:28:14] Checkpoint 595/697 after PPXH30023B; 15199 extracted rows
[2026-09-05 19:28:29] Checkpoint 596/697 after PPXH30057D; 15226 extracted rows
[2026-09-05 19:28:43] Checkpoint 597/697 after PPXH10058B; 15236 extracted rows
[2026-09-05 19:28:57] Checkpoint 598/697 after PP2H00017A; 15254 extracted rows
[2026-09-05 19:29:16] Checkpoint 599/697 after PPXH10010C; 15299 extracted rows
[2026-09-05 19:29:29] Checkpoint 600/697 after PP2H00010A; 15344 extracted rows
[2026-09-05 19:29:29] Restarting stock browser before SKU PPXH30005A at position 601
[2026-09-05 19:29:54] Checkpoint 601/697 after PPXH30005A; 15371 extracted rows
[2026-09-05 19:30:11] Checkpoint 602/697 after PP2J00014A; 15391 extracted rows
[2026-09-05 19:30:33] Checkpoint 603/697 after PPXD10032C; 15411 extracted rows
[2026-09-05 19:30:52] Checkpoint 604/697 after PPXF30021C; 15416 extracted rows
[2026-09-05 19:31:07] Checkpoint 605/697 after PPXJ30048E; 15431 extracted rows
[2026-09-05 19:31:22] Checkpoint 606/697 after PP2HC0040; 15449 extracted rows
[2026-09-05 19:31:36] Checkpoint 607/697 after PPXF10027A; 15454 extracted rows
[2026-09-05 19:31:49] Checkpoint 608/697 after PP2H00014A; 15463 extracted rows
[2026-09-05 19:32:04] Checkpoint 609/697 after PPXJ10005E; 15488 extracted rows
[2026-09-05 19:32:17] Checkpoint 610/697 after PP2H00005A; 15533 extracted rows
[2026-09-05 19:32:27] Checkpoint 611/697 after PP2H00008D; 15587 extracted rows
[2026-09-05 19:32:40] Checkpoint 612/697 after PPXH10031D; 15632 extracted rows
[2026-09-05 19:33:08] Checkpoint 613/697 after PPXH30017C; 15632 extracted rows
[2026-09-05 19:33:36] Checkpoint 614/697 after PPXD10001B; 15632 extracted rows
[2026-09-05 19:33:47] Checkpoint 615/697 after PPXH10032A; 15713 extracted rows
[2026-09-05 19:34:03] Checkpoint 616/697 after PPXD10020H; 15773 extracted rows
[2026-09-05 19:34:19] Checkpoint 617/697 after PPXD10033D; 15798 extracted rows
[2026-09-05 19:34:33] Checkpoint 618/697 after PPXD10018A; 15808 extracted rows
[2026-09-05 19:34:46] Checkpoint 619/697 after PPXF10011E; 15823 extracted rows
[2026-09-05 19:35:01] Checkpoint 620/697 after PPXH10041B; 15850 extracted rows
[2026-09-05 19:35:17] Checkpoint 621/697 after PPXJ30027F; 15885 extracted rows
[2026-09-05 19:35:31] Checkpoint 622/697 after PPXJ30028H; 15915 extracted rows
[2026-09-05 19:35:55] Checkpoint 623/697 after PPXF30007D; 15915 extracted rows
[2026-09-05 19:36:08] Checkpoint 624/697 after PPXH30011A; 15924 extracted rows
[2026-09-05 19:36:22] Checkpoint 625/697 after PP2HC0007; 15933 extracted rows
[2026-09-05 19:37:10] Checkpoint 626/697 after PP0H0A005; 15933 extracted rows
[2026-09-05 19:37:23] Checkpoint 627/697 after PPXD10023C; 15958 extracted rows
[2026-09-05 19:37:37] Checkpoint 628/697 after PPXD10033B; 15983 extracted rows
[2026-09-05 19:37:50] Checkpoint 629/697 after PPXH30054D; 16019 extracted rows
[2026-09-05 19:38:05] Checkpoint 630/697 after PPXD10020S; 16079 extracted rows
[2026-09-05 19:38:22] Checkpoint 631/697 after PP2H00001B; 16115 extracted rows
[2026-09-05 19:38:37] Checkpoint 632/697 after PPXH10037D; 16142 extracted rows
[2026-09-05 19:39:33] Checkpoint 633/697 after PP0H0C002; 16142 extracted rows
[2026-09-05 19:39:43] Checkpoint 634/697 after PP2H00001C; 16178 extracted rows
[2026-09-05 19:39:57] Checkpoint 635/697 after PPXH10007C; 16205 extracted rows
[2026-09-05 19:40:26] Checkpoint 636/697 after PP2H00003A; 16205 extracted rows
[2026-09-05 19:40:44] Checkpoint 637/697 after PPXD10021D; 16220 extracted rows
[2026-09-05 19:41:00] Checkpoint 638/697 after PPXD10016A; 16250 extracted rows
[2026-09-05 19:41:16] Checkpoint 639/697 after PPXF30006D; 16270 extracted rows
[2026-09-05 19:41:33] Checkpoint 640/697 after PPXJ30020A; 16285 extracted rows
[2026-09-05 19:41:48] Checkpoint 641/697 after PPXH10031E; 16330 extracted rows
[2026-09-05 19:42:06] Checkpoint 642/697 after PPXF10001G; 16355 extracted rows
[2026-09-05 19:42:24] Checkpoint 643/697 after PPXF30006A; 16375 extracted rows
[2026-09-05 19:42:39] Checkpoint 644/697 after PPXJ30020C; 16390 extracted rows
[2026-09-05 19:42:57] Checkpoint 645/697 after PPXH30021J; 16444 extracted rows
[2026-09-05 19:43:13] Checkpoint 646/697 after PPXH10017A; 16552 extracted rows
[2026-09-05 19:43:32] Checkpoint 647/697 after PPXJ30055B; 16562 extracted rows
[2026-09-05 19:43:48] Checkpoint 648/697 after PPXJ30019E; 16582 extracted rows
[2026-09-05 19:44:04] Checkpoint 649/697 after PPXD10009A; 16597 extracted rows
[2026-09-05 19:44:19] Checkpoint 650/697 after PPXJ30017A; 16602 extracted rows
[2026-09-05 19:45:11] Checkpoint 651/697 after PPXD10005C; 16602 extracted rows
[2026-09-05 19:45:27] Checkpoint 652/697 after PPXJ30028F; 16632 extracted rows
[2026-09-05 19:45:46] Checkpoint 653/697 after PPXF10001B; 16657 extracted rows
[2026-09-05 19:46:05] Checkpoint 654/697 after PPXH30005B; 16684 extracted rows
[2026-09-05 19:46:21] Checkpoint 655/697 after PPXJ30015A; 16694 extracted rows
[2026-09-05 19:46:35] Checkpoint 656/697 after PPXD10020F; 16754 extracted rows
[2026-09-05 19:46:50] Checkpoint 657/697 after PPXH10021C; 16779 extracted rows
[2026-09-05 19:47:05] Checkpoint 658/697 after PPXJ30034B; 16789 extracted rows
[2026-09-05 19:47:20] Checkpoint 659/697 after PP2HC10012; 16834 extracted rows
[2026-09-05 19:47:35] Checkpoint 660/697 after PPXH30024A; 16879 extracted rows
[2026-09-05 19:47:35] Restarting stock browser before SKU PP2J00007A at position 661
[2026-09-05 19:47:58] Checkpoint 661/697 after PP2J00007A; 16894 extracted rows
[2026-09-05 19:48:08] Checkpoint 662/697 after PP2J00013D; 16914 extracted rows
[2026-09-05 19:48:20] Checkpoint 663/697 after PPXJ10004B; 16929 extracted rows
[2026-09-05 19:48:34] Checkpoint 664/697 after PPXH30022C; 16983 extracted rows
[2026-09-05 19:48:47] Checkpoint 665/697 after PPXJ30026E; 17008 extracted rows
[2026-09-05 19:49:00] Checkpoint 666/697 after PPXJ30055C; 17018 extracted rows
[2026-09-05 19:49:14] Checkpoint 667/697 after PPXH30016B; 17045 extracted rows
[2026-09-05 19:49:41] Checkpoint 668/697 after PPXD10010C; 17045 extracted rows
[2026-09-05 19:49:54] Checkpoint 669/697 after PPXJ30036A; 17055 extracted rows
[2026-09-05 19:50:07] Checkpoint 670/697 after PP2H00005B; 17100 extracted rows
[2026-09-05 19:50:22] Checkpoint 671/697 after PPXD10019D; 17165 extracted rows
[2026-09-05 19:50:35] Checkpoint 672/697 after PPXJ10013A; 17175 extracted rows
[2026-09-05 19:50:46] Checkpoint 673/697 after PPXH10055B; 17202 extracted rows
[2026-09-05 19:50:59] Checkpoint 674/697 after PP2J00008B; 17222 extracted rows
[2026-09-05 19:51:13] Checkpoint 675/697 after PPXJ30030G; 17247 extracted rows
[2026-09-05 19:51:59] Checkpoint 676/697 after PP0H0A002; 17247 extracted rows
[2026-09-05 19:52:11] Checkpoint 677/697 after PPXD10029C; 17262 extracted rows
[2026-09-05 19:52:22] Checkpoint 678/697 after PP2H00010D; 17307 extracted rows
[2026-09-05 19:52:34] Checkpoint 679/697 after PPXD10033E; 17332 extracted rows
[2026-09-05 19:52:45] Checkpoint 680/697 after PPXH30013A; 17341 extracted rows
[2026-09-05 19:52:54] Checkpoint 681/697 after PPXH10032B; 17422 extracted rows
[2026-09-05 19:53:08] Checkpoint 682/697 after PPXD10019L; 17487 extracted rows
[2026-09-05 19:53:58] Checkpoint 683/697 after PP0H0C0006; 17487 extracted rows
[2026-09-05 19:54:23] Checkpoint 684/697 after PPXJ30036B; 17487 extracted rows
[2026-09-05 19:54:35] Checkpoint 685/697 after PPXH10036E; 17502 extracted rows
[2026-09-05 19:55:31] Checkpoint 686/697 after PP5N00002B; 17502 extracted rows
[2026-09-05 19:55:48] Checkpoint 687/697 after PPXJ30023A; 17527 extracted rows
[2026-09-05 19:56:04] Checkpoint 688/697 after PPXH30030B; 17545 extracted rows
[2026-09-05 19:56:19] Checkpoint 689/697 after PPXJ30013F; 17565 extracted rows
[2026-09-05 19:56:31] Checkpoint 690/697 after PPXJ30001A; 17590 extracted rows
[2026-09-05 19:56:44] Checkpoint 691/697 after PPXH10010H; 17635 extracted rows
[2026-09-05 19:57:00] Checkpoint 692/697 after PPXH30022E; 17689 extracted rows
[2026-09-05 19:57:13] Checkpoint 693/697 after PPXH10031C; 17734 extracted rows
[2026-09-05 19:57:26] Checkpoint 694/697 after PPXH10023B; 17770 extracted rows
[2026-09-05 19:57:35] Checkpoint 695/697 after PP2H00016A; 17779 extracted rows
[2026-09-05 19:57:48] Checkpoint 696/697 after PPXJ30003D; 17804 extracted rows
[2026-09-05 19:58:00] Checkpoint 697/697 after PPXD10032D; 17824 extracted rows
[2026-09-05 19:58:05] Stock run completed: 697 SKUs, 4883 output rows
[2026-09-06 05:00:12] Stock run started: 697 total, 0 resumed, 697 pending
[2026-09-06 05:00:38] Checkpoint 1/697 after PPXD10018B; 10 extracted rows
[2026-09-06 05:00:57] Checkpoint 2/697 after PPXF10016A; 20 extracted rows
[2026-09-06 05:01:16] Checkpoint 3/697 after PPXH10018C; 56 extracted rows
[2026-09-06 05:01:34] Checkpoint 4/697 after PPXD10011C; 76 extracted rows
[2026-09-06 05:01:52] Checkpoint 5/697 after PP2J00014C; 96 extracted rows
[2026-09-06 05:02:10] Checkpoint 6/697 after PPXF10032C; 111 extracted rows
[2026-09-06 05:02:27] Checkpoint 7/697 after PPXD10030D; 141 extracted rows
[2026-09-06 05:02:43] Checkpoint 8/697 after PPXH10042A; 159 extracted rows
[2026-09-06 05:03:00] Checkpoint 9/697 after PPXH10033B; 195 extracted rows
[2026-09-06 05:03:17] Checkpoint 10/697 after PPXH30014A; 222 extracted rows
[2026-09-06 05:03:34] Checkpoint 11/697 after PP2J00010B; 242 extracted rows
[2026-09-06 05:03:51] Checkpoint 12/697 after PPXJ30008D; 267 extracted rows
[2026-09-06 05:04:06] Checkpoint 13/697 after PPXF10012A; 272 extracted rows
[2026-09-06 05:04:21] Checkpoint 14/697 after PPXH10007B; 299 extracted rows
[2026-09-06 05:04:35] Checkpoint 15/697 after PPXJ10005B; 324 extracted rows
[2026-09-06 05:04:51] Checkpoint 16/697 after PP2H00010B; 369 extracted rows
[2026-09-06 05:05:08] Checkpoint 17/697 after PPXH30027B; 387 extracted rows
[2026-09-06 05:05:35] Checkpoint 18/697 after PPXH10010A; 387 extracted rows
[2026-09-06 05:05:47] Checkpoint 19/697 after PPXD10003D; 412 extracted rows
[2026-09-06 05:06:09] Checkpoint 20/697 after PPXJ10009D; 432 extracted rows
[2026-09-06 05:06:37] Checkpoint 21/697 after PPXJ10001E; 432 extracted rows
[2026-09-06 05:06:53] Checkpoint 22/697 after PPXJ30012E; 457 extracted rows
[2026-09-06 05:07:10] Checkpoint 23/697 after PPXH30018A; 466 extracted rows
[2026-09-06 05:07:27] Checkpoint 24/697 after PPXJ30027G; 501 extracted rows
[2026-09-06 05:07:56] Checkpoint 25/697 after PPXJ30022D; 501 extracted rows
[2026-09-06 05:08:12] Checkpoint 26/697 after PP2J00007C; 516 extracted rows
[2026-09-06 05:08:28] Checkpoint 27/697 after PP2H00001A; 552 extracted rows
[2026-09-06 05:08:45] Checkpoint 28/697 after PPXH10022C; 588 extracted rows
[2026-09-06 05:09:01] Checkpoint 29/697 after PPXH10055A; 615 extracted rows
[2026-09-06 05:09:19] Checkpoint 30/697 after PPXJ30029E; 645 extracted rows
[2026-09-06 05:09:35] Checkpoint 31/697 after PPXJ30036C; 655 extracted rows
[2026-09-06 05:09:46] Checkpoint 32/697 after PPXD10003B; 680 extracted rows
[2026-09-06 05:09:58] Checkpoint 33/697 after PPXJ30024D; 695 extracted rows
[2026-09-06 05:10:17] Checkpoint 34/697 after PPXH10035B; 722 extracted rows
[2026-09-06 05:10:34] Checkpoint 35/697 after PPXJ30028A; 752 extracted rows
[2026-09-06 05:10:53] Checkpoint 36/697 after PPXJ30026B; 777 extracted rows
[2026-09-06 05:11:09] Checkpoint 37/697 after PPXH10032M; 858 extracted rows
[2026-09-06 05:11:25] Checkpoint 38/697 after PPXJ30034A; 868 extracted rows
[2026-09-06 05:11:41] Checkpoint 39/697 after PPXH30021K; 922 extracted rows
[2026-09-06 05:12:39] Checkpoint 40/697 after PP0H0A024; 922 extracted rows
[2026-09-06 05:12:53] Checkpoint 41/697 after PPXF30014B; 932 extracted rows
[2026-09-06 05:13:07] Checkpoint 42/697 after PPXF30006C; 952 extracted rows
[2026-09-06 05:13:23] Checkpoint 43/697 after PPXH30069A; 972 extracted rows
[2026-09-06 05:13:37] Checkpoint 44/697 after PPXJ30058B; 1017 extracted rows
[2026-09-06 05:13:52] Checkpoint 45/697 after PPXJ30031F; 1037 extracted rows
[2026-09-06 05:14:07] Checkpoint 46/697 after PPXF30011E; 1077 extracted rows
[2026-09-06 05:14:21] Checkpoint 47/697 after PPXJ10006E; 1102 extracted rows
[2026-09-06 05:14:32] Checkpoint 48/697 after PPXJ10005F; 1127 extracted rows
[2026-09-06 05:14:47] Checkpoint 49/697 after PP2J00009C; 1147 extracted rows
[2026-09-06 05:14:58] Checkpoint 50/697 after PPXJ30010D; 1172 extracted rows
[2026-09-06 05:15:27] Checkpoint 51/697 after PPXJ30028B; 1172 extracted rows
[2026-09-06 05:15:44] Checkpoint 52/697 after PP2H00016A; 1181 extracted rows
[2026-09-06 05:16:00] Checkpoint 53/697 after PP2J00001A; 1201 extracted rows
[2026-09-06 05:16:16] Checkpoint 54/697 after PPXJ30060D; 1216 extracted rows
[2026-09-06 05:16:31] Checkpoint 55/697 after PPXD10030E; 1246 extracted rows
[2026-09-06 05:16:47] Checkpoint 56/697 after PPXJ30015B; 1256 extracted rows
[2026-09-06 05:17:02] Checkpoint 57/697 after PPXJ30030A; 1281 extracted rows
[2026-09-06 05:17:18] Checkpoint 58/697 after PPXH10013A; 1290 extracted rows
[2026-09-06 05:17:44] Checkpoint 59/697 after PPXH30066A; 1300 extracted rows
[2026-09-06 05:18:13] Checkpoint 60/697 after PPXJ30014A; 1305 extracted rows
[2026-09-06 05:18:15] Restarting stock browser before SKU PPXH10021F at position 61
[2026-09-06 05:19:07] Stock browser login attempt 1/4 failed: Could not locate Profuomo login form fields
[2026-09-06 05:19:35] Checkpoint 61/697 after PPXH10021F; 1330 extracted rows
[2026-09-06 05:19:50] Checkpoint 62/697 after PPXD10016B; 1360 extracted rows
[2026-09-06 05:20:06] Checkpoint 63/697 after PPXH10032H; 1441 extracted rows
[2026-09-06 05:21:04] Checkpoint 64/697 after PP0H0A027; 1441 extracted rows
[2026-09-06 05:21:18] Checkpoint 65/697 after PPXD10011A; 1461 extracted rows
[2026-09-06 05:21:34] Checkpoint 66/697 after PPXJ10005D; 1486 extracted rows
[2026-09-06 05:21:49] Checkpoint 67/697 after PPXJ30027A; 1521 extracted rows
[2026-09-06 05:22:01] Checkpoint 68/697 after PPXJ10016B; 1541 extracted rows
[2026-09-06 05:22:16] Checkpoint 69/697 after PPXH10017P; 1649 extracted rows
[2026-09-06 05:22:27] Checkpoint 70/697 after PPXF10001C; 1674 extracted rows
[2026-09-06 05:22:41] Checkpoint 71/697 after PPXJ30062C; 1694 extracted rows
[2026-09-06 05:23:03] Checkpoint 72/697 after PPXD10009B; 1694 extracted rows
[2026-09-06 05:23:16] Checkpoint 73/697 after PPXD10029A; 1709 extracted rows
[2026-09-06 05:23:31] Checkpoint 74/697 after PP2J00014B; 1729 extracted rows
[2026-09-06 05:23:42] Checkpoint 75/697 after PPXJ30028D; 1759 extracted rows
[2026-09-06 05:23:57] Checkpoint 76/697 after PPXJ30050A; 1769 extracted rows
[2026-09-06 05:24:12] Checkpoint 77/697 after PPXJ30031A; 1789 extracted rows
[2026-09-06 05:24:28] Checkpoint 78/697 after PPXH10032L; 1870 extracted rows
[2026-09-06 05:24:44] Checkpoint 79/697 after PP2H00010C; 1915 extracted rows
[2026-09-06 05:24:54] Checkpoint 80/697 after PPXJ30029C; 1945 extracted rows
[2026-09-06 05:25:12] Checkpoint 81/697 after PPXH10005A; 1972 extracted rows
[2026-09-06 05:25:29] Checkpoint 82/697 after PPXJ10002B; 1992 extracted rows
[2026-09-06 05:25:40] Checkpoint 83/697 after PPXF30013A; 2002 extracted rows
[2026-09-06 05:25:59] Checkpoint 84/697 after PPXH10032N; 2083 extracted rows
[2026-09-06 05:26:12] Checkpoint 85/697 after PP2HC10008; 2092 extracted rows
[2026-09-06 05:26:24] Checkpoint 86/697 after PPXH10040A; 2101 extracted rows
[2026-09-06 05:26:42] Checkpoint 87/697 after PPXJ10008B; 2136 extracted rows
[2026-09-06 05:27:00] Checkpoint 88/697 after PPXF30012C; 2146 extracted rows
[2026-09-06 05:27:18] Checkpoint 89/697 after PPXJ10021A; 2166 extracted rows
[2026-09-06 05:27:36] Checkpoint 90/697 after PPXJ10014B; 2176 extracted rows
[2026-09-06 05:27:51] Checkpoint 91/697 after PPXF30011D; 2216 extracted rows
[2026-09-06 05:28:09] Checkpoint 92/697 after PPXH10017L; 2324 extracted rows
[2026-09-06 05:28:40] Checkpoint 93/697 after PPXH30021H; 2324 extracted rows
[2026-09-06 05:28:56] Checkpoint 94/697 after PP2HC0001; 2333 extracted rows
[2026-09-06 05:29:14] Checkpoint 95/697 after PPXD10019J; 2398 extracted rows
[2026-09-06 05:29:30] Checkpoint 96/697 after PPXH10022B; 2434 extracted rows
[2026-09-06 05:29:45] Checkpoint 97/697 after PPXD10016E; 2464 extracted rows
[2026-09-06 05:30:00] Checkpoint 98/697 after PPXJ30031E; 2484 extracted rows
[2026-09-06 05:30:19] Checkpoint 99/697 after PPXJ30031G; 2504 extracted rows
[2026-09-06 05:30:37] Checkpoint 100/697 after PPXH30050B; 2522 extracted rows
[2026-09-06 05:30:54] Checkpoint 101/697 after PP2HC0011; 2522 extracted rows
[2026-09-06 05:31:10] Checkpoint 102/697 after PPXH10006A; 2531 extracted rows
[2026-09-06 05:31:25] Checkpoint 103/697 after PPXF30012A; 2541 extracted rows
[2026-09-06 05:31:39] Checkpoint 104/697 after PPXH30014B; 2568 extracted rows
[2026-09-06 05:31:55] Checkpoint 105/697 after PPXH30024F; 2613 extracted rows
[2026-09-06 05:32:10] Checkpoint 106/697 after PPXH10065A; 2622 extracted rows
[2026-09-06 05:32:24] Checkpoint 107/697 after PPXJ10002D; 2642 extracted rows
[2026-09-06 05:32:38] Checkpoint 108/697 after PP2H00015A; 2651 extracted rows
[2026-09-06 05:32:54] Checkpoint 109/697 after PPXH10055D; 2678 extracted rows
[2026-09-06 05:33:09] Checkpoint 110/697 after PPXJ30018D; 2713 extracted rows
[2026-09-06 05:33:24] Checkpoint 111/697 after PPXH30016D; 2740 extracted rows
[2026-09-06 05:33:39] Checkpoint 112/697 after PPXJ30008F; 2765 extracted rows
[2026-09-06 05:33:54] Checkpoint 113/697 after PPXF30011G; 2805 extracted rows
[2026-09-06 05:34:09] Checkpoint 114/697 after PPXJ30030I; 2830 extracted rows
[2026-09-06 05:34:28] Checkpoint 115/697 after PPXH30054A; 2866 extracted rows
[2026-09-06 05:34:38] Checkpoint 116/697 after PPXH30006C; 2893 extracted rows
[2026-09-06 05:34:53] Checkpoint 117/697 after PPXD10019Q; 2958 extracted rows
[2026-09-06 05:35:11] Checkpoint 118/697 after PPXH10033D; 2994 extracted rows
[2026-09-06 05:35:29] Checkpoint 119/697 after PP2H00012A; 3012 extracted rows
[2026-09-06 05:35:47] Checkpoint 120/697 after PPXH30020E; 3066 extracted rows
[2026-09-06 05:35:47] Restarting stock browser before SKU PPXH10022D at position 121
[2026-09-06 05:36:13] Checkpoint 121/697 after PPXH10022D; 3102 extracted rows
[2026-09-06 05:36:31] Checkpoint 122/697 after PPXH10009A; 3111 extracted rows
[2026-09-06 05:36:47] Checkpoint 123/697 after PP2HC10011; 3165 extracted rows
[2026-09-06 05:37:03] Checkpoint 124/697 after PPXJ10009B; 3185 extracted rows
[2026-09-06 05:37:20] Checkpoint 125/697 after PPXF30011F; 3225 extracted rows
[2026-09-06 05:37:36] Checkpoint 126/697 after PP2H00013B; 3243 extracted rows
[2026-09-06 05:37:51] Checkpoint 127/697 after PP2D00001B; 3263 extracted rows
[2026-09-06 05:38:50] Checkpoint 128/697 after PPXD10032B; 3263 extracted rows
[2026-09-06 05:39:17] Checkpoint 129/697 after PPXF30011C; 3263 extracted rows
[2026-09-06 05:39:32] Checkpoint 130/697 after PPXH30016C; 3290 extracted rows
[2026-09-06 05:39:48] Checkpoint 131/697 after PPXF30011I; 3330 extracted rows
[2026-09-06 05:40:02] Checkpoint 132/697 after PPXH30012C; 3339 extracted rows
[2026-09-06 05:40:17] Checkpoint 133/697 after PPXH10037A; 3366 extracted rows
[2026-09-06 05:40:32] Checkpoint 134/697 after PPXJ10016C; 3386 extracted rows
[2026-09-06 05:40:49] Checkpoint 135/697 after PPXJ30061B; 3396 extracted rows
[2026-09-06 05:41:02] Checkpoint 136/697 after PPXH30009F; 3468 extracted rows
[2026-09-06 05:41:31] Checkpoint 137/697 after PPXJ30030F; 3468 extracted rows
[2026-09-06 05:41:48] Checkpoint 138/697 after PPXH10022A; 3504 extracted rows
[2026-09-06 05:42:03] Checkpoint 139/697 after PPXD10022B; 3514 extracted rows
[2026-09-06 05:42:18] Checkpoint 140/697 after PPXD10030C; 3544 extracted rows
[2026-09-06 05:42:29] Checkpoint 141/697 after PPXD10020D; 3604 extracted rows
[2026-09-06 05:42:39] Checkpoint 142/697 after PPXJ30018G; 3639 extracted rows
[2026-09-06 05:42:53] Checkpoint 143/697 after PPXJ30008C; 3664 extracted rows
[2026-09-06 05:43:07] Checkpoint 144/697 after PPXH30069B; 3684 extracted rows
[2026-09-06 05:43:20] Checkpoint 145/697 after PPXJ30024F; 3699 extracted rows
[2026-09-06 05:43:35] Checkpoint 146/697 after PPXD10020B; 3759 extracted rows
[2026-09-06 05:43:51] Checkpoint 147/697 after PPXD10025B; 3764 extracted rows
[2026-09-06 05:44:04] Checkpoint 148/697 after PPXD10033A; 3789 extracted rows
[2026-09-06 05:44:20] Checkpoint 149/697 after PPXH10017Q; 3897 extracted rows
[2026-09-06 05:44:36] Checkpoint 150/697 after PPXH10044A; 3906 extracted rows
[2026-09-06 05:45:32] Checkpoint 151/697 after PP0H0A003; 3906 extracted rows
[2026-09-06 05:45:47] Checkpoint 152/697 after PPXH10015A; 3915 extracted rows
[2026-09-06 05:46:03] Checkpoint 153/697 after PPXD10019K; 3980 extracted rows
[2026-09-06 05:46:19] Checkpoint 154/697 after PPXF30051A; 3985 extracted rows
[2026-09-06 05:46:29] Checkpoint 155/697 after PPXF30022C; 4000 extracted rows
[2026-09-06 05:46:44] Checkpoint 156/697 after PPXH10021E; 4025 extracted rows
[2026-09-06 05:46:59] Checkpoint 157/697 after PPXH10041C; 4052 extracted rows
[2026-09-06 05:47:14] Checkpoint 158/697 after PPXD10019C; 4117 extracted rows
[2026-09-06 05:47:28] Checkpoint 159/697 after PPXH10011A; 4135 extracted rows
[2026-09-06 05:47:41] Checkpoint 160/697 after PP2H00012B; 4153 extracted rows
[2026-09-06 05:47:56] Checkpoint 161/697 after PPXJ30019C; 4173 extracted rows
[2026-09-06 05:48:11] Checkpoint 162/697 after PPXH10017E; 4281 extracted rows
[2026-09-06 05:48:27] Checkpoint 163/697 after PPXH30050A; 4299 extracted rows
[2026-09-06 05:48:41] Checkpoint 164/697 after PPXH10074A; 4308 extracted rows
[2026-09-06 05:48:55] Checkpoint 165/697 after PPXJ10006D; 4333 extracted rows
[2026-09-06 05:49:09] Checkpoint 166/697 after PPXD10017A; 4348 extracted rows
[2026-09-06 05:49:36] Checkpoint 167/697 after PPXD10012C; 4348 extracted rows
[2026-09-06 05:49:49] Checkpoint 168/697 after PPXD10019P; 4413 extracted rows
[2026-09-06 05:50:01] Checkpoint 169/697 after PPXH30020H; 4467 extracted rows
[2026-09-06 05:50:18] Checkpoint 170/697 after PPXF10032B; 4482 extracted rows
[2026-09-06 05:50:39] Checkpoint 171/697 after PPXD10001G; 4492 extracted rows
[2026-09-06 05:50:55] Checkpoint 172/697 after PPXJ30019A; 4512 extracted rows
[2026-09-06 05:51:07] Checkpoint 173/697 after PPXH10017D; 4620 extracted rows
[2026-09-06 05:51:23] Checkpoint 174/697 after PPXJ30051A; 4625 extracted rows
[2026-09-06 05:51:37] Checkpoint 175/697 after PPXH30007C; 4670 extracted rows
[2026-09-06 05:51:48] Checkpoint 176/697 after PP2J00013B; 4690 extracted rows
[2026-09-06 05:52:05] Checkpoint 177/697 after PPXJ30058C; 4735 extracted rows
[2026-09-06 05:52:25] Checkpoint 178/697 after PPXH10023A; 4771 extracted rows
[2026-09-06 05:52:41] Checkpoint 179/697 after PPXF10014B; 4776 extracted rows
[2026-09-06 05:52:55] Checkpoint 180/697 after PPXJ30057A; 4806 extracted rows
[2026-09-06 05:52:55] Restarting stock browser before SKU PPXD10025A at position 181
[2026-09-06 05:53:26] Checkpoint 181/697 after PPXD10025A; 4811 extracted rows
[2026-09-06 05:53:41] Checkpoint 182/697 after PPXH30041A; 4820 extracted rows
[2026-09-06 05:53:55] Checkpoint 183/697 after PPXD10017B; 4835 extracted rows
[2026-09-06 05:54:11] Checkpoint 184/697 after PPXF10011A; 4850 extracted rows
[2026-09-06 05:54:27] Checkpoint 185/697 after PPXF30014A; 4860 extracted rows
[2026-09-06 05:54:42] Checkpoint 186/697 after PPXD10011E; 4880 extracted rows
[2026-09-06 05:54:52] Checkpoint 187/697 after PPXJ30062E; 4900 extracted rows
[2026-09-06 05:55:07] Checkpoint 188/697 after PPXJ30019D; 4920 extracted rows
[2026-09-06 05:55:18] Checkpoint 189/697 after PPXH10034B; 4956 extracted rows
[2026-09-06 05:55:35] Checkpoint 190/697 after PPXD10007I; 4996 extracted rows
[2026-09-06 05:56:05] Checkpoint 191/697 after PPXD10011B; 4996 extracted rows
[2026-09-06 05:56:20] Checkpoint 192/697 after PPXH30021C; 5050 extracted rows
[2026-09-06 05:56:36] Checkpoint 193/697 after PPXF10026A; 5055 extracted rows
[2026-09-06 05:56:54] Checkpoint 194/697 after PPXD10019A; 5120 extracted rows
[2026-09-06 05:57:10] Checkpoint 195/697 after PPXF30022E; 5135 extracted rows
[2026-09-06 05:57:36] Checkpoint 196/697 after PPXH10017F; 5135 extracted rows
[2026-09-06 05:57:46] Checkpoint 197/697 after PP2J00008C; 5155 extracted rows
[2026-09-06 05:57:57] Checkpoint 198/697 after PP2J00014D; 5175 extracted rows
[2026-09-06 05:58:12] Checkpoint 199/697 after PPXH10017C; 5283 extracted rows
[2026-09-06 05:58:29] Checkpoint 200/697 after PPXD10030F; 5313 extracted rows
[2026-09-06 05:58:45] Checkpoint 201/697 after PP2HC0013; 5333 extracted rows
[2026-09-06 05:59:02] Checkpoint 202/697 after PPXH10067A; 5342 extracted rows
[2026-09-06 05:59:17] Checkpoint 203/697 after PPXJ30007D; 5352 extracted rows
[2026-09-06 05:59:33] Checkpoint 204/697 after PP2J00001C; 5372 extracted rows
[2026-09-06 05:59:49] Checkpoint 205/697 after PP2D00001C; 5392 extracted rows
[2026-09-06 06:00:08] Checkpoint 206/697 after PPXJ10002A; 5412 extracted rows
[2026-09-06 06:00:31] Checkpoint 207/697 after PPXJ30030B; 5437 extracted rows
[2026-09-06 06:01:15] Checkpoint 208/697 after PPXJ30036D; 5447 extracted rows
[2026-09-06 06:01:40] Checkpoint 209/697 after PPXJ10016D; 5467 extracted rows
[2026-09-06 06:02:04] Checkpoint 210/697 after PPXD10001A; 5477 extracted rows
[2026-09-06 06:02:29] Checkpoint 211/697 after PPXH10019C; 5504 extracted rows
[2026-09-06 06:02:53] Checkpoint 212/697 after PPXH30037I; 5540 extracted rows
[2026-09-06 06:03:14] Checkpoint 213/697 after PPXJ30027B; 5575 extracted rows
[2026-09-06 06:03:34] Checkpoint 214/697 after PPXH30017A; 5584 extracted rows
[2026-09-06 06:03:52] Checkpoint 215/697 after PPXJ30058A; 5629 extracted rows
[2026-09-06 06:04:12] Checkpoint 216/697 after PPXH30020A; 5683 extracted rows
[2026-09-06 06:04:29] Checkpoint 217/697 after PP2H00011B; 5710 extracted rows
[2026-09-06 06:04:45] Checkpoint 218/697 after PPXJ30058F; 5755 extracted rows
[2026-09-06 06:04:58] Checkpoint 219/697 after PPXH30046A; 5764 extracted rows
[2026-09-06 06:06:02] Checkpoint 220/697 after PP0H0A001; 5764 extracted rows
[2026-09-06 06:06:20] Checkpoint 221/697 after PPXJ10003D; 5794 extracted rows
[2026-09-06 06:06:36] Checkpoint 222/697 after PPXH10034A; 5830 extracted rows
[2026-09-06 06:06:52] Checkpoint 223/697 after PPXJ10008F; 5865 extracted rows
[2026-09-06 06:07:10] Checkpoint 224/697 after PPXH30022F; 5919 extracted rows
[2026-09-06 06:07:38] Checkpoint 225/697 after PPXJ30022E; 5919 extracted rows
[2026-09-06 06:08:08] Checkpoint 226/697 after PPXH10049A; 5919 extracted rows
[2026-09-06 06:08:25] Checkpoint 227/697 after PPXH30037B; 5955 extracted rows
[2026-09-06 06:08:44] Checkpoint 228/697 after PPXJ30027E; 5990 extracted rows
[2026-09-06 06:09:04] Checkpoint 229/697 after PPXH30032D; 6020 extracted rows
[2026-09-06 06:09:32] Checkpoint 230/697 after PPXD10007C; 6020 extracted rows
[2026-09-06 06:09:50] Checkpoint 231/697 after PPXH10017K; 6128 extracted rows
[2026-09-06 06:10:03] Checkpoint 232/697 after PPXJ30048D; 6143 extracted rows
[2026-09-06 06:10:15] Checkpoint 233/697 after PPXD10032A; 6163 extracted rows
[2026-09-06 06:10:44] Checkpoint 234/697 after PPXD10001F; 6163 extracted rows
[2026-09-06 06:11:03] Checkpoint 235/697 after PPXJ30050B; 6173 extracted rows
[2026-09-06 06:11:21] Checkpoint 236/697 after PPXH10017S; 6281 extracted rows
[2026-09-06 06:11:39] Checkpoint 237/697 after PPXF30011H; 6321 extracted rows
[2026-09-06 06:12:35] Checkpoint 238/697 after PP2J00012C; 6321 extracted rows
[2026-09-06 06:12:54] Checkpoint 239/697 after PPXD10016D; 6351 extracted rows
[2026-09-06 06:13:12] Checkpoint 240/697 after PP2H00011A; 6378 extracted rows
[2026-09-06 06:13:12] Restarting stock browser before SKU PPXJ10020B at position 241
[2026-09-06 06:13:47] Stock browser login attempt 1/4 failed: Could not locate Profuomo login form fields
[2026-09-06 06:14:33] Stock browser login attempt 2/4 failed: Could not locate Profuomo login form fields
[2026-09-06 06:15:07] Checkpoint 241/697 after PPXJ10020B; 6398 extracted rows
[2026-09-06 06:15:26] Checkpoint 242/697 after PPXJ10021D; 6418 extracted rows
[2026-09-06 06:15:44] Checkpoint 243/697 after PPXJ30025F; 6428 extracted rows
[2026-09-06 06:16:03] Checkpoint 244/697 after PPXD10002A; 6438 extracted rows
[2026-09-06 06:16:25] Checkpoint 245/697 after PPXH10007A; 6465 extracted rows
[2026-09-06 06:16:43] Checkpoint 246/697 after PPXH10021B; 6490 extracted rows
[2026-09-06 06:17:02] Checkpoint 247/697 after PP2H00008A; 6544 extracted rows
[2026-09-06 06:17:22] Checkpoint 248/697 after PPXD10020J; 6604 extracted rows
[2026-09-06 06:17:34] Checkpoint 249/697 after PPXH10066C; 6631 extracted rows
[2026-09-06 06:17:51] Checkpoint 250/697 after PPXJ10002E; 6651 extracted rows
[2026-09-06 06:18:09] Checkpoint 251/697 after PP2J00010C; 6671 extracted rows
[2026-09-06 06:18:25] Checkpoint 252/697 after PPXF10013A; 6681 extracted rows
[2026-09-06 06:18:50] Checkpoint 253/697 after PPXH10017I; 6681 extracted rows
[2026-09-06 06:19:07] Checkpoint 254/697 after PPXF10034A; 6686 extracted rows
[2026-09-06 06:19:24] Checkpoint 255/697 after PP2J00010D; 6706 extracted rows
[2026-09-06 06:19:52] Checkpoint 256/697 after PPXD10019E; 6706 extracted rows
[2026-09-06 06:20:12] Checkpoint 257/697 after PPXJ30047B; 6721 extracted rows
[2026-09-06 06:20:32] Checkpoint 258/697 after PPXJ30063D; 6741 extracted rows
[2026-09-06 06:20:54] Checkpoint 259/697 after PPXD10007G; 6781 extracted rows
[2026-09-06 06:21:13] Checkpoint 260/697 after PPXJ30062D; 6801 extracted rows
[2026-09-06 06:21:44] Checkpoint 261/697 after PPXD10029B; 6801 extracted rows
[2026-09-06 06:22:03] Checkpoint 262/697 after PPXH10034D; 6837 extracted rows
[2026-09-06 06:22:23] Checkpoint 263/697 after PPXJ30003A; 6862 extracted rows
[2026-09-06 06:22:41] Checkpoint 264/697 after PPXD10023E; 6887 extracted rows
[2026-09-06 06:23:00] Checkpoint 265/697 after PP2H00017B; 6905 extracted rows
[2026-09-06 06:23:18] Checkpoint 266/697 after PPXH30010A; 6914 extracted rows
[2026-09-06 06:23:34] Checkpoint 267/697 after PP2H00011C; 6941 extracted rows
[2026-09-06 06:23:52] Checkpoint 268/697 after PP2J00001B; 6961 extracted rows
[2026-09-06 06:24:09] Checkpoint 269/697 after PPXF30006B; 6981 extracted rows
[2026-09-06 06:24:26] Checkpoint 270/697 after PPXH30020F; 7035 extracted rows
[2026-09-06 06:24:55] Checkpoint 271/697 after PPXJ30029D; 7035 extracted rows
[2026-09-06 06:25:19] Checkpoint 272/697 after PPXH10023C; 7071 extracted rows
[2026-09-06 06:26:38] Checkpoint 273/697 after PP0H0A028; 7071 extracted rows
[2026-09-06 06:27:00] Checkpoint 274/697 after PPXD10019O; 7136 extracted rows
[2026-09-06 06:27:15] Checkpoint 275/697 after PPXD10020K; 7196 extracted rows
[2026-09-06 06:27:36] Checkpoint 276/697 after PP2J00008D; 7216 extracted rows
[2026-09-06 06:27:55] Checkpoint 277/697 after PPXJ30026G; 7241 extracted rows
[2026-09-06 06:28:13] Checkpoint 278/697 after PPXJ30030D; 7266 extracted rows
[2026-09-06 06:28:32] Checkpoint 279/697 after PPXH30006B; 7293 extracted rows
[2026-09-06 06:28:50] Checkpoint 280/697 after PPXH10059A; 7298 extracted rows
[2026-09-06 06:29:06] Checkpoint 281/697 after PPXJ30008E; 7323 extracted rows
[2026-09-06 06:29:24] Checkpoint 282/697 after PPXJ30058D; 7368 extracted rows
[2026-09-06 06:29:41] Checkpoint 283/697 after PP2HC0006; 7377 extracted rows
[2026-09-06 06:29:56] Checkpoint 284/697 after PPXH30030C; 7395 extracted rows
[2026-09-06 06:30:29] Checkpoint 285/697 after PPXJ10002C; 7415 extracted rows
[2026-09-06 06:31:04] Checkpoint 286/697 after PPXH10004A; 7415 extracted rows
[2026-09-06 06:31:25] Checkpoint 287/697 after PPXJ10021B; 7435 extracted rows
[2026-09-06 06:31:43] Checkpoint 288/697 after PPXH10039B; 7453 extracted rows
[2026-09-06 06:32:03] Checkpoint 289/697 after PPXF10001I; 7478 extracted rows
[2026-09-06 06:32:22] Checkpoint 290/697 after PP2J00010A; 7498 extracted rows
[2026-09-06 06:32:39] Checkpoint 291/697 after PPXJ10017B; 7508 extracted rows
[2026-09-06 06:32:57] Checkpoint 292/697 after PPXH30009B; 7580 extracted rows
[2026-09-06 06:33:15] Checkpoint 293/697 after PPXF10002A; 7585 extracted rows
[2026-09-06 06:33:30] Checkpoint 294/697 after PPXH10032C; 7666 extracted rows
[2026-09-06 06:33:47] Checkpoint 295/697 after PPXH10031B; 7711 extracted rows
[2026-09-06 06:34:04] Checkpoint 296/697 after PP2H00018A; 7729 extracted rows
[2026-09-06 06:34:19] Checkpoint 297/697 after PPXH10042B; 7747 extracted rows
[2026-09-06 06:34:36] Checkpoint 298/697 after PPXH30006A; 7774 extracted rows
[2026-09-06 06:34:47] Checkpoint 299/697 after PP2J00013C; 7794 extracted rows
[2026-09-06 06:35:02] Checkpoint 300/697 after PPXH30001A; 7803 extracted rows
[2026-09-06 06:35:02] Restarting stock browser before SKU PP0H0A036 at position 301
[2026-09-06 06:36:11] Checkpoint 301/697 after PP0H0A036; 7803 extracted rows
[2026-09-06 06:36:27] Checkpoint 302/697 after PPXJ30035A; 7813 extracted rows
[2026-09-06 06:36:42] Checkpoint 303/697 after PP2J00008A; 7833 extracted rows
[2026-09-06 06:36:59] Checkpoint 304/697 after PPXJ30012A; 7858 extracted rows
[2026-09-06 06:37:16] Checkpoint 305/697 after PPXJ30012D; 7883 extracted rows
[2026-09-06 06:37:34] Checkpoint 306/697 after PPXJ30046A; 7903 extracted rows
[2026-09-06 06:37:51] Checkpoint 307/697 after PP2H00020A; 7912 extracted rows
[2026-09-06 06:38:08] Checkpoint 308/697 after PPXF30011A; 7952 extracted rows
[2026-09-06 06:38:29] Checkpoint 309/697 after PPXH10010F; 7997 extracted rows
[2026-09-06 06:38:47] Checkpoint 310/697 after PPXH10030B; 8015 extracted rows
[2026-09-06 06:39:07] Checkpoint 311/697 after PPXJ30046D; 8035 extracted rows
[2026-09-06 06:39:26] Checkpoint 312/697 after PPXD10023B; 8060 extracted rows
[2026-09-06 06:39:45] Checkpoint 313/697 after PPXJ30007F; 8070 extracted rows
[2026-09-06 06:40:02] Checkpoint 314/697 after PPXH10032O; 8151 extracted rows
[2026-09-06 06:40:21] Checkpoint 315/697 after PPXJ30063E; 8171 extracted rows
[2026-09-06 06:40:39] Checkpoint 316/697 after PPXJ30011E; 8191 extracted rows
[2026-09-06 06:40:53] Checkpoint 317/697 after PP2J00013A; 8211 extracted rows
[2026-09-06 06:41:11] Checkpoint 318/697 after PPXH10012A; 8220 extracted rows
[2026-09-06 06:41:28] Checkpoint 319/697 after PPXH10064B; 8229 extracted rows
[2026-09-06 06:41:45] Checkpoint 320/697 after PPXD10019M; 8294 extracted rows
[2026-09-06 06:42:00] Checkpoint 321/697 after PPXD10030A; 8324 extracted rows
[2026-09-06 06:42:13] Checkpoint 322/697 after PPXJ30040C; 8329 extracted rows
[2026-09-06 06:42:32] Checkpoint 323/697 after PPXH30022A; 8383 extracted rows
[2026-09-06 06:42:51] Checkpoint 324/697 after PPXD10019T; 8448 extracted rows
[2026-09-06 06:43:08] Checkpoint 325/697 after PPXJ30002A; 8473 extracted rows
[2026-09-06 06:43:25] Checkpoint 326/697 after PPXJ30012F; 8498 extracted rows
[2026-09-06 06:43:42] Checkpoint 327/697 after PPXH30009H; 8570 extracted rows
[2026-09-06 06:43:59] Checkpoint 328/697 after PP2H00018B; 8588 extracted rows
[2026-09-06 06:44:16] Checkpoint 329/697 after PPXH10019A; 8615 extracted rows
[2026-09-06 06:44:32] Checkpoint 330/697 after PPXD10012E; 8620 extracted rows
[2026-09-06 06:44:43] Checkpoint 331/697 after PPXH30002A; 8629 extracted rows
[2026-09-06 06:44:57] Checkpoint 332/697 after PPXD10020O; 8689 extracted rows
[2026-09-06 06:45:29] Checkpoint 333/697 after PPXD10021B; 8689 extracted rows
[2026-09-06 06:45:42] Checkpoint 334/697 after PPXD10020A; 8749 extracted rows
[2026-09-06 06:45:59] Checkpoint 335/697 after PPXH10002B; 8758 extracted rows
[2026-09-06 06:46:17] Checkpoint 336/697 after PPXJ10006A; 8783 extracted rows
[2026-09-06 06:46:33] Checkpoint 337/697 after PPXJ30016A; 8793 extracted rows
[2026-09-06 06:46:48] Checkpoint 338/697 after PPXD10008B; 8798 extracted rows
[2026-09-06 06:47:16] Checkpoint 339/697 after PPXJ10001B; 8798 extracted rows
[2026-09-06 06:47:33] Checkpoint 340/697 after PPXD10007E; 8838 extracted rows
[2026-09-06 06:48:01] Checkpoint 341/697 after PP2J00005C; 8838 extracted rows
[2026-09-06 06:48:18] Checkpoint 342/697 after PP2HC0038; 8847 extracted rows
[2026-09-06 06:48:36] Checkpoint 343/697 after PPXJ30027D; 8882 extracted rows
[2026-09-06 06:48:53] Checkpoint 344/697 after PPXJ30009F; 8892 extracted rows
[2026-09-06 06:49:10] Checkpoint 345/697 after PPXJ30060C; 8907 extracted rows
[2026-09-06 06:49:29] Checkpoint 346/697 after PPXH10035A; 8934 extracted rows
[2026-09-06 06:49:56] Checkpoint 347/697 after PPXH10002A; 8934 extracted rows
[2026-09-06 06:50:17] Checkpoint 348/697 after PPXD10016C; 8964 extracted rows
[2026-09-06 06:50:41] Checkpoint 349/697 after PPXD10009D; 8979 extracted rows
[2026-09-06 06:50:58] Checkpoint 350/697 after PPXH30039B; 8997 extracted rows
[2026-09-06 06:51:11] Checkpoint 351/697 after PPXH30067C; 9017 extracted rows
[2026-09-06 06:51:24] Checkpoint 352/697 after PPXF10035A; 9027 extracted rows
[2026-09-06 06:51:36] Checkpoint 353/697 after PP2HC10009; 9036 extracted rows
[2026-09-06 06:51:54] Checkpoint 354/697 after PPXJ30064A; 9041 extracted rows
[2026-09-06 06:52:06] Checkpoint 355/697 after PPXJ30020B; 9056 extracted rows
[2026-09-06 06:52:18] Checkpoint 356/697 after PPXH10034C; 9092 extracted rows
[2026-09-06 06:52:30] Checkpoint 357/697 after PPXJ30013C; 9112 extracted rows
[2026-09-06 06:52:47] Checkpoint 358/697 after PPXJ30047F; 9127 extracted rows
[2026-09-06 06:53:03] Checkpoint 359/697 after PPXJ30026A; 9152 extracted rows
[2026-09-06 06:53:19] Checkpoint 360/697 after PPXJ30010E; 9177 extracted rows
[2026-09-06 06:53:19] Restarting stock browser before SKU PPXF10035B at position 361
[2026-09-06 06:53:44] Checkpoint 361/697 after PPXF10035B; 9187 extracted rows
[2026-09-06 06:54:00] Checkpoint 362/697 after PPXH10011B; 9205 extracted rows
[2026-09-06 06:54:16] Checkpoint 363/697 after PPXJ10008E; 9240 extracted rows
[2026-09-06 06:54:42] Checkpoint 364/697 after PPXD10028A; 9240 extracted rows
[2026-09-06 06:54:57] Checkpoint 365/697 after PPXJ10020A; 9260 extracted rows
[2026-09-06 06:55:15] Checkpoint 366/697 after PPXJ10008A; 9295 extracted rows
[2026-09-06 06:55:31] Checkpoint 367/697 after PP0H0A015; 9304 extracted rows
[2026-09-06 06:55:47] Checkpoint 368/697 after PPXH30014C; 9331 extracted rows
[2026-09-06 06:55:59] Checkpoint 369/697 after PP2HC10014; 9376 extracted rows
[2026-09-06 06:56:19] Checkpoint 370/697 after PPXD10023A; 9401 extracted rows
[2026-09-06 06:56:46] Checkpoint 371/697 after PPXH30020G; 9401 extracted rows
[2026-09-06 06:57:05] Checkpoint 372/697 after PPXH30009C; 9473 extracted rows
[2026-09-06 06:57:23] Checkpoint 373/697 after PP2H00008C; 9527 extracted rows
[2026-09-06 06:57:41] Checkpoint 374/697 after PPXH30054C; 9563 extracted rows
[2026-09-06 06:57:57] Checkpoint 375/697 after PPXD10029D; 9578 extracted rows
[2026-09-06 06:58:19] Checkpoint 376/697 after PPXD10012B; 9578 extracted rows
[2026-09-06 06:58:34] Checkpoint 377/697 after PPXJ30063A; 9598 extracted rows
[2026-09-06 06:58:51] Checkpoint 378/697 after PPXJ10020D; 9618 extracted rows
[2026-09-06 06:59:07] Checkpoint 379/697 after PPXJ30045A; 9623 extracted rows
[2026-09-06 06:59:24] Checkpoint 380/697 after PPXJ30006B; 9638 extracted rows
[2026-09-06 06:59:50] Checkpoint 381/697 after PPXJ30028J; 9638 extracted rows
[2026-09-06 07:00:08] Checkpoint 382/697 after PPXF10032A; 9653 extracted rows
[2026-09-06 07:00:25] Checkpoint 383/697 after PPXJ30060E; 9668 extracted rows
[2026-09-06 07:00:43] Checkpoint 384/697 after PPXJ30046C; 9688 extracted rows
[2026-09-06 07:01:04] Checkpoint 385/697 after PPXJ30052C; 9708 extracted rows
[2026-09-06 07:01:22] Checkpoint 386/697 after PP2H00001D; 9744 extracted rows
[2026-09-06 07:01:39] Checkpoint 387/697 after PPXH30007B; 9789 extracted rows
[2026-09-06 07:01:57] Checkpoint 388/697 after PPXJ10021C; 9809 extracted rows
[2026-09-06 07:02:16] Checkpoint 389/697 after PPXD10006D; 9824 extracted rows
[2026-09-06 07:02:33] Checkpoint 390/697 after PPXH10058A; 9834 extracted rows
[2026-09-06 07:02:49] Checkpoint 391/697 after PPXH30022D; 9888 extracted rows
[2026-09-06 07:03:06] Checkpoint 392/697 after PPXF10004B; 9893 extracted rows
[2026-09-06 07:03:23] Checkpoint 393/697 after PPXJ30018H; 9928 extracted rows
[2026-09-06 07:03:40] Checkpoint 394/697 after PPXH30007D; 9973 extracted rows
[2026-09-06 07:03:57] Checkpoint 395/697 after PPXH10017M; 10081 extracted rows
[2026-09-06 07:04:15] Checkpoint 396/697 after PPXJ30001D; 10106 extracted rows
[2026-09-06 07:04:31] Checkpoint 397/697 after PPXD10017C; 10121 extracted rows
[2026-09-06 07:04:48] Checkpoint 398/697 after PPXJ30029G; 10151 extracted rows
[2026-09-06 07:05:07] Checkpoint 399/697 after PPXJ10013D; 10161 extracted rows
[2026-09-06 07:05:25] Checkpoint 400/697 after PPXD10020R; 10221 extracted rows
[2026-09-06 07:05:58] Checkpoint 401/697 after PPXD10010B; 10221 extracted rows
[2026-09-06 07:06:17] Checkpoint 402/697 after PPXD10028F; 10231 extracted rows
[2026-09-06 07:06:34] Checkpoint 403/697 after PPXH10032D; 10312 extracted rows
[2026-09-06 07:06:54] Checkpoint 404/697 after PPXJ30010F; 10337 extracted rows
[2026-09-06 07:07:13] Checkpoint 405/697 after PPXD10016F; 10367 extracted rows
[2026-09-06 07:07:31] Checkpoint 406/697 after PPXH30024D; 10412 extracted rows
[2026-09-06 07:07:47] Checkpoint 407/697 after PPXH10066B; 10439 extracted rows
[2026-09-06 07:08:05] Checkpoint 408/697 after PPXH10001A; 10448 extracted rows
[2026-09-06 07:08:21] Checkpoint 409/697 after PPXJ10003E; 10478 extracted rows
[2026-09-06 07:08:42] Checkpoint 410/697 after PPXJ30006A; 10493 extracted rows
[2026-09-06 07:08:58] Checkpoint 411/697 after PPXH10018A; 10529 extracted rows
[2026-09-06 07:09:11] Checkpoint 412/697 after PPXD10019R; 10594 extracted rows
[2026-09-06 07:09:31] Checkpoint 413/697 after PPXH10031A; 10639 extracted rows
[2026-09-06 07:09:48] Checkpoint 414/697 after PPXF10011B; 10654 extracted rows
[2026-09-06 07:10:07] Checkpoint 415/697 after PP2J00001D; 10674 extracted rows
[2026-09-06 07:10:22] Checkpoint 416/697 after PPXJ30006D; 10689 extracted rows
[2026-09-06 07:10:43] Checkpoint 417/697 after PP2HC0014; 10709 extracted rows
[2026-09-06 07:10:58] Checkpoint 418/697 after PPXH10037B; 10736 extracted rows
[2026-09-06 07:11:18] Checkpoint 419/697 after PPXD10007B; 10776 extracted rows
[2026-09-06 07:11:36] Checkpoint 420/697 after PPXJ30012C; 10801 extracted rows
[2026-09-06 07:11:36] Restarting stock browser before SKU PPXJ30010C at position 421
[2026-09-06 07:12:01] Checkpoint 421/697 after PPXJ30010C; 10826 extracted rows
[2026-09-06 07:12:36] Checkpoint 422/697 after PPXF30050B; 10826 extracted rows
[2026-09-06 07:12:54] Checkpoint 423/697 after PPXJ30010A; 10851 extracted rows
[2026-09-06 07:13:08] Checkpoint 424/697 after PPXJ30028E; 10881 extracted rows
[2026-09-06 07:13:23] Checkpoint 425/697 after PPXH10021D; 10906 extracted rows
[2026-09-06 07:13:42] Checkpoint 426/697 after PP2J00009D; 10926 extracted rows
[2026-09-06 07:14:01] Checkpoint 427/697 after PPXJ10008C; 10961 extracted rows
[2026-09-06 07:14:19] Checkpoint 428/697 after PP2HC10013; 11006 extracted rows
[2026-09-06 07:14:31] Checkpoint 429/697 after PPXJ30003E; 11031 extracted rows
[2026-09-06 07:14:48] Checkpoint 430/697 after PPXF10013B; 11041 extracted rows
[2026-09-06 07:15:06] Checkpoint 431/697 after PPXH30021G; 11095 extracted rows
[2026-09-06 07:15:25] Checkpoint 432/697 after PPXH30027A; 11113 extracted rows
[2026-09-06 07:15:44] Checkpoint 433/697 after PPXH30008A; 11122 extracted rows
[2026-09-06 07:16:02] Checkpoint 434/697 after PPXH30057C; 11149 extracted rows
[2026-09-06 07:16:23] Checkpoint 435/697 after PPXJ30025C; 11159 extracted rows
[2026-09-06 07:16:35] Checkpoint 436/697 after PPXJ10004A; 11174 extracted rows
[2026-09-06 07:16:53] Checkpoint 437/697 after PPXD10023D; 11199 extracted rows
[2026-09-06 07:17:12] Checkpoint 438/697 after PPXH30039C; 11217 extracted rows
[2026-09-06 07:17:31] Checkpoint 439/697 after PPXH30023A; 11235 extracted rows
[2026-09-06 07:17:50] Checkpoint 440/697 after PP2HC10006; 11289 extracted rows
[2026-09-06 07:18:08] Checkpoint 441/697 after PPXD10006C; 11304 extracted rows
[2026-09-06 07:18:39] Checkpoint 442/697 after PPXH10052A; 11304 extracted rows
[2026-09-06 07:18:58] Checkpoint 443/697 after PPXJ30027C; 11339 extracted rows
[2026-09-06 07:19:19] Checkpoint 444/697 after PPXJ30037E; 11344 extracted rows
[2026-09-06 07:19:38] Checkpoint 445/697 after PPXH10017N; 11452 extracted rows
[2026-09-06 07:20:13] Checkpoint 446/697 after PP2H00006A; 11452 extracted rows
[2026-09-06 07:20:34] Checkpoint 447/697 after PPXJ30011A; 11472 extracted rows
[2026-09-06 07:20:53] Checkpoint 448/697 after PPXJ30057E; 11502 extracted rows
[2026-09-06 07:21:12] Checkpoint 449/697 after PPXH30057B; 11529 extracted rows
[2026-09-06 07:22:19] Checkpoint 450/697 after PP2J00012A; 11529 extracted rows
[2026-09-06 07:22:37] Checkpoint 451/697 after PPXJ30011C; 11549 extracted rows
[2026-09-06 07:23:36] Checkpoint 452/697 after PP0H0A025; 11549 extracted rows
[2026-09-06 07:23:53] Checkpoint 453/697 after PPXH30005C; 11576 extracted rows
[2026-09-06 07:24:10] Checkpoint 454/697 after PPXF30007C; 11586 extracted rows
[2026-09-06 07:24:27] Checkpoint 455/697 after PPXJ30063C; 11606 extracted rows
[2026-09-06 07:24:43] Checkpoint 456/697 after PPXJ10003B; 11636 extracted rows
[2026-09-06 07:24:58] Checkpoint 457/697 after PPXH30037D; 11672 extracted rows
[2026-09-06 07:25:19] Checkpoint 458/697 after PPXH30009D; 11744 extracted rows
[2026-09-06 07:25:39] Checkpoint 459/697 after PPXH10033G; 11780 extracted rows
[2026-09-06 07:25:58] Checkpoint 460/697 after PPXH30062A; 11790 extracted rows
[2026-09-06 07:26:16] Checkpoint 461/697 after PPXH10029A; 11799 extracted rows
[2026-09-06 07:26:32] Checkpoint 462/697 after PPXJ30011F; 11819 extracted rows
[2026-09-06 07:26:59] Checkpoint 463/697 after PPXH10066A; 11819 extracted rows
[2026-09-06 07:27:22] Checkpoint 464/697 after PPXH30054B; 11855 extracted rows
[2026-09-06 07:27:38] Checkpoint 465/697 after PPXH10072B; 11864 extracted rows
[2026-09-06 07:27:54] Checkpoint 466/697 after PPXJ30009D; 11874 extracted rows
[2026-09-06 07:28:13] Checkpoint 467/697 after PPXH30009E; 11946 extracted rows
[2026-09-06 07:28:27] Checkpoint 468/697 after PPXH10017B; 12054 extracted rows
[2026-09-06 07:28:45] Checkpoint 469/697 after PPXH30042A; 12063 extracted rows
[2026-09-06 07:29:15] Checkpoint 470/697 after PPXD10012F; 12068 extracted rows
[2026-09-06 07:29:32] Checkpoint 471/697 after PPXH30067B; 12088 extracted rows
[2026-09-06 07:29:44] Checkpoint 472/697 after PP2D00001A; 12108 extracted rows
[2026-09-06 07:29:57] Checkpoint 473/697 after PP2H00005C; 12153 extracted rows
[2026-09-06 07:30:35] Checkpoint 474/697 after PPXD10014B; 12153 extracted rows
[2026-09-06 07:30:57] Checkpoint 475/697 after PPXJ30052B; 12173 extracted rows
[2026-09-06 07:31:12] Checkpoint 476/697 after PPXD10003C; 12198 extracted rows
[2026-09-06 07:31:43] Checkpoint 477/697 after PP2H00002A; 12198 extracted rows
[2026-09-06 07:31:57] Checkpoint 478/697 after PPXJ30029A; 12228 extracted rows
[2026-09-06 07:32:18] Checkpoint 479/697 after PPXH30020B; 12282 extracted rows
[2026-09-06 07:32:41] Checkpoint 480/697 after PPXJ30028G; 12312 extracted rows
[2026-09-06 07:32:41] Restarting stock browser before SKU PPXD10007D at position 481
[2026-09-06 07:33:10] Checkpoint 481/697 after PPXD10007D; 12352 extracted rows
[2026-09-06 07:33:27] Checkpoint 482/697 after PPXH10033F; 12388 extracted rows
[2026-09-06 07:33:43] Checkpoint 483/697 after PPXH10018D; 12424 extracted rows
[2026-09-06 07:33:58] Checkpoint 484/697 after PPXH30007E; 12469 extracted rows
[2026-09-06 07:34:14] Checkpoint 485/697 after PPXF30013B; 12479 extracted rows
[2026-09-06 07:34:28] Checkpoint 486/697 after PPXH10032E; 12560 extracted rows
[2026-09-06 07:34:39] Checkpoint 487/697 after PPXF30020C; 12570 extracted rows
[2026-09-06 07:34:52] Checkpoint 488/697 after PPXH30038A; 12579 extracted rows
[2026-09-06 07:35:09] Checkpoint 489/697 after PPXJ30013E; 12599 extracted rows
[2026-09-06 07:35:23] Checkpoint 490/697 after PPXJ30057F; 12629 extracted rows
[2026-09-06 07:35:35] Checkpoint 491/697 after PPXD10003E; 12654 extracted rows
[2026-09-06 07:35:52] Checkpoint 492/697 after PPXJ30018F; 12689 extracted rows
[2026-09-06 07:36:08] Checkpoint 493/697 after PP2H00019A; 12698 extracted rows
[2026-09-06 07:36:25] Checkpoint 494/697 after PPXH10014A; 12707 extracted rows
[2026-09-06 07:36:40] Checkpoint 495/697 after PPXH10066D; 12734 extracted rows
[2026-09-06 07:36:57] Checkpoint 496/697 after PPXJ30018E; 12769 extracted rows
[2026-09-06 07:37:17] Checkpoint 497/697 after PPXH10039A; 12787 extracted rows
[2026-09-06 07:37:44] Checkpoint 498/697 after PPXD10005A; 12787 extracted rows
[2026-09-06 07:38:02] Checkpoint 499/697 after PPXJ30002D; 12812 extracted rows
[2026-09-06 07:38:19] Checkpoint 500/697 after PPXH10019B; 12839 extracted rows
[2026-09-06 07:38:36] Checkpoint 501/697 after PPXD10006A; 12854 extracted rows
[2026-09-06 07:38:54] Checkpoint 502/697 after PPXD10033C; 12879 extracted rows
[2026-09-06 07:39:12] Checkpoint 503/697 after PPXJ10014A; 12889 extracted rows
[2026-09-06 07:39:30] Checkpoint 504/697 after PPXD10007F; 12929 extracted rows
[2026-09-06 07:39:48] Checkpoint 505/697 after PPXH30065A; 12939 extracted rows
[2026-09-06 07:40:05] Checkpoint 506/697 after PPXJ30041E; 12969 extracted rows
[2026-09-06 07:40:26] Checkpoint 507/697 after PPXJ30035B; 12979 extracted rows
[2026-09-06 07:40:43] Checkpoint 508/697 after PPXH30022B; 13033 extracted rows
[2026-09-06 07:41:01] Checkpoint 509/697 after PP2H00013A; 13051 extracted rows
[2026-09-06 07:41:26] Checkpoint 510/697 after PPXF10001A; 13051 extracted rows
[2026-09-06 07:41:48] Checkpoint 511/697 after PPXH10037E; 13078 extracted rows
[2026-09-06 07:42:05] Checkpoint 512/697 after PPXH30009I; 13150 extracted rows
[2026-09-06 07:42:23] Checkpoint 513/697 after PPXF30011J; 13190 extracted rows
[2026-09-06 07:42:39] Checkpoint 514/697 after PPXH10010E; 13235 extracted rows
[2026-09-06 07:42:55] Checkpoint 515/697 after PPXF30025A; 13240 extracted rows
[2026-09-06 07:43:11] Checkpoint 516/697 after PPXJ30013A; 13260 extracted rows
[2026-09-06 07:43:27] Checkpoint 517/697 after PPXJ30062A; 13280 extracted rows
[2026-09-06 07:43:44] Checkpoint 518/697 after PPXJ10003A; 13310 extracted rows
[2026-09-06 07:44:02] Checkpoint 519/697 after PPXJ30029B; 13340 extracted rows
[2026-09-06 07:44:19] Checkpoint 520/697 after PPXJ10001A; 13355 extracted rows
[2026-09-06 07:45:17] Checkpoint 521/697 after PP0H0A004; 13355 extracted rows
[2026-09-06 07:45:44] Checkpoint 522/697 after PPXF30050A; 13355 extracted rows
[2026-09-06 07:45:57] Checkpoint 523/697 after PPXH10036A; 13370 extracted rows
[2026-09-06 07:46:11] Checkpoint 524/697 after PPXF30007B; 13380 extracted rows
[2026-09-06 07:46:25] Checkpoint 525/697 after PPXD10002B; 13390 extracted rows
[2026-09-06 07:46:39] Checkpoint 526/697 after PPXJ30016B; 13400 extracted rows
[2026-09-06 07:46:54] Checkpoint 527/697 after PPXD10009C; 13415 extracted rows
[2026-09-06 07:47:10] Checkpoint 528/697 after PPXD10021E; 13430 extracted rows
[2026-09-06 07:47:24] Checkpoint 529/697 after PPXJ30018A; 13465 extracted rows
[2026-09-06 07:47:35] Checkpoint 530/697 after PPXJ30058G; 13510 extracted rows
[2026-09-06 07:47:49] Checkpoint 531/697 after PPXH10075A; 13515 extracted rows
[2026-09-06 07:48:02] Checkpoint 532/697 after PPXH10030A; 13533 extracted rows
[2026-09-06 07:48:16] Checkpoint 533/697 after PPXF30020A; 13543 extracted rows
[2026-09-06 07:48:30] Checkpoint 534/697 after PPXH30009G; 13615 extracted rows
[2026-09-06 07:48:48] Checkpoint 535/697 after PPXF10016B; 13625 extracted rows
[2026-09-06 07:49:03] Checkpoint 536/697 after PP2D00001D; 13645 extracted rows
[2026-09-06 07:49:14] Checkpoint 537/697 after PPXD10020C; 13705 extracted rows
[2026-09-06 07:49:28] Checkpoint 538/697 after PPXH30021D; 13759 extracted rows
[2026-09-06 07:49:52] Checkpoint 539/697 after PPXD10020G; 13759 extracted rows
[2026-09-06 07:50:08] Checkpoint 540/697 after PPXD10021C; 13774 extracted rows
[2026-09-06 07:50:08] Restarting stock browser before SKU PPXH30024C at position 541
[2026-09-06 07:50:58] Stock browser login attempt 1/4 failed: Could not locate Profuomo login form fields
[2026-09-06 07:51:33] Stock browser login attempt 2/4 failed: Could not locate Profuomo login form fields
[2026-09-06 07:52:07] Checkpoint 541/697 after PPXH30024C; 13819 extracted rows
[2026-09-06 07:52:24] Checkpoint 542/697 after PPXD10020L; 13879 extracted rows
[2026-09-06 07:52:41] Checkpoint 543/697 after PPXJ30018C; 13914 extracted rows
[2026-09-06 07:52:57] Checkpoint 544/697 after PPXF10025A; 13919 extracted rows
[2026-09-06 07:53:14] Checkpoint 545/697 after PPXH10023D; 13955 extracted rows
[2026-09-06 07:53:31] Checkpoint 546/697 after PPXF10001J; 13980 extracted rows
[2026-09-06 07:53:48] Checkpoint 547/697 after PPXJ30058E; 14025 extracted rows
[2026-09-06 07:54:04] Checkpoint 548/697 after PPXJ30029F; 14055 extracted rows
[2026-09-06 07:54:15] Checkpoint 549/697 after PPXH30061A; 14065 extracted rows
[2026-09-06 07:54:29] Checkpoint 550/697 after PPXH30021F; 14119 extracted rows
[2026-09-06 07:54:45] Checkpoint 551/697 after PP2H00008B; 14173 extracted rows
[2026-09-06 07:55:44] Checkpoint 552/697 after PPXD10007A; 14173 extracted rows
[2026-09-06 07:56:00] Checkpoint 553/697 after PP2H00023A; 14182 extracted rows
[2026-09-06 07:56:18] Checkpoint 554/697 after PP2J00009B; 14202 extracted rows
[2026-09-06 07:56:33] Checkpoint 555/697 after PPXJ10005G; 14227 extracted rows
[2026-09-06 07:56:45] Checkpoint 556/697 after PPXH30024G; 14272 extracted rows
[2026-09-06 07:57:03] Checkpoint 557/697 after PP2J00009A; 14292 extracted rows
[2026-09-06 07:57:24] Checkpoint 558/697 after PPXD10028C; 14302 extracted rows
[2026-09-06 07:57:40] Checkpoint 559/697 after PPXH10005B; 14329 extracted rows
[2026-09-06 07:57:54] Checkpoint 560/697 after PPXD10022A; 14339 extracted rows
[2026-09-06 07:58:09] Checkpoint 561/697 after PPXJ10003F; 14369 extracted rows
[2026-09-06 07:58:19] Checkpoint 562/697 after PPXJ10006F; 14394 extracted rows
[2026-09-06 07:58:35] Checkpoint 563/697 after PPXJ30002E; 14419 extracted rows
[2026-09-06 07:58:51] Checkpoint 564/697 after PPXH10035C; 14446 extracted rows
[2026-09-06 07:59:06] Checkpoint 565/697 after PPXF30035A; 14451 extracted rows
[2026-09-06 07:59:20] Checkpoint 566/697 after PPXH30037F; 14487 extracted rows
[2026-09-06 07:59:30] Checkpoint 567/697 after PPXD10003A; 14512 extracted rows
[2026-09-06 07:59:44] Checkpoint 568/697 after PPXJ30058I; 14557 extracted rows
[2026-09-06 08:00:01] Checkpoint 569/697 after PP2J00007B; 14572 extracted rows
[2026-09-06 08:00:37] Checkpoint 570/697 after PPXJ30024E; 14587 extracted rows
[2026-09-06 08:01:01] Checkpoint 571/697 after PPXH10036B; 14602 extracted rows
[2026-09-06 08:01:23] Checkpoint 572/697 after PPXJ10008G; 14637 extracted rows
[2026-09-06 08:01:45] Checkpoint 573/697 after PPXH10038B; 14655 extracted rows
[2026-09-06 08:02:02] Checkpoint 574/697 after PPXJ10009E; 14675 extracted rows
[2026-09-06 08:02:22] Checkpoint 575/697 after PPXJ10017A; 14685 extracted rows
[2026-09-06 08:02:39] Checkpoint 576/697 after PPXJ10009A; 14705 extracted rows
[2026-09-06 08:03:08] Checkpoint 577/697 after PPXJ30060A; 14705 extracted rows
[2026-09-06 08:03:27] Checkpoint 578/697 after PPXJ10001C; 14720 extracted rows
[2026-09-06 08:03:42] Checkpoint 579/697 after PPXJ10004D; 14735 extracted rows
[2026-09-06 08:03:57] Checkpoint 580/697 after PPXH30020C; 14789 extracted rows
[2026-09-06 08:04:15] Checkpoint 581/697 after PP2HC0039; 14807 extracted rows
[2026-09-06 08:04:31] Checkpoint 582/697 after PPXH30007A; 14852 extracted rows
[2026-09-06 08:04:59] Checkpoint 583/697 after PPXD10002C; 14852 extracted rows
[2026-09-06 08:05:18] Checkpoint 584/697 after PPXH10018B; 14888 extracted rows
[2026-09-06 08:05:35] Checkpoint 585/697 after PPXJ30052D; 14908 extracted rows
[2026-09-06 08:05:52] Checkpoint 586/697 after PPXJ30052A; 14928 extracted rows
[2026-09-06 08:06:09] Checkpoint 587/697 after PPXD10011D; 14948 extracted rows
[2026-09-06 08:06:28] Checkpoint 588/697 after PPXJ10008D; 14983 extracted rows
[2026-09-06 08:06:46] Checkpoint 589/697 after PP2H00021A; 14991 extracted rows
[2026-09-06 08:07:07] Checkpoint 590/697 after PP2H00010E; 15036 extracted rows
[2026-09-06 08:07:21] Checkpoint 591/697 after PP2H00022A; 15045 extracted rows
[2026-09-06 08:07:39] Checkpoint 592/697 after PPXJ30028I; 15075 extracted rows
[2026-09-06 08:07:58] Checkpoint 593/697 after PPXH10070A; 15084 extracted rows
[2026-09-06 08:08:17] Checkpoint 594/697 after PPXJ30001E; 15109 extracted rows
[2026-09-06 08:08:35] Checkpoint 595/697 after PPXH30023B; 15127 extracted rows
[2026-09-06 08:08:53] Checkpoint 596/697 after PPXH30057D; 15154 extracted rows
[2026-09-06 08:09:12] Checkpoint 597/697 after PPXH10058B; 15164 extracted rows
[2026-09-06 08:09:30] Checkpoint 598/697 after PP2H00017A; 15182 extracted rows
[2026-09-06 08:09:48] Checkpoint 599/697 after PPXH10010C; 15227 extracted rows
[2026-09-06 08:10:09] Checkpoint 600/697 after PP2H00010A; 15272 extracted rows
[2026-09-06 08:10:09] Restarting stock browser before SKU PPXH30005A at position 601
[2026-09-06 08:10:35] Checkpoint 601/697 after PPXH30005A; 15299 extracted rows
[2026-09-06 08:10:54] Checkpoint 602/697 after PP2J00014A; 15319 extracted rows
[2026-09-06 08:11:12] Checkpoint 603/697 after PPXD10032C; 15339 extracted rows
[2026-09-06 08:11:28] Checkpoint 604/697 after PPXF30021C; 15344 extracted rows
[2026-09-06 08:11:42] Checkpoint 605/697 after PPXJ30048E; 15359 extracted rows
[2026-09-06 08:11:58] Checkpoint 606/697 after PP2HC0040; 15377 extracted rows
[2026-09-06 08:12:15] Checkpoint 607/697 after PPXF10027A; 15382 extracted rows
[2026-09-06 08:12:31] Checkpoint 608/697 after PP2H00014A; 15391 extracted rows
[2026-09-06 08:12:49] Checkpoint 609/697 after PPXJ10005E; 15416 extracted rows
[2026-09-06 08:13:06] Checkpoint 610/697 after PP2H00005A; 15461 extracted rows
[2026-09-06 08:13:18] Checkpoint 611/697 after PP2H00008D; 15515 extracted rows
[2026-09-06 08:13:35] Checkpoint 612/697 after PPXH10031D; 15560 extracted rows
[2026-09-06 08:13:57] Checkpoint 613/697 after PPXH30017C; 15569 extracted rows
[2026-09-06 08:14:25] Checkpoint 614/697 after PPXD10001B; 15569 extracted rows
[2026-09-06 08:14:53] Checkpoint 615/697 after PPXH10032A; 15569 extracted rows
[2026-09-06 08:15:12] Checkpoint 616/697 after PPXD10020H; 15629 extracted rows
[2026-09-06 08:15:30] Checkpoint 617/697 after PPXD10033D; 15654 extracted rows
[2026-09-06 08:15:47] Checkpoint 618/697 after PPXD10018A; 15664 extracted rows
[2026-09-06 08:16:02] Checkpoint 619/697 after PPXF10011E; 15679 extracted rows
[2026-09-06 08:16:21] Checkpoint 620/697 after PPXH10041B; 15706 extracted rows
[2026-09-06 08:16:37] Checkpoint 621/697 after PPXJ30027F; 15741 extracted rows
[2026-09-06 08:16:55] Checkpoint 622/697 after PPXJ30028H; 15771 extracted rows
[2026-09-06 08:17:25] Checkpoint 623/697 after PPXF30007D; 15781 extracted rows
[2026-09-06 08:17:41] Checkpoint 624/697 after PPXH30011A; 15790 extracted rows
[2026-09-06 08:17:56] Checkpoint 625/697 after PP2HC0007; 15799 extracted rows
[2026-09-06 08:18:56] Checkpoint 626/697 after PP0H0A005; 15799 extracted rows
[2026-09-06 08:19:14] Checkpoint 627/697 after PPXD10023C; 15824 extracted rows
[2026-09-06 08:19:30] Checkpoint 628/697 after PPXD10033B; 15849 extracted rows
[2026-09-06 08:19:47] Checkpoint 629/697 after PPXH30054D; 15885 extracted rows
[2026-09-06 08:20:04] Checkpoint 630/697 after PPXD10020S; 15945 extracted rows
[2026-09-06 08:20:18] Checkpoint 631/697 after PP2H00001B; 15981 extracted rows
[2026-09-06 08:20:37] Checkpoint 632/697 after PPXH10037D; 16008 extracted rows
[2026-09-06 08:21:40] Checkpoint 633/697 after PP0H0C002; 16008 extracted rows
[2026-09-06 08:21:54] Checkpoint 634/697 after PP2H00001C; 16044 extracted rows
[2026-09-06 08:22:12] Checkpoint 635/697 after PPXH10007C; 16071 extracted rows
[2026-09-06 08:22:41] Checkpoint 636/697 after PP2H00003A; 16071 extracted rows
[2026-09-06 08:22:59] Checkpoint 637/697 after PPXD10021D; 16086 extracted rows
[2026-09-06 08:23:16] Checkpoint 638/697 after PPXD10016A; 16116 extracted rows
[2026-09-06 08:23:32] Checkpoint 639/697 after PPXF30006D; 16136 extracted rows
[2026-09-06 08:23:47] Checkpoint 640/697 after PPXJ30020A; 16151 extracted rows
[2026-09-06 08:24:05] Checkpoint 641/697 after PPXH10031E; 16196 extracted rows
[2026-09-06 08:24:21] Checkpoint 642/697 after PPXF10001G; 16221 extracted rows
[2026-09-06 08:24:39] Checkpoint 643/697 after PPXF30006A; 16241 extracted rows
[2026-09-06 08:24:55] Checkpoint 644/697 after PPXJ30020C; 16256 extracted rows
[2026-09-06 08:25:16] Checkpoint 645/697 after PPXH30021J; 16310 extracted rows
[2026-09-06 08:25:38] Checkpoint 646/697 after PPXH10017A; 16418 extracted rows
[2026-09-06 08:25:58] Checkpoint 647/697 after PPXJ30055B; 16428 extracted rows
[2026-09-06 08:26:16] Checkpoint 648/697 after PPXJ30019E; 16448 extracted rows
[2026-09-06 08:26:32] Checkpoint 649/697 after PPXD10009A; 16463 extracted rows
[2026-09-06 08:26:49] Checkpoint 650/697 after PPXJ30017A; 16468 extracted rows
[2026-09-06 08:27:58] Checkpoint 651/697 after PPXD10005C; 16468 extracted rows
[2026-09-06 08:28:15] Checkpoint 652/697 after PPXJ30028F; 16498 extracted rows
[2026-09-06 08:28:34] Checkpoint 653/697 after PPXF10001B; 16523 extracted rows
[2026-09-06 08:28:47] Checkpoint 654/697 after PPXH30005B; 16550 extracted rows
[2026-09-06 08:28:59] Checkpoint 655/697 after PPXJ30015A; 16560 extracted rows
[2026-09-06 08:29:12] Checkpoint 656/697 after PPXD10020F; 16620 extracted rows
[2026-09-06 08:29:25] Checkpoint 657/697 after PPXH10021C; 16645 extracted rows
[2026-09-06 08:29:36] Checkpoint 658/697 after PPXJ30034B; 16655 extracted rows
[2026-09-06 08:29:48] Checkpoint 659/697 after PP2HC10012; 16700 extracted rows
[2026-09-06 08:30:01] Checkpoint 660/697 after PPXH30024A; 16745 extracted rows
[2026-09-06 08:30:01] Restarting stock browser before SKU PP2J00007A at position 661
[2026-09-06 08:30:33] Checkpoint 661/697 after PP2J00007A; 16760 extracted rows
[2026-09-06 08:30:45] Checkpoint 662/697 after PP2J00013D; 16780 extracted rows
[2026-09-06 08:30:57] Checkpoint 663/697 after PPXJ10004B; 16795 extracted rows
[2026-09-06 08:31:14] Checkpoint 664/697 after PPXH30022C; 16849 extracted rows
[2026-09-06 08:31:30] Checkpoint 665/697 after PPXJ30026E; 16874 extracted rows
[2026-09-06 08:31:45] Checkpoint 666/697 after PPXJ30055C; 16884 extracted rows
[2026-09-06 08:32:01] Checkpoint 667/697 after PPXH30016B; 16911 extracted rows
[2026-09-06 08:32:28] Checkpoint 668/697 after PPXD10010C; 16911 extracted rows
[2026-09-06 08:32:43] Checkpoint 669/697 after PPXJ30036A; 16921 extracted rows
[2026-09-06 08:32:59] Checkpoint 670/697 after PP2H00005B; 16966 extracted rows
[2026-09-06 08:33:17] Checkpoint 671/697 after PPXD10019D; 17031 extracted rows
[2026-09-06 08:33:32] Checkpoint 672/697 after PPXJ10013A; 17041 extracted rows
[2026-09-06 08:33:47] Checkpoint 673/697 after PPXH10055B; 17068 extracted rows
[2026-09-06 08:34:03] Checkpoint 674/697 after PP2J00008B; 17088 extracted rows
[2026-09-06 08:34:19] Checkpoint 675/697 after PPXJ30030G; 17113 extracted rows
[2026-09-06 08:35:14] Checkpoint 676/697 after PP0H0A002; 17113 extracted rows
[2026-09-06 08:35:30] Checkpoint 677/697 after PPXD10029C; 17128 extracted rows
[2026-09-06 08:35:48] Checkpoint 678/697 after PP2H00010D; 17173 extracted rows
[2026-09-06 08:36:05] Checkpoint 679/697 after PPXD10033E; 17198 extracted rows
[2026-09-06 08:36:22] Checkpoint 680/697 after PPXH30013A; 17207 extracted rows
[2026-09-06 08:36:33] Checkpoint 681/697 after PPXH10032B; 17288 extracted rows
[2026-09-06 08:36:48] Checkpoint 682/697 after PPXD10019L; 17353 extracted rows
[2026-09-06 08:37:44] Checkpoint 683/697 after PP0H0C0006; 17353 extracted rows
[2026-09-06 08:38:09] Checkpoint 684/697 after PPXJ30036B; 17353 extracted rows
[2026-09-06 08:38:18] Checkpoint 685/697 after PPXH10036E; 17368 extracted rows
[2026-09-06 08:39:17] Checkpoint 686/697 after PP5N00002B; 17368 extracted rows
[2026-09-06 08:39:33] Checkpoint 687/697 after PPXJ30023A; 17393 extracted rows
[2026-09-06 08:39:44] Checkpoint 688/697 after PPXH30030B; 17411 extracted rows
[2026-09-06 08:40:00] Checkpoint 689/697 after PPXJ30013F; 17431 extracted rows
[2026-09-06 08:40:18] Checkpoint 690/697 after PPXJ30001A; 17456 extracted rows
[2026-09-06 08:40:36] Checkpoint 691/697 after PPXH10010H; 17501 extracted rows
[2026-09-06 08:40:55] Checkpoint 692/697 after PPXH30022E; 17555 extracted rows
[2026-09-06 08:41:13] Checkpoint 693/697 after PPXH10031C; 17600 extracted rows
[2026-09-06 08:41:29] Checkpoint 694/697 after PPXH10023B; 17636 extracted rows
[2026-09-06 08:41:44] Checkpoint 695/697 after PPXJ10009C; 17656 extracted rows
[2026-09-06 08:42:00] Checkpoint 696/697 after PPXJ30003D; 17681 extracted rows
[2026-09-06 08:42:16] Checkpoint 697/697 after PPXD10032D; 17701 extracted rows
[2026-09-06 08:42:22] Stock run completed: 697 SKUs, 4883 output rows
[2026-09-07 05:00:14] Stock run started: 697 total, 0 resumed, 697 pending
[2026-09-07 05:00:42] Checkpoint 1/697 after PPXD10018B; 10 extracted rows
[2026-09-07 05:01:04] Checkpoint 2/697 after PPXF10016A; 20 extracted rows
[2026-09-07 05:01:19] Checkpoint 3/697 after PPXH10018C; 56 extracted rows
[2026-09-07 05:01:37] Checkpoint 4/697 after PPXD10011C; 76 extracted rows
[2026-09-07 05:01:50] Checkpoint 5/697 after PP2J00014C; 96 extracted rows
[2026-09-07 05:02:09] Checkpoint 6/697 after PPXF10032C; 111 extracted rows
[2026-09-07 05:02:26] Checkpoint 7/697 after PPXD10030D; 141 extracted rows
[2026-09-07 05:02:45] Checkpoint 8/697 after PPXH10042A; 159 extracted rows
[2026-09-07 05:03:02] Checkpoint 9/697 after PPXH10033B; 195 extracted rows
[2026-09-07 05:03:19] Checkpoint 10/697 after PPXH30014A; 222 extracted rows
[2026-09-07 05:03:37] Checkpoint 11/697 after PP2J00010B; 242 extracted rows
[2026-09-07 05:03:56] Checkpoint 12/697 after PPXJ30008D; 267 extracted rows
[2026-09-07 05:04:13] Checkpoint 13/697 after PPXF10012A; 272 extracted rows
[2026-09-07 05:04:32] Checkpoint 14/697 after PPXH10007B; 299 extracted rows
[2026-09-07 05:04:48] Checkpoint 15/697 after PPXJ10005B; 324 extracted rows
[2026-09-07 05:05:08] Checkpoint 16/697 after PP2H00010B; 369 extracted rows
[2026-09-07 05:05:28] Checkpoint 17/697 after PPXH30027B; 387 extracted rows
[2026-09-07 05:06:03] Checkpoint 18/697 after PPXH10010A; 387 extracted rows
[2026-09-07 05:06:17] Checkpoint 19/697 after PPXD10003D; 412 extracted rows
[2026-09-07 05:06:48] Checkpoint 20/697 after PPXJ10009D; 412 extracted rows
[2026-09-07 05:07:22] Checkpoint 21/697 after PPXJ10001E; 412 extracted rows
[2026-09-07 05:07:43] Checkpoint 22/697 after PPXJ30012E; 437 extracted rows
[2026-09-07 05:08:03] Checkpoint 23/697 after PPXH30018A; 446 extracted rows
[2026-09-07 05:08:23] Checkpoint 24/697 after PPXJ30027G; 481 extracted rows
[2026-09-07 05:08:57] Checkpoint 25/697 after PPXJ30022D; 481 extracted rows
[2026-09-07 05:09:19] Checkpoint 26/697 after PP2J00007C; 496 extracted rows
[2026-09-07 05:09:39] Checkpoint 27/697 after PP2H00001A; 532 extracted rows
[2026-09-07 05:10:03] Checkpoint 28/697 after PPXH10022C; 568 extracted rows
[2026-09-07 05:10:27] Checkpoint 29/697 after PPXH10055A; 595 extracted rows
[2026-09-07 05:10:52] Checkpoint 30/697 after PPXJ30029E; 625 extracted rows
[2026-09-07 05:11:13] Checkpoint 31/697 after PPXJ30036C; 635 extracted rows
[2026-09-07 05:11:25] Checkpoint 32/697 after PPXD10003B; 660 extracted rows
[2026-09-07 05:11:42] Checkpoint 33/697 after PPXJ30024D; 675 extracted rows
[2026-09-07 05:12:00] Checkpoint 34/697 after PPXH10035B; 702 extracted rows
[2026-09-07 05:12:18] Checkpoint 35/697 after PPXJ30028A; 732 extracted rows
[2026-09-07 05:12:38] Checkpoint 36/697 after PPXJ30026B; 757 extracted rows
[2026-09-07 05:12:59] Checkpoint 37/697 after PPXH10032M; 838 extracted rows
[2026-09-07 05:13:17] Checkpoint 38/697 after PPXJ30034A; 848 extracted rows
[2026-09-07 05:13:33] Checkpoint 39/697 after PPXH30021K; 902 extracted rows
[2026-09-07 05:14:32] Checkpoint 40/697 after PP0H0A024; 902 extracted rows
[2026-09-07 05:14:46] Checkpoint 41/697 after PPXF30014B; 912 extracted rows
[2026-09-07 05:14:56] Checkpoint 42/697 after PPXF30006C; 932 extracted rows
[2026-09-07 05:15:14] Checkpoint 43/697 after PPXH30069A; 952 extracted rows
[2026-09-07 05:15:32] Checkpoint 44/697 after PPXJ30058B; 997 extracted rows
[2026-09-07 05:15:49] Checkpoint 45/697 after PPXJ30031F; 1017 extracted rows
[2026-09-07 05:16:07] Checkpoint 46/697 after PPXF30011E; 1062 extracted rows
[2026-09-07 05:16:25] Checkpoint 47/697 after PPXJ10006E; 1087 extracted rows
[2026-09-07 05:16:37] Checkpoint 48/697 after PPXJ10005F; 1112 extracted rows
[2026-09-07 05:16:52] Checkpoint 49/697 after PP2J00009C; 1132 extracted rows
[2026-09-07 05:17:09] Checkpoint 50/697 after PPXJ30010D; 1157 extracted rows
[2026-09-07 05:17:41] Checkpoint 51/697 after PPXJ30028B; 1157 extracted rows
[2026-09-07 05:17:59] Checkpoint 52/697 after PP2J00001A; 1177 extracted rows
[2026-09-07 05:18:22] Checkpoint 53/697 after PPXJ30060D; 1192 extracted rows
[2026-09-07 05:18:40] Checkpoint 54/697 after PPXD10030E; 1222 extracted rows
[2026-09-07 05:18:58] Checkpoint 55/697 after PPXJ30015B; 1232 extracted rows
[2026-09-07 05:19:15] Checkpoint 56/697 after PPXJ30030A; 1257 extracted rows
[2026-09-07 05:19:34] Checkpoint 57/697 after PPXH10013A; 1266 extracted rows
[2026-09-07 05:19:51] Checkpoint 58/697 after PPXH30066A; 1276 extracted rows
[2026-09-07 05:20:09] Checkpoint 59/697 after PPXJ30014A; 1281 extracted rows
[2026-09-07 05:20:27] Checkpoint 60/697 after PPXH10021F; 1306 extracted rows
[2026-09-07 05:20:27] Restarting stock browser before SKU PPXD10016B at position 61
[2026-09-07 05:20:54] Checkpoint 61/697 after PPXD10016B; 1336 extracted rows
[2026-09-07 05:21:13] Checkpoint 62/697 after PPXH10032H; 1417 extracted rows
[2026-09-07 05:22:17] Checkpoint 63/697 after PP0H0A027; 1417 extracted rows
[2026-09-07 05:22:33] Checkpoint 64/697 after PPXD10011A; 1437 extracted rows
[2026-09-07 05:22:49] Checkpoint 65/697 after PPXJ10005D; 1462 extracted rows
[2026-09-07 05:23:07] Checkpoint 66/697 after PPXJ30027A; 1497 extracted rows
[2026-09-07 05:23:26] Checkpoint 67/697 after PPXJ10016B; 1517 extracted rows
[2026-09-07 05:23:38] Checkpoint 68/697 after PPXH10017P; 1625 extracted rows
[2026-09-07 05:23:59] Checkpoint 69/697 after PPXF10001C; 1650 extracted rows
[2026-09-07 05:24:17] Checkpoint 70/697 after PPXJ30062C; 1670 extracted rows
[2026-09-07 05:24:48] Checkpoint 71/697 after PPXD10009B; 1670 extracted rows
[2026-09-07 05:25:07] Checkpoint 72/697 after PPXD10029A; 1685 extracted rows
[2026-09-07 05:25:25] Checkpoint 73/697 after PP2J00014B; 1705 extracted rows
[2026-09-07 05:25:38] Checkpoint 74/697 after PPXJ30028D; 1735 extracted rows
[2026-09-07 05:25:56] Checkpoint 75/697 after PPXJ30050A; 1745 extracted rows
[2026-09-07 05:26:16] Checkpoint 76/697 after PPXJ30031A; 1765 extracted rows
[2026-09-07 05:26:34] Checkpoint 77/697 after PPXH10032L; 1846 extracted rows
[2026-09-07 05:26:53] Checkpoint 78/697 after PP2H00010C; 1891 extracted rows
[2026-09-07 05:27:12] Checkpoint 79/697 after PPXJ30029C; 1921 extracted rows
[2026-09-07 05:27:31] Checkpoint 80/697 after PPXH10005A; 1948 extracted rows
[2026-09-07 05:27:49] Checkpoint 81/697 after PPXJ10002B; 1968 extracted rows
[2026-09-07 05:28:05] Checkpoint 82/697 after PPXF30013A; 1978 extracted rows
[2026-09-07 05:28:23] Checkpoint 83/697 after PPXH10032N; 2059 extracted rows
[2026-09-07 05:28:43] Checkpoint 84/697 after PP2HC10008; 2068 extracted rows
[2026-09-07 05:29:01] Checkpoint 85/697 after PPXH10040A; 2077 extracted rows
[2026-09-07 05:29:18] Checkpoint 86/697 after PPXJ10008B; 2112 extracted rows
[2026-09-07 05:29:36] Checkpoint 87/697 after PPXF30012C; 2122 extracted rows
[2026-09-07 05:29:51] Checkpoint 88/697 after PPXJ10021A; 2142 extracted rows
[2026-09-07 05:30:12] Checkpoint 89/697 after PPXJ10014B; 2152 extracted rows
[2026-09-07 05:30:34] Checkpoint 90/697 after PPXF30011D; 2197 extracted rows
[2026-09-07 05:30:57] Checkpoint 91/697 after PPXH10017L; 2305 extracted rows
[2026-09-07 05:31:30] Checkpoint 92/697 after PPXH30021H; 2305 extracted rows
[2026-09-07 05:31:49] Checkpoint 93/697 after PP2HC0001; 2314 extracted rows
[2026-09-07 05:32:08] Checkpoint 94/697 after PPXD10019J; 2379 extracted rows
[2026-09-07 05:32:26] Checkpoint 95/697 after PPXH10022B; 2415 extracted rows
[2026-09-07 05:32:44] Checkpoint 96/697 after PPXD10016E; 2445 extracted rows
[2026-09-07 05:33:02] Checkpoint 97/697 after PPXJ30031E; 2465 extracted rows
[2026-09-07 05:33:19] Checkpoint 98/697 after PPXJ30031G; 2485 extracted rows
[2026-09-07 05:33:37] Checkpoint 99/697 after PPXH30050B; 2503 extracted rows
[2026-09-07 05:33:53] Checkpoint 100/697 after PP2HC0011; 2503 extracted rows
[2026-09-07 05:34:12] Checkpoint 101/697 after PPXH10006A; 2512 extracted rows
[2026-09-07 05:34:29] Checkpoint 102/697 after PPXF30012A; 2522 extracted rows
[2026-09-07 05:34:46] Checkpoint 103/697 after PPXH30014B; 2549 extracted rows
[2026-09-07 05:35:05] Checkpoint 104/697 after PPXH30024F; 2594 extracted rows
[2026-09-07 05:35:26] Checkpoint 105/697 after PPXJ10009C; 2614 extracted rows
[2026-09-07 05:35:44] Checkpoint 106/697 after PPXH10065A; 2623 extracted rows
[2026-09-07 05:36:01] Checkpoint 107/697 after PPXJ10002D; 2643 extracted rows
[2026-09-07 05:36:21] Checkpoint 108/697 after PP2H00015A; 2652 extracted rows
[2026-09-07 05:36:38] Checkpoint 109/697 after PPXH10055D; 2679 extracted rows
[2026-09-07 05:36:55] Checkpoint 110/697 after PPXJ30018D; 2714 extracted rows
[2026-09-07 05:37:16] Checkpoint 111/697 after PPXH30016D; 2741 extracted rows
[2026-09-07 05:37:34] Checkpoint 112/697 after PPXJ30008F; 2766 extracted rows
[2026-09-07 05:37:52] Checkpoint 113/697 after PPXF30011G; 2811 extracted rows
[2026-09-07 05:38:05] Checkpoint 114/697 after PPXJ30030I; 2836 extracted rows
[2026-09-07 05:38:24] Checkpoint 115/697 after PPXH30054A; 2872 extracted rows
[2026-09-07 05:38:36] Checkpoint 116/697 after PPXH30006C; 2899 extracted rows
[2026-09-07 05:38:48] Checkpoint 117/697 after PPXD10019Q; 2964 extracted rows
[2026-09-07 05:39:09] Checkpoint 118/697 after PPXH10033D; 3000 extracted rows
[2026-09-07 05:39:26] Checkpoint 119/697 after PP2H00012A; 3018 extracted rows
[2026-09-07 05:39:43] Checkpoint 120/697 after PPXH30020E; 3072 extracted rows
[2026-09-07 05:39:43] Restarting stock browser before SKU PPXH10022D at position 121
[2026-09-07 05:40:08] Checkpoint 121/697 after PPXH10022D; 3108 extracted rows
[2026-09-07 05:40:26] Checkpoint 122/697 after PPXH10009A; 3117 extracted rows
[2026-09-07 05:40:47] Checkpoint 123/697 after PP2HC10011; 3171 extracted rows
[2026-09-07 05:41:06] Checkpoint 124/697 after PPXJ10009B; 3191 extracted rows
[2026-09-07 05:41:25] Checkpoint 125/697 after PPXF30011F; 3236 extracted rows
[2026-09-07 05:41:42] Checkpoint 126/697 after PP2H00013B; 3254 extracted rows
[2026-09-07 05:41:58] Checkpoint 127/697 after PP2D00001B; 3274 extracted rows
[2026-09-07 05:42:57] Checkpoint 128/697 after PPXD10032B; 3274 extracted rows
[2026-09-07 05:43:13] Checkpoint 129/697 after PPXF30011C; 3319 extracted rows
[2026-09-07 05:43:29] Checkpoint 130/697 after PPXH30016C; 3346 extracted rows
[2026-09-07 05:43:46] Checkpoint 131/697 after PPXF30011I; 3391 extracted rows
[2026-09-07 05:44:04] Checkpoint 132/697 after PPXH30012C; 3400 extracted rows
[2026-09-07 05:44:20] Checkpoint 133/697 after PPXH10037A; 3427 extracted rows
[2026-09-07 05:44:36] Checkpoint 134/697 after PPXJ10016C; 3447 extracted rows
[2026-09-07 05:44:52] Checkpoint 135/697 after PPXJ30061B; 3457 extracted rows
[2026-09-07 05:45:09] Checkpoint 136/697 after PPXH30009F; 3529 extracted rows
[2026-09-07 05:45:37] Checkpoint 137/697 after PPXJ30030F; 3529 extracted rows
[2026-09-07 05:45:51] Checkpoint 138/697 after PPXH10022A; 3565 extracted rows
[2026-09-07 05:46:08] Checkpoint 139/697 after PPXD10022B; 3575 extracted rows
[2026-09-07 05:46:28] Checkpoint 140/697 after PPXD10030C; 3605 extracted rows
[2026-09-07 05:46:40] Checkpoint 141/697 after PPXD10020D; 3665 extracted rows
[2026-09-07 05:46:56] Checkpoint 142/697 after PPXJ30018G; 3700 extracted rows
[2026-09-07 05:47:14] Checkpoint 143/697 after PPXJ30008C; 3725 extracted rows
[2026-09-07 05:47:25] Checkpoint 144/697 after PPXH30069B; 3745 extracted rows
[2026-09-07 05:47:39] Checkpoint 145/697 after PPXJ30024F; 3760 extracted rows
[2026-09-07 05:47:55] Checkpoint 146/697 after PPXD10020B; 3820 extracted rows
[2026-09-07 05:48:12] Checkpoint 147/697 after PPXD10025B; 3825 extracted rows
[2026-09-07 05:48:27] Checkpoint 148/697 after PPXD10033A; 3850 extracted rows
[2026-09-07 05:48:45] Checkpoint 149/697 after PPXH10017Q; 3958 extracted rows
[2026-09-07 05:49:04] Checkpoint 150/697 after PPXH10044A; 3967 extracted rows
[2026-09-07 05:50:01] Checkpoint 151/697 after PP0H0A003; 3967 extracted rows
[2026-09-07 05:50:18] Checkpoint 152/697 after PPXH10015A; 3976 extracted rows
[2026-09-07 05:50:36] Checkpoint 153/697 after PPXD10019K; 4041 extracted rows
[2026-09-07 05:50:53] Checkpoint 154/697 after PPXF30051A; 4046 extracted rows
[2026-09-07 05:51:10] Checkpoint 155/697 after PPXF30022C; 4061 extracted rows
[2026-09-07 05:51:30] Checkpoint 156/697 after PPXH10021E; 4086 extracted rows
[2026-09-07 05:51:46] Checkpoint 157/697 after PPXH10041C; 4113 extracted rows
[2026-09-07 05:52:05] Checkpoint 158/697 after PPXD10019C; 4178 extracted rows
[2026-09-07 05:52:22] Checkpoint 159/697 after PPXH10011A; 4196 extracted rows
[2026-09-07 05:52:38] Checkpoint 160/697 after PP2H00012B; 4214 extracted rows
[2026-09-07 05:52:54] Checkpoint 161/697 after PPXJ30019C; 4234 extracted rows
[2026-09-07 05:53:11] Checkpoint 162/697 after PPXH10017E; 4342 extracted rows
[2026-09-07 05:53:29] Checkpoint 163/697 after PPXH30050A; 4360 extracted rows
[2026-09-07 05:53:47] Checkpoint 164/697 after PPXH10074A; 4369 extracted rows
[2026-09-07 05:54:04] Checkpoint 165/697 after PPXJ10006D; 4394 extracted rows
[2026-09-07 05:54:22] Checkpoint 166/697 after PPXD10017A; 4409 extracted rows
[2026-09-07 05:54:50] Checkpoint 167/697 after PPXD10012C; 4409 extracted rows
[2026-09-07 05:55:09] Checkpoint 168/697 after PPXD10019P; 4474 extracted rows
[2026-09-07 05:55:31] Checkpoint 169/697 after PPXH30020H; 4528 extracted rows
[2026-09-07 05:55:55] Checkpoint 170/697 after PPXF10032B; 4543 extracted rows
[2026-09-07 05:56:30] Checkpoint 171/697 after PPXD10001G; 4543 extracted rows
[2026-09-07 05:56:43] Checkpoint 172/697 after PPXJ30019A; 4563 extracted rows
[2026-09-07 05:57:04] Checkpoint 173/697 after PPXH10017D; 4671 extracted rows
[2026-09-07 05:57:24] Checkpoint 174/697 after PPXJ30051A; 4676 extracted rows
[2026-09-07 05:57:41] Checkpoint 175/697 after PPXH30007C; 4721 extracted rows
[2026-09-07 05:57:53] Checkpoint 176/697 after PP2J00013B; 4741 extracted rows
[2026-09-07 05:58:11] Checkpoint 177/697 after PPXJ30058C; 4786 extracted rows
[2026-09-07 05:58:29] Checkpoint 178/697 after PPXH10023A; 4822 extracted rows
[2026-09-07 05:58:52] Checkpoint 179/697 after PPXF10014B; 4827 extracted rows
[2026-09-07 05:59:12] Checkpoint 180/697 after PPXJ30057A; 4857 extracted rows
[2026-09-07 05:59:12] Restarting stock browser before SKU PPXD10025A at position 181
[2026-09-07 05:59:43] Checkpoint 181/697 after PPXD10025A; 4862 extracted rows
[2026-09-07 06:00:02] Checkpoint 182/697 after PPXH30041A; 4871 extracted rows
[2026-09-07 06:00:25] Checkpoint 183/697 after PPXD10017B; 4886 extracted rows
[2026-09-07 06:00:52] Checkpoint 184/697 after PPXF10011A; 4901 extracted rows
[2026-09-07 06:01:26] Checkpoint 185/697 after PPXF30014A; 4911 extracted rows
[2026-09-07 06:01:50] Checkpoint 186/697 after PPXD10011E; 4931 extracted rows
[2026-09-07 06:02:15] Checkpoint 187/697 after PPXJ30062E; 4951 extracted rows
[2026-09-07 06:02:32] Checkpoint 188/697 after PPXJ30019D; 4971 extracted rows
[2026-09-07 06:02:58] Checkpoint 189/697 after PPXH10034B; 5007 extracted rows
[2026-09-07 06:03:24] Checkpoint 190/697 after PPXD10007I; 5047 extracted rows
[2026-09-07 06:03:51] Checkpoint 191/697 after PPXD10011B; 5067 extracted rows
[2026-09-07 06:04:11] Checkpoint 192/697 after PPXH30021C; 5121 extracted rows
[2026-09-07 06:04:28] Checkpoint 193/697 after PPXF10026A; 5126 extracted rows
[2026-09-07 06:04:49] Checkpoint 194/697 after PPXD10019A; 5191 extracted rows
[2026-09-07 06:05:11] Checkpoint 195/697 after PPXF30022E; 5206 extracted rows
[2026-09-07 06:05:46] Checkpoint 196/697 after PPXH10017F; 5206 extracted rows
[2026-09-07 06:06:07] Checkpoint 197/697 after PP2J00008C; 5226 extracted rows
[2026-09-07 06:06:22] Checkpoint 198/697 after PP2J00014D; 5246 extracted rows
[2026-09-07 06:06:41] Checkpoint 199/697 after PPXH10017C; 5354 extracted rows
[2026-09-07 06:07:03] Checkpoint 200/697 after PPXD10030F; 5384 extracted rows
[2026-09-07 06:07:24] Checkpoint 201/697 after PP2HC0013; 5404 extracted rows
[2026-09-07 06:07:42] Checkpoint 202/697 after PPXH10067A; 5413 extracted rows
[2026-09-07 06:08:01] Checkpoint 203/697 after PPXJ30007D; 5423 extracted rows
[2026-09-07 06:08:20] Checkpoint 204/697 after PP2J00001C; 5443 extracted rows
[2026-09-07 06:08:39] Checkpoint 205/697 after PP2D00001C; 5463 extracted rows
[2026-09-07 06:08:56] Checkpoint 206/697 after PPXJ10002A; 5483 extracted rows
[2026-09-07 06:09:10] Checkpoint 207/697 after PPXJ30030B; 5508 extracted rows
[2026-09-07 06:09:40] Checkpoint 208/697 after PPXJ30036D; 5508 extracted rows
[2026-09-07 06:09:58] Checkpoint 209/697 after PPXJ10016D; 5528 extracted rows
[2026-09-07 06:10:22] Checkpoint 210/697 after PPXD10001A; 5538 extracted rows
[2026-09-07 06:10:42] Checkpoint 211/697 after PPXH10019C; 5565 extracted rows
[2026-09-07 06:10:56] Checkpoint 212/697 after PPXH30037I; 5592 extracted rows
[2026-09-07 06:11:16] Checkpoint 213/697 after PPXJ30027B; 5627 extracted rows
[2026-09-07 06:11:34] Checkpoint 214/697 after PPXH30017A; 5636 extracted rows
[2026-09-07 06:11:51] Checkpoint 215/697 after PPXJ30058A; 5681 extracted rows
[2026-09-07 06:12:12] Checkpoint 216/697 after PPXH30020A; 5735 extracted rows
[2026-09-07 06:12:31] Checkpoint 217/697 after PP2H00011B; 5762 extracted rows
[2026-09-07 06:12:48] Checkpoint 218/697 after PPXJ30058F; 5807 extracted rows
[2026-09-07 06:13:07] Checkpoint 219/697 after PPXH30046A; 5816 extracted rows
[2026-09-07 06:14:10] Checkpoint 220/697 after PP0H0A001; 5816 extracted rows
[2026-09-07 06:14:26] Checkpoint 221/697 after PPXJ10003D; 5846 extracted rows
[2026-09-07 06:14:43] Checkpoint 222/697 after PPXH10034A; 5882 extracted rows
[2026-09-07 06:15:03] Checkpoint 223/697 after PPXJ10008F; 5917 extracted rows
[2026-09-07 06:15:24] Checkpoint 224/697 after PPXH30022F; 5971 extracted rows
[2026-09-07 06:15:56] Checkpoint 225/697 after PPXJ30022E; 5971 extracted rows
[2026-09-07 06:16:32] Checkpoint 226/697 after PPXH10049A; 5971 extracted rows
[2026-09-07 06:16:58] Checkpoint 227/697 after PPXH30037B; 5998 extracted rows
[2026-09-07 06:17:20] Checkpoint 228/697 after PPXJ30027E; 6033 extracted rows
[2026-09-07 06:17:39] Checkpoint 229/697 after PPXH30032D; 6063 extracted rows
[2026-09-07 06:18:10] Checkpoint 230/697 after PPXD10007C; 6063 extracted rows
[2026-09-07 06:18:30] Checkpoint 231/697 after PPXH10017K; 6171 extracted rows
[2026-09-07 06:18:52] Checkpoint 232/697 after PPXJ30048D; 6186 extracted rows
[2026-09-07 06:19:13] Checkpoint 233/697 after PPXD10032A; 6206 extracted rows
[2026-09-07 06:19:38] Checkpoint 234/697 after PPXD10001F; 6216 extracted rows
[2026-09-07 06:19:52] Checkpoint 235/697 after PPXJ30050B; 6226 extracted rows
[2026-09-07 06:20:08] Checkpoint 236/697 after PPXH10017S; 6334 extracted rows
[2026-09-07 06:20:32] Checkpoint 237/697 after PPXF30011H; 6379 extracted rows
[2026-09-07 06:21:48] Checkpoint 238/697 after PP2J00012C; 6379 extracted rows
[2026-09-07 06:22:08] Checkpoint 239/697 after PPXD10016D; 6409 extracted rows
[2026-09-07 06:22:24] Checkpoint 240/697 after PP2H00011A; 6436 extracted rows
[2026-09-07 06:22:24] Restarting stock browser before SKU PPXJ10020B at position 241
[2026-09-07 06:22:51] Checkpoint 241/697 after PPXJ10020B; 6456 extracted rows
[2026-09-07 06:23:12] Checkpoint 242/697 after PPXJ10021D; 6476 extracted rows
[2026-09-07 06:23:31] Checkpoint 243/697 after PPXJ30025F; 6486 extracted rows
[2026-09-07 06:23:50] Checkpoint 244/697 after PPXD10002A; 6496 extracted rows
[2026-09-07 06:24:11] Checkpoint 245/697 after PPXH10007A; 6523 extracted rows
[2026-09-07 06:24:30] Checkpoint 246/697 after PPXH10021B; 6548 extracted rows
[2026-09-07 06:24:50] Checkpoint 247/697 after PP2H00008A; 6602 extracted rows
[2026-09-07 06:25:15] Checkpoint 248/697 after PPXD10020J; 6662 extracted rows
[2026-09-07 06:25:40] Checkpoint 249/697 after PPXH10066C; 6689 extracted rows
[2026-09-07 06:25:57] Checkpoint 250/697 after PPXJ10002E; 6709 extracted rows
[2026-09-07 06:26:23] Checkpoint 251/697 after PP2J00010C; 6729 extracted rows
[2026-09-07 06:26:44] Checkpoint 252/697 after PPXF10013A; 6739 extracted rows
[2026-09-07 06:27:12] Checkpoint 253/697 after PPXH10017I; 6739 extracted rows
[2026-09-07 06:27:26] Checkpoint 254/697 after PPXF10034A; 6744 extracted rows
[2026-09-07 06:27:47] Checkpoint 255/697 after PP2J00010D; 6764 extracted rows
[2026-09-07 06:28:20] Checkpoint 256/697 after PPXD10019E; 6764 extracted rows
[2026-09-07 06:28:38] Checkpoint 257/697 after PPXJ30047B; 6779 extracted rows
[2026-09-07 06:28:51] Checkpoint 258/697 after PPXJ30063D; 6799 extracted rows
[2026-09-07 06:29:13] Checkpoint 259/697 after PPXD10007G; 6839 extracted rows
[2026-09-07 06:29:28] Checkpoint 260/697 after PPXJ30062D; 6859 extracted rows
[2026-09-07 06:29:59] Checkpoint 261/697 after PPXD10029B; 6859 extracted rows
[2026-09-07 06:30:18] Checkpoint 262/697 after PPXH10034D; 6895 extracted rows
[2026-09-07 06:30:38] Checkpoint 263/697 after PPXJ30003A; 6920 extracted rows
[2026-09-07 06:30:59] Checkpoint 264/697 after PPXD10023E; 6945 extracted rows
[2026-09-07 06:31:18] Checkpoint 265/697 after PP2H00017B; 6963 extracted rows
[2026-09-07 06:31:35] Checkpoint 266/697 after PPXH30010A; 6972 extracted rows
[2026-09-07 06:31:51] Checkpoint 267/697 after PP2H00011C; 6999 extracted rows
[2026-09-07 06:32:09] Checkpoint 268/697 after PP2J00001B; 7019 extracted rows
[2026-09-07 06:32:27] Checkpoint 269/697 after PPXF30006B; 7039 extracted rows
[2026-09-07 06:32:44] Checkpoint 270/697 after PPXH30020F; 7093 extracted rows
[2026-09-07 06:33:13] Checkpoint 271/697 after PPXJ30029D; 7093 extracted rows
[2026-09-07 06:33:29] Checkpoint 272/697 after PPXH10023C; 7129 extracted rows
[2026-09-07 06:34:29] Checkpoint 273/697 after PP0H0A028; 7129 extracted rows
[2026-09-07 06:34:46] Checkpoint 274/697 after PPXD10019O; 7194 extracted rows
[2026-09-07 06:35:01] Checkpoint 275/697 after PPXD10020K; 7254 extracted rows
[2026-09-07 06:35:23] Checkpoint 276/697 after PP2J00008D; 7274 extracted rows
[2026-09-07 06:35:43] Checkpoint 277/697 after PPXJ30026G; 7299 extracted rows
[2026-09-07 06:36:04] Checkpoint 278/697 after PPXJ30030D; 7324 extracted rows
[2026-09-07 06:36:27] Checkpoint 279/697 after PPXH30006B; 7351 extracted rows
[2026-09-07 06:36:45] Checkpoint 280/697 after PPXJ30008E; 7376 extracted rows
[2026-09-07 06:37:03] Checkpoint 281/697 after PPXH10059A; 7381 extracted rows
[2026-09-07 06:37:25] Checkpoint 282/697 after PPXJ30058D; 7426 extracted rows
[2026-09-07 06:37:44] Checkpoint 283/697 after PP2HC0006; 7435 extracted rows
[2026-09-07 06:37:59] Checkpoint 284/697 after PPXH30030C; 7453 extracted rows
[2026-09-07 06:38:32] Checkpoint 285/697 after PPXJ10002C; 7453 extracted rows
[2026-09-07 06:39:02] Checkpoint 286/697 after PPXH10004A; 7453 extracted rows
[2026-09-07 06:39:24] Checkpoint 287/697 after PPXJ10021B; 7473 extracted rows
[2026-09-07 06:39:48] Checkpoint 288/697 after PPXH10039B; 7491 extracted rows
[2026-09-07 06:40:13] Checkpoint 289/697 after PPXF10001I; 7516 extracted rows
[2026-09-07 06:40:32] Checkpoint 290/697 after PP2J00010A; 7536 extracted rows
[2026-09-07 06:40:56] Checkpoint 291/697 after PPXJ10017B; 7546 extracted rows
[2026-09-07 06:41:20] Checkpoint 292/697 after PPXH30009B; 7618 extracted rows
[2026-09-07 06:41:35] Checkpoint 293/697 after PPXF10002A; 7623 extracted rows
[2026-09-07 06:41:55] Checkpoint 294/697 after PPXH10032C; 7704 extracted rows
[2026-09-07 06:42:17] Checkpoint 295/697 after PPXH10031B; 7749 extracted rows
[2026-09-07 06:42:35] Checkpoint 296/697 after PP2H00018A; 7767 extracted rows
[2026-09-07 06:42:53] Checkpoint 297/697 after PPXH10042B; 7785 extracted rows
[2026-09-07 06:43:12] Checkpoint 298/697 after PPXH30006A; 7812 extracted rows
[2026-09-07 06:43:26] Checkpoint 299/697 after PP2J00013C; 7832 extracted rows
[2026-09-07 06:43:40] Checkpoint 300/697 after PPXH30001A; 7841 extracted rows
[2026-09-07 06:43:40] Restarting stock browser before SKU PP0H0A036 at position 301
[2026-09-07 06:44:12] Stock browser login attempt 1/4 failed: Could not locate Profuomo login form fields
[2026-09-07 06:45:25] Checkpoint 301/697 after PP0H0A036; 7841 extracted rows
[2026-09-07 06:45:42] Checkpoint 302/697 after PPXJ30035A; 7851 extracted rows
[2026-09-07 06:45:58] Checkpoint 303/697 after PP2J00008A; 7871 extracted rows
[2026-09-07 06:46:17] Checkpoint 304/697 after PPXJ30012A; 7896 extracted rows
[2026-09-07 06:46:34] Checkpoint 305/697 after PPXJ30012D; 7921 extracted rows
[2026-09-07 06:46:49] Checkpoint 306/697 after PPXJ30046A; 7941 extracted rows
[2026-09-07 06:47:05] Checkpoint 307/697 after PP2H00020A; 7950 extracted rows
[2026-09-07 06:47:23] Checkpoint 308/697 after PPXF30011A; 7995 extracted rows
[2026-09-07 06:47:41] Checkpoint 309/697 after PPXH10010F; 8040 extracted rows
[2026-09-07 06:47:58] Checkpoint 310/697 after PPXH10030B; 8058 extracted rows
[2026-09-07 06:48:13] Checkpoint 311/697 after PPXJ30046D; 8078 extracted rows
[2026-09-07 06:48:29] Checkpoint 312/697 after PPXD10023B; 8103 extracted rows
[2026-09-07 06:48:44] Checkpoint 313/697 after PPXJ30007F; 8113 extracted rows
[2026-09-07 06:49:03] Checkpoint 314/697 after PPXH10032O; 8194 extracted rows
[2026-09-07 06:49:16] Checkpoint 315/697 after PPXJ30063E; 8214 extracted rows
[2026-09-07 06:49:31] Checkpoint 316/697 after PPXJ30011E; 8234 extracted rows
[2026-09-07 06:49:41] Checkpoint 317/697 after PP2J00013A; 8254 extracted rows
[2026-09-07 06:49:57] Checkpoint 318/697 after PPXH10012A; 8263 extracted rows
[2026-09-07 06:50:15] Checkpoint 319/697 after PPXH10064B; 8272 extracted rows
[2026-09-07 06:50:34] Checkpoint 320/697 after PPXD10019M; 8337 extracted rows
[2026-09-07 06:50:50] Checkpoint 321/697 after PPXD10030A; 8367 extracted rows
[2026-09-07 06:51:08] Checkpoint 322/697 after PPXJ30040C; 8372 extracted rows
[2026-09-07 06:51:27] Checkpoint 323/697 after PPXH30022A; 8426 extracted rows
[2026-09-07 06:51:46] Checkpoint 324/697 after PPXD10019T; 8491 extracted rows
[2026-09-07 06:52:05] Checkpoint 325/697 after PPXJ30002A; 8516 extracted rows
[2026-09-07 06:52:23] Checkpoint 326/697 after PPXJ30012F; 8541 extracted rows
[2026-09-07 06:52:42] Checkpoint 327/697 after PPXH30009H; 8613 extracted rows
[2026-09-07 06:52:54] Checkpoint 328/697 after PP2H00018B; 8631 extracted rows
[2026-09-07 06:53:12] Checkpoint 329/697 after PPXH10019A; 8658 extracted rows
[2026-09-07 06:53:24] Checkpoint 330/697 after PPXD10012E; 8663 extracted rows
[2026-09-07 06:53:36] Checkpoint 331/697 after PPXH30002A; 8672 extracted rows
[2026-09-07 06:53:56] Checkpoint 332/697 after PPXD10020O; 8732 extracted rows
[2026-09-07 06:54:28] Checkpoint 333/697 after PPXD10021B; 8732 extracted rows
[2026-09-07 06:54:47] Checkpoint 334/697 after PPXD10020A; 8792 extracted rows
[2026-09-07 06:55:07] Checkpoint 335/697 after PPXH10002B; 8801 extracted rows
[2026-09-07 06:55:24] Checkpoint 336/697 after PPXJ10006A; 8826 extracted rows
[2026-09-07 06:55:42] Checkpoint 337/697 after PPXJ30016A; 8836 extracted rows
[2026-09-07 06:56:01] Checkpoint 338/697 after PPXD10008B; 8841 extracted rows
[2026-09-07 06:56:28] Checkpoint 339/697 after PPXJ10001B; 8856 extracted rows
[2026-09-07 06:56:47] Checkpoint 340/697 after PPXD10007E; 8896 extracted rows
[2026-09-07 06:57:18] Checkpoint 341/697 after PP2J00005C; 8896 extracted rows
[2026-09-07 06:57:34] Checkpoint 342/697 after PP2HC0038; 8905 extracted rows
[2026-09-07 06:57:50] Checkpoint 343/697 after PPXJ30027D; 8940 extracted rows
[2026-09-07 06:58:09] Checkpoint 344/697 after PPXJ30009F; 8950 extracted rows
[2026-09-07 06:58:25] Checkpoint 345/697 after PPXJ30060C; 8965 extracted rows
[2026-09-07 06:58:42] Checkpoint 346/697 after PPXH10035A; 8992 extracted rows
[2026-09-07 06:59:10] Checkpoint 347/697 after PPXH10002A; 8992 extracted rows
[2026-09-07 06:59:29] Checkpoint 348/697 after PPXD10016C; 9022 extracted rows
[2026-09-07 06:59:47] Checkpoint 349/697 after PPXD10009D; 9037 extracted rows
[2026-09-07 07:00:11] Checkpoint 350/697 after PPXH30039B; 9055 extracted rows
[2026-09-07 07:00:33] Checkpoint 351/697 after PPXH30067C; 9075 extracted rows
[2026-09-07 07:00:56] Checkpoint 352/697 after PPXF10035A; 9085 extracted rows
[2026-09-07 07:01:16] Checkpoint 353/697 after PP2HC10009; 9094 extracted rows
[2026-09-07 07:01:35] Checkpoint 354/697 after PPXJ30064A; 9099 extracted rows
[2026-09-07 07:01:54] Checkpoint 355/697 after PPXJ30020B; 9114 extracted rows
[2026-09-07 07:02:15] Checkpoint 356/697 after PPXH10034C; 9150 extracted rows
[2026-09-07 07:02:28] Checkpoint 357/697 after PPXJ30013C; 9170 extracted rows
[2026-09-07 07:02:42] Checkpoint 358/697 after PPXJ30047F; 9185 extracted rows
[2026-09-07 07:03:04] Checkpoint 359/697 after PPXJ30026A; 9210 extracted rows
[2026-09-07 07:03:19] Checkpoint 360/697 after PPXJ30010E; 9235 extracted rows
[2026-09-07 07:03:19] Restarting stock browser before SKU PPXF10035B at position 361
[2026-09-07 07:03:47] Checkpoint 361/697 after PPXF10035B; 9245 extracted rows
[2026-09-07 07:04:04] Checkpoint 362/697 after PPXH10011B; 9263 extracted rows
[2026-09-07 07:04:21] Checkpoint 363/697 after PPXJ10008E; 9298 extracted rows
[2026-09-07 07:04:50] Checkpoint 364/697 after PPXD10028A; 9298 extracted rows
[2026-09-07 07:05:09] Checkpoint 365/697 after PPXJ10020A; 9318 extracted rows
[2026-09-07 07:05:28] Checkpoint 366/697 after PPXJ10008A; 9353 extracted rows
[2026-09-07 07:05:47] Checkpoint 367/697 after PP0H0A015; 9362 extracted rows
[2026-09-07 07:06:06] Checkpoint 368/697 after PPXH30014C; 9389 extracted rows
[2026-09-07 07:06:19] Checkpoint 369/697 after PP2HC10014; 9434 extracted rows
[2026-09-07 07:06:38] Checkpoint 370/697 after PPXD10023A; 9459 extracted rows
[2026-09-07 07:07:06] Checkpoint 371/697 after PPXH30020G; 9459 extracted rows
[2026-09-07 07:07:25] Checkpoint 372/697 after PPXH30009C; 9531 extracted rows
[2026-09-07 07:07:41] Checkpoint 373/697 after PP2H00008C; 9585 extracted rows
[2026-09-07 07:07:58] Checkpoint 374/697 after PPXH30054C; 9621 extracted rows
[2026-09-07 07:08:15] Checkpoint 375/697 after PPXD10029D; 9636 extracted rows
[2026-09-07 07:08:42] Checkpoint 376/697 after PPXD10012B; 9636 extracted rows
[2026-09-07 07:08:58] Checkpoint 377/697 after PPXJ30063A; 9656 extracted rows
[2026-09-07 07:09:17] Checkpoint 378/697 after PPXJ10020D; 9676 extracted rows
[2026-09-07 07:09:31] Checkpoint 379/697 after PPXJ30045A; 9681 extracted rows
[2026-09-07 07:09:45] Checkpoint 380/697 after PPXJ30006B; 9696 extracted rows
[2026-09-07 07:10:08] Checkpoint 381/697 after PPXJ30028J; 9696 extracted rows
[2026-09-07 07:10:27] Checkpoint 382/697 after PPXF10032A; 9711 extracted rows
[2026-09-07 07:10:46] Checkpoint 383/697 after PPXJ30060E; 9726 extracted rows
[2026-09-07 07:11:04] Checkpoint 384/697 after PPXJ30046C; 9746 extracted rows
[2026-09-07 07:11:24] Checkpoint 385/697 after PPXJ30052C; 9766 extracted rows
[2026-09-07 07:11:42] Checkpoint 386/697 after PP2H00001D; 9802 extracted rows
[2026-09-07 07:12:00] Checkpoint 387/697 after PPXH30007B; 9847 extracted rows
[2026-09-07 07:12:18] Checkpoint 388/697 after PPXJ10021C; 9867 extracted rows
[2026-09-07 07:12:35] Checkpoint 389/697 after PPXD10006D; 9882 extracted rows
[2026-09-07 07:12:51] Checkpoint 390/697 after PPXH10058A; 9892 extracted rows
[2026-09-07 07:13:07] Checkpoint 391/697 after PPXH30022D; 9946 extracted rows
[2026-09-07 07:13:23] Checkpoint 392/697 after PPXF10004B; 9951 extracted rows
[2026-09-07 07:13:39] Checkpoint 393/697 after PPXJ30018H; 9986 extracted rows
[2026-09-07 07:13:56] Checkpoint 394/697 after PPXH30007D; 10031 extracted rows
[2026-09-07 07:14:11] Checkpoint 395/697 after PPXH10017M; 10139 extracted rows
[2026-09-07 07:14:29] Checkpoint 396/697 after PPXJ30001D; 10164 extracted rows
[2026-09-07 07:14:46] Checkpoint 397/697 after PPXD10017C; 10179 extracted rows
[2026-09-07 07:15:03] Checkpoint 398/697 after PPXJ30029G; 10209 extracted rows
[2026-09-07 07:15:24] Checkpoint 399/697 after PPXJ10013D; 10219 extracted rows
[2026-09-07 07:15:46] Checkpoint 400/697 after PPXD10020R; 10279 extracted rows
[2026-09-07 07:16:23] Checkpoint 401/697 after PPXD10010B; 10279 extracted rows
[2026-09-07 07:16:42] Checkpoint 402/697 after PPXD10028F; 10289 extracted rows
[2026-09-07 07:16:55] Checkpoint 403/697 after PPXH10032D; 10370 extracted rows
[2026-09-07 07:17:18] Checkpoint 404/697 after PPXJ30010F; 10395 extracted rows
[2026-09-07 07:17:36] Checkpoint 405/697 after PPXD10016F; 10425 extracted rows
[2026-09-07 07:17:53] Checkpoint 406/697 after PPXH30024D; 10470 extracted rows
[2026-09-07 07:18:13] Checkpoint 407/697 after PPXH10066B; 10497 extracted rows
[2026-09-07 07:18:32] Checkpoint 408/697 after PPXH10001A; 10506 extracted rows
[2026-09-07 07:18:54] Checkpoint 409/697 after PPXJ10003E; 10536 extracted rows
[2026-09-07 07:19:15] Checkpoint 410/697 after PPXJ30006A; 10551 extracted rows
[2026-09-07 07:19:34] Checkpoint 411/697 after PPXH10018A; 10587 extracted rows
[2026-09-07 07:19:54] Checkpoint 412/697 after PPXD10019R; 10652 extracted rows
[2026-09-07 07:20:09] Checkpoint 413/697 after PPXH10031A; 10697 extracted rows
[2026-09-07 07:20:30] Checkpoint 414/697 after PPXF10011B; 10712 extracted rows
[2026-09-07 07:20:49] Checkpoint 415/697 after PP2J00001D; 10732 extracted rows
[2026-09-07 07:21:08] Checkpoint 416/697 after PPXJ30006D; 10747 extracted rows
[2026-09-07 07:21:26] Checkpoint 417/697 after PP2HC0014; 10767 extracted rows
[2026-09-07 07:21:43] Checkpoint 418/697 after PPXH10037B; 10794 extracted rows
[2026-09-07 07:22:01] Checkpoint 419/697 after PPXD10007B; 10834 extracted rows
[2026-09-07 07:22:19] Checkpoint 420/697 after PPXJ30012C; 10859 extracted rows
[2026-09-07 07:22:19] Restarting stock browser before SKU PPXJ30010C at position 421
[2026-09-07 07:22:44] Checkpoint 421/697 after PPXJ30010C; 10884 extracted rows
[2026-09-07 07:23:15] Checkpoint 422/697 after PPXF30050B; 10884 extracted rows
[2026-09-07 07:23:28] Checkpoint 423/697 after PPXJ30010A; 10909 extracted rows
[2026-09-07 07:23:48] Checkpoint 424/697 after PPXJ30028E; 10939 extracted rows
[2026-09-07 07:24:08] Checkpoint 425/697 after PPXH10021D; 10964 extracted rows
[2026-09-07 07:24:23] Checkpoint 426/697 after PP2J00009D; 10984 extracted rows
[2026-09-07 07:24:45] Checkpoint 427/697 after PPXJ10008C; 11019 extracted rows
[2026-09-07 07:25:07] Checkpoint 428/697 after PP2HC10013; 11064 extracted rows
[2026-09-07 07:25:24] Checkpoint 429/697 after PPXJ30003E; 11089 extracted rows
[2026-09-07 07:25:47] Checkpoint 430/697 after PPXF10013B; 11099 extracted rows
[2026-09-07 07:26:04] Checkpoint 431/697 after PPXH30021G; 11153 extracted rows
[2026-09-07 07:26:30] Checkpoint 432/697 after PPXH30027A; 11171 extracted rows
[2026-09-07 07:26:52] Checkpoint 433/697 after PPXH30008A; 11180 extracted rows
[2026-09-07 07:27:15] Checkpoint 434/697 after PPXH30057C; 11207 extracted rows
[2026-09-07 07:27:35] Checkpoint 435/697 after PPXJ30025C; 11217 extracted rows
[2026-09-07 07:27:50] Checkpoint 436/697 after PPXJ10004A; 11232 extracted rows
[2026-09-07 07:28:11] Checkpoint 437/697 after PPXD10023D; 11257 extracted rows
[2026-09-07 07:28:37] Checkpoint 438/697 after PPXH30039C; 11275 extracted rows
[2026-09-07 07:29:10] Checkpoint 439/697 after PPXH30023A; 11284 extracted rows
[2026-09-07 07:29:31] Checkpoint 440/697 after PP2HC10006; 11338 extracted rows
[2026-09-07 07:29:52] Checkpoint 441/697 after PPXD10006C; 11353 extracted rows
[2026-09-07 07:30:36] Checkpoint 442/697 after PPXH10052A; 11353 extracted rows
[2026-09-07 07:31:01] Checkpoint 443/697 after PPXJ30027C; 11388 extracted rows
[2026-09-07 07:31:27] Checkpoint 444/697 after PPXJ30037E; 11393 extracted rows
[2026-09-07 07:31:48] Checkpoint 445/697 after PPXH10017N; 11501 extracted rows
[2026-09-07 07:32:27] Checkpoint 446/697 after PP2H00006A; 11501 extracted rows
[2026-09-07 07:32:48] Checkpoint 447/697 after PPXJ30011A; 11521 extracted rows
[2026-09-07 07:33:01] Checkpoint 448/697 after PPXJ30057E; 11551 extracted rows
[2026-09-07 07:33:20] Checkpoint 449/697 after PPXH30057B; 11578 extracted rows
[2026-09-07 07:34:25] Checkpoint 450/697 after PP2J00012A; 11578 extracted rows
[2026-09-07 07:34:43] Checkpoint 451/697 after PPXJ30011C; 11598 extracted rows
[2026-09-07 07:35:49] Checkpoint 452/697 after PP0H0A025; 11598 extracted rows
[2026-09-07 07:36:10] Checkpoint 453/697 after PPXH30005C; 11625 extracted rows
[2026-09-07 07:36:30] Checkpoint 454/697 after PPXF30007C; 11635 extracted rows
[2026-09-07 07:36:51] Checkpoint 455/697 after PPXJ30063C; 11655 extracted rows
[2026-09-07 07:37:12] Checkpoint 456/697 after PPXJ10003B; 11685 extracted rows
[2026-09-07 07:37:34] Checkpoint 457/697 after PPXH30037D; 11712 extracted rows
[2026-09-07 07:37:59] Checkpoint 458/697 after PPXH30009D; 11784 extracted rows
[2026-09-07 07:38:26] Checkpoint 459/697 after PPXH10033G; 11820 extracted rows
[2026-09-07 07:38:46] Checkpoint 460/697 after PPXH30062A; 11830 extracted rows
[2026-09-07 07:39:05] Checkpoint 461/697 after PPXH10029A; 11839 extracted rows
[2026-09-07 07:39:24] Checkpoint 462/697 after PPXJ30011F; 11859 extracted rows
[2026-09-07 07:39:56] Checkpoint 463/697 after PPXH10066A; 11859 extracted rows
[2026-09-07 07:40:22] Checkpoint 464/697 after PPXH30054B; 11895 extracted rows
[2026-09-07 07:40:47] Checkpoint 465/697 after PPXH10072B; 11904 extracted rows
[2026-09-07 07:41:56] Checkpoint 466/697 after PPXJ30009D; 11914 extracted rows
[2026-09-07 07:42:20] Checkpoint 467/697 after PPXH30009E; 11986 extracted rows
[2026-09-07 07:42:36] Checkpoint 468/697 after PPXH10017B; 12094 extracted rows
[2026-09-07 07:42:50] Checkpoint 469/697 after PPXH30042A; 12103 extracted rows
[2026-09-07 07:43:21] Checkpoint 470/697 after PPXD10012F; 12103 extracted rows
[2026-09-07 07:43:42] Checkpoint 471/697 after PPXH30067B; 12123 extracted rows
[2026-09-07 07:44:04] Checkpoint 472/697 after PP2D00001A; 12143 extracted rows
[2026-09-07 07:44:20] Checkpoint 473/697 after PP2H00005C; 12188 extracted rows
[2026-09-07 07:44:57] Checkpoint 474/697 after PPXD10014B; 12188 extracted rows
[2026-09-07 07:45:23] Checkpoint 475/697 after PPXJ30052B; 12208 extracted rows
[2026-09-07 07:45:40] Checkpoint 476/697 after PPXD10003C; 12233 extracted rows
[2026-09-07 07:46:14] Checkpoint 477/697 after PP2H00002A; 12233 extracted rows
[2026-09-07 07:46:35] Checkpoint 478/697 after PPXJ30029A; 12263 extracted rows
[2026-09-07 07:46:54] Checkpoint 479/697 after PPXH30020B; 12317 extracted rows
[2026-09-07 07:47:29] Checkpoint 480/697 after PPXJ30028G; 12317 extracted rows
[2026-09-07 07:47:29] Restarting stock browser before SKU PPXD10007D at position 481
[2026-09-07 07:47:57] Checkpoint 481/697 after PPXD10007D; 12357 extracted rows
[2026-09-07 07:48:15] Checkpoint 482/697 after PPXH10033F; 12393 extracted rows
[2026-09-07 07:48:32] Checkpoint 483/697 after PPXH10018D; 12429 extracted rows
[2026-09-07 07:48:52] Checkpoint 484/697 after PPXH30007E; 12474 extracted rows
[2026-09-07 07:49:05] Checkpoint 485/697 after PPXF30013B; 12484 extracted rows
[2026-09-07 07:49:22] Checkpoint 486/697 after PPXH10032E; 12565 extracted rows
[2026-09-07 07:49:39] Checkpoint 487/697 after PPXF30020C; 12575 extracted rows
[2026-09-07 07:49:51] Checkpoint 488/697 after PPXH30038A; 12584 extracted rows
[2026-09-07 07:50:09] Checkpoint 489/697 after PPXJ30013E; 12604 extracted rows
[2026-09-07 07:50:29] Checkpoint 490/697 after PPXJ30057F; 12634 extracted rows
[2026-09-07 07:50:45] Checkpoint 491/697 after PPXD10003E; 12659 extracted rows
[2026-09-07 07:51:05] Checkpoint 492/697 after PPXJ30018F; 12694 extracted rows
[2026-09-07 07:51:24] Checkpoint 493/697 after PP2H00019A; 12703 extracted rows
[2026-09-07 07:51:41] Checkpoint 494/697 after PPXH10014A; 12712 extracted rows
[2026-09-07 07:51:55] Checkpoint 495/697 after PPXH10066D; 12739 extracted rows
[2026-09-07 07:52:17] Checkpoint 496/697 after PPXJ30018E; 12774 extracted rows
[2026-09-07 07:52:36] Checkpoint 497/697 after PPXH10039A; 12792 extracted rows
[2026-09-07 07:53:06] Checkpoint 498/697 after PPXD10005A; 12792 extracted rows
[2026-09-07 07:53:24] Checkpoint 499/697 after PPXJ30002D; 12817 extracted rows
[2026-09-07 07:53:37] Checkpoint 500/697 after PPXH10019B; 12844 extracted rows
[2026-09-07 07:53:55] Checkpoint 501/697 after PPXD10006A; 12859 extracted rows
[2026-09-07 07:54:13] Checkpoint 502/697 after PPXD10033C; 12884 extracted rows
[2026-09-07 07:54:30] Checkpoint 503/697 after PPXJ10014A; 12894 extracted rows
[2026-09-07 07:54:48] Checkpoint 504/697 after PPXD10007F; 12934 extracted rows
[2026-09-07 07:55:10] Checkpoint 505/697 after PPXH30065A; 12944 extracted rows
[2026-09-07 07:55:33] Checkpoint 506/697 after PPXJ30041E; 12974 extracted rows
[2026-09-07 07:55:55] Checkpoint 507/697 after PPXJ30035B; 12984 extracted rows
[2026-09-07 07:56:17] Checkpoint 508/697 after PPXH30022B; 13038 extracted rows
[2026-09-07 07:56:34] Checkpoint 509/697 after PP2H00013A; 13056 extracted rows
[2026-09-07 07:57:01] Checkpoint 510/697 after PPXF10001A; 13056 extracted rows
[2026-09-07 07:57:33] Checkpoint 511/697 after PPXH10037E; 13056 extracted rows
[2026-09-07 07:57:51] Checkpoint 512/697 after PPXH30009I; 13128 extracted rows
[2026-09-07 07:58:13] Checkpoint 513/697 after PPXF30011J; 13173 extracted rows
[2026-09-07 07:58:34] Checkpoint 514/697 after PPXH10010E; 13218 extracted rows
[2026-09-07 07:58:54] Checkpoint 515/697 after PPXF30025A; 13223 extracted rows
[2026-09-07 07:59:15] Checkpoint 516/697 after PPXJ30013A; 13243 extracted rows
[2026-09-07 07:59:33] Checkpoint 517/697 after PPXJ30062A; 13263 extracted rows
[2026-09-07 07:59:50] Checkpoint 518/697 after PPXJ10003A; 13293 extracted rows
[2026-09-07 08:00:22] Checkpoint 519/697 after PPXJ30029B; 13323 extracted rows
[2026-09-07 08:00:54] Checkpoint 520/697 after PPXJ10001A; 13338 extracted rows
[2026-09-07 08:02:17] Checkpoint 521/697 after PP0H0A004; 13338 extracted rows
[2026-09-07 08:02:53] Checkpoint 522/697 after PPXF30050A; 13338 extracted rows
[2026-09-07 08:03:16] Checkpoint 523/697 after PPXH10036A; 13353 extracted rows
[2026-09-07 08:03:37] Checkpoint 524/697 after PPXF30007B; 13363 extracted rows
[2026-09-07 08:03:58] Checkpoint 525/697 after PPXD10002B; 13373 extracted rows
[2026-09-07 08:04:24] Checkpoint 526/697 after PPXJ30016B; 13383 extracted rows
[2026-09-07 08:04:44] Checkpoint 527/697 after PPXD10009C; 13398 extracted rows
[2026-09-07 08:05:11] Checkpoint 528/697 after PPXD10021E; 13413 extracted rows
[2026-09-07 08:05:26] Checkpoint 529/697 after PPXJ30018A; 13448 extracted rows
[2026-09-07 08:05:51] Checkpoint 530/697 after PPXJ30058G; 13493 extracted rows
[2026-09-07 08:06:12] Checkpoint 531/697 after PPXH10075A; 13498 extracted rows
[2026-09-07 08:06:27] Checkpoint 532/697 after PPXH10030A; 13516 extracted rows
[2026-09-07 08:06:40] Checkpoint 533/697 after PPXF30020A; 13526 extracted rows
[2026-09-07 08:07:01] Checkpoint 534/697 after PPXH30009G; 13598 extracted rows
[2026-09-07 08:07:22] Checkpoint 535/697 after PPXF10016B; 13608 extracted rows
[2026-09-07 08:07:35] Checkpoint 536/697 after PP2D00001D; 13628 extracted rows
[2026-09-07 08:07:48] Checkpoint 537/697 after PPXD10020C; 13688 extracted rows
[2026-09-07 08:08:08] Checkpoint 538/697 after PPXH30021D; 13742 extracted rows
[2026-09-07 08:08:39] Checkpoint 539/697 after PPXD10020G; 13742 extracted rows
[2026-09-07 08:08:53] Checkpoint 540/697 after PPXD10021C; 13757 extracted rows
[2026-09-07 08:08:53] Restarting stock browser before SKU PPXH30024C at position 541
[2026-09-07 08:09:20] Checkpoint 541/697 after PPXH30024C; 13802 extracted rows
[2026-09-07 08:09:38] Checkpoint 542/697 after PPXD10020L; 13862 extracted rows
[2026-09-07 08:09:56] Checkpoint 543/697 after PPXJ30018C; 13897 extracted rows
[2026-09-07 08:10:17] Checkpoint 544/697 after PPXF10025A; 13902 extracted rows
[2026-09-07 08:10:36] Checkpoint 545/697 after PPXH10023D; 13938 extracted rows
[2026-09-07 08:10:59] Checkpoint 546/697 after PPXF10001J; 13963 extracted rows
[2026-09-07 08:11:20] Checkpoint 547/697 after PPXJ30058E; 14008 extracted rows
[2026-09-07 08:11:40] Checkpoint 548/697 after PPXJ30029F; 14038 extracted rows
[2026-09-07 08:11:59] Checkpoint 549/697 after PPXH30061A; 14048 extracted rows
[2026-09-07 08:12:21] Checkpoint 550/697 after PPXH30021F; 14102 extracted rows
[2026-09-07 08:12:42] Checkpoint 551/697 after PP2H00008B; 14156 extracted rows
[2026-09-07 08:13:54] Checkpoint 552/697 after PPXD10007A; 14156 extracted rows
[2026-09-07 08:14:08] Checkpoint 553/697 after PP2H00023A; 14165 extracted rows
[2026-09-07 08:14:27] Checkpoint 554/697 after PP2J00009B; 14185 extracted rows
[2026-09-07 08:14:47] Checkpoint 555/697 after PPXJ10005G; 14210 extracted rows
[2026-09-07 08:15:08] Checkpoint 556/697 after PPXH30024G; 14255 extracted rows
[2026-09-07 08:15:29] Checkpoint 557/697 after PP2J00009A; 14275 extracted rows
[2026-09-07 08:15:50] Checkpoint 558/697 after PPXD10028C; 14285 extracted rows
[2026-09-07 08:16:15] Checkpoint 559/697 after PPXH10005B; 14312 extracted rows
[2026-09-07 08:16:35] Checkpoint 560/697 after PPXD10022A; 14322 extracted rows
[2026-09-07 08:16:54] Checkpoint 561/697 after PPXJ10003F; 14352 extracted rows
[2026-09-07 08:17:09] Checkpoint 562/697 after PPXJ10006F; 14377 extracted rows
[2026-09-07 08:17:31] Checkpoint 563/697 after PPXJ30002E; 14402 extracted rows
[2026-09-07 08:17:51] Checkpoint 564/697 after PPXH10035C; 14429 extracted rows
[2026-09-07 08:18:11] Checkpoint 565/697 after PPXF30035A; 14434 extracted rows
[2026-09-07 08:18:32] Checkpoint 566/697 after PPXH30037F; 14461 extracted rows
[2026-09-07 08:18:46] Checkpoint 567/697 after PPXD10003A; 14486 extracted rows
[2026-09-07 08:19:05] Checkpoint 568/697 after PPXJ30058I; 14531 extracted rows
[2026-09-07 08:19:20] Checkpoint 569/697 after PP2J00007B; 14546 extracted rows
[2026-09-07 08:19:53] Checkpoint 570/697 after PPXJ30024E; 14546 extracted rows
[2026-09-07 08:20:13] Checkpoint 571/697 after PPXH10036B; 14561 extracted rows
[2026-09-07 08:20:29] Checkpoint 572/697 after PPXJ10008G; 14596 extracted rows
[2026-09-07 08:20:46] Checkpoint 573/697 after PPXH10038B; 14614 extracted rows
[2026-09-07 08:21:10] Checkpoint 574/697 after PPXJ10009E; 14634 extracted rows
[2026-09-07 08:21:31] Checkpoint 575/697 after PPXJ10017A; 14644 extracted rows
[2026-09-07 08:21:46] Checkpoint 576/697 after PPXJ10009A; 14664 extracted rows
[2026-09-07 08:22:20] Checkpoint 577/697 after PPXJ30060A; 14664 extracted rows
[2026-09-07 08:22:43] Checkpoint 578/697 after PPXJ10001C; 14679 extracted rows
[2026-09-07 08:23:02] Checkpoint 579/697 after PPXJ10004D; 14694 extracted rows
[2026-09-07 08:23:23] Checkpoint 580/697 after PPXH30020C; 14748 extracted rows
[2026-09-07 08:23:49] Checkpoint 581/697 after PP2HC0039; 14766 extracted rows
[2026-09-07 08:24:19] Checkpoint 582/697 after PPXH30007A; 14811 extracted rows
[2026-09-07 08:24:51] Checkpoint 583/697 after PPXD10002C; 14811 extracted rows
[2026-09-07 08:25:15] Checkpoint 584/697 after PPXH10018B; 14847 extracted rows
[2026-09-07 08:25:38] Checkpoint 585/697 after PPXJ30052D; 14867 extracted rows
[2026-09-07 08:26:00] Checkpoint 586/697 after PPXJ30052A; 14887 extracted rows
[2026-09-07 08:26:28] Checkpoint 587/697 after PPXD10011D; 14907 extracted rows
[2026-09-07 08:26:51] Checkpoint 588/697 after PPXJ10008D; 14942 extracted rows
[2026-09-07 08:27:09] Checkpoint 589/697 after PP2H00021A; 14950 extracted rows
[2026-09-07 08:27:35] Checkpoint 590/697 after PP2H00010E; 14995 extracted rows
[2026-09-07 08:27:49] Checkpoint 591/697 after PP2H00022A; 15004 extracted rows
[2026-09-07 08:28:10] Checkpoint 592/697 after PPXJ30028I; 15034 extracted rows
[2026-09-07 08:28:33] Checkpoint 593/697 after PPXH10070A; 15043 extracted rows
[2026-09-07 08:28:53] Checkpoint 594/697 after PPXJ30001E; 15068 extracted rows
[2026-09-07 08:29:07] Checkpoint 595/697 after PPXH30023B; 15077 extracted rows
[2026-09-07 08:29:29] Checkpoint 596/697 after PPXH30057D; 15104 extracted rows
[2026-09-07 08:29:48] Checkpoint 597/697 after PPXH10058B; 15114 extracted rows
[2026-09-07 08:30:09] Checkpoint 598/697 after PP2H00017A; 15132 extracted rows
[2026-09-07 08:30:33] Checkpoint 599/697 after PPXH10010C; 15177 extracted rows
[2026-09-07 08:30:51] Checkpoint 600/697 after PP2H00010A; 15222 extracted rows
[2026-09-07 08:30:51] Restarting stock browser before SKU PPXH30005A at position 601
[2026-09-07 08:31:25] Checkpoint 601/697 after PPXH30005A; 15249 extracted rows
[2026-09-07 08:31:43] Checkpoint 602/697 after PP2J00014A; 15269 extracted rows
[2026-09-07 08:32:00] Checkpoint 603/697 after PPXD10032C; 15289 extracted rows
[2026-09-07 08:32:20] Checkpoint 604/697 after PPXF30021C; 15294 extracted rows
[2026-09-07 08:32:36] Checkpoint 605/697 after PPXJ30048E; 15309 extracted rows
[2026-09-07 08:32:55] Checkpoint 606/697 after PP2HC0040; 15327 extracted rows
[2026-09-07 08:33:15] Checkpoint 607/697 after PPXF10027A; 15332 extracted rows
[2026-09-07 08:33:34] Checkpoint 608/697 after PP2H00014A; 15341 extracted rows
[2026-09-07 08:33:54] Checkpoint 609/697 after PPXJ10005E; 15366 extracted rows
[2026-09-07 08:34:20] Checkpoint 610/697 after PP2H00005A; 15411 extracted rows
[2026-09-07 08:34:40] Checkpoint 611/697 after PP2H00008D; 15465 extracted rows
[2026-09-07 08:35:01] Checkpoint 612/697 after PPXH10031D; 15510 extracted rows
[2026-09-07 08:35:31] Checkpoint 613/697 after PPXH30017C; 15519 extracted rows
[2026-09-07 08:36:03] Checkpoint 614/697 after PPXD10001B; 15519 extracted rows
[2026-09-07 08:36:35] Checkpoint 615/697 after PPXH10032A; 15519 extracted rows
[2026-09-07 08:36:48] Checkpoint 616/697 after PPXD10020H; 15579 extracted rows
[2026-09-07 08:37:01] Checkpoint 617/697 after PPXD10033D; 15604 extracted rows
[2026-09-07 08:37:22] Checkpoint 618/697 after PPXD10018A; 15614 extracted rows
[2026-09-07 08:37:43] Checkpoint 619/697 after PPXF10011E; 15629 extracted rows
[2026-09-07 08:38:07] Checkpoint 620/697 after PPXH10041B; 15656 extracted rows
[2026-09-07 08:38:31] Checkpoint 621/697 after PPXJ30027F; 15691 extracted rows
[2026-09-07 08:38:54] Checkpoint 622/697 after PPXJ30028H; 15721 extracted rows
[2026-09-07 08:39:29] Checkpoint 623/697 after PPXF30007D; 15721 extracted rows
[2026-09-07 08:39:49] Checkpoint 624/697 after PPXH30011A; 15730 extracted rows
[2026-09-07 08:40:14] Checkpoint 625/697 after PP2HC0007; 15739 extracted rows
[2026-09-07 08:41:27] Checkpoint 626/697 after PP0H0A005; 15739 extracted rows
[2026-09-07 08:41:46] Checkpoint 627/697 after PPXD10023C; 15764 extracted rows
[2026-09-07 08:42:07] Checkpoint 628/697 after PPXD10033B; 15789 extracted rows
[2026-09-07 08:42:28] Checkpoint 629/697 after PPXH30054D; 15825 extracted rows
[2026-09-07 08:42:47] Checkpoint 630/697 after PPXD10020S; 15885 extracted rows
[2026-09-07 08:43:09] Checkpoint 631/697 after PP2H00001B; 15921 extracted rows
[2026-09-07 08:43:28] Checkpoint 632/697 after PPXH10037D; 15948 extracted rows
[2026-09-07 08:44:34] Checkpoint 633/697 after PP0H0C002; 15948 extracted rows
[2026-09-07 08:44:46] Checkpoint 634/697 after PP2H00001C; 15984 extracted rows
[2026-09-07 08:45:06] Checkpoint 635/697 after PPXH10007C; 16011 extracted rows
[2026-09-07 08:45:38] Checkpoint 636/697 after PP2H00003A; 16011 extracted rows
[2026-09-07 08:45:58] Checkpoint 637/697 after PPXD10021D; 16026 extracted rows
[2026-09-07 08:46:22] Checkpoint 638/697 after PPXD10016A; 16056 extracted rows
[2026-09-07 08:46:42] Checkpoint 639/697 after PPXF30006D; 16076 extracted rows
[2026-09-07 08:47:02] Checkpoint 640/697 after PPXJ30020A; 16091 extracted rows
[2026-09-07 08:47:23] Checkpoint 641/697 after PPXH10031E; 16136 extracted rows
[2026-09-07 08:47:42] Checkpoint 642/697 after PPXF10001G; 16161 extracted rows
[2026-09-07 08:48:01] Checkpoint 643/697 after PPXF30006A; 16181 extracted rows
[2026-09-07 08:48:20] Checkpoint 644/697 after PPXJ30020C; 16196 extracted rows
[2026-09-07 08:48:40] Checkpoint 645/697 after PPXH30021J; 16250 extracted rows
[2026-09-07 08:48:59] Checkpoint 646/697 after PPXH10017A; 16358 extracted rows
[2026-09-07 08:49:22] Checkpoint 647/697 after PPXJ30055B; 16368 extracted rows
[2026-09-07 08:49:44] Checkpoint 648/697 after PPXJ30019E; 16388 extracted rows
[2026-09-07 08:50:05] Checkpoint 649/697 after PPXD10009A; 16403 extracted rows
[2026-09-07 08:50:28] Checkpoint 650/697 after PPXJ30017A; 16408 extracted rows
[2026-09-07 08:51:31] Checkpoint 651/697 after PPXD10005C; 16408 extracted rows
[2026-09-07 08:51:49] Checkpoint 652/697 after PPXJ30028F; 16438 extracted rows
[2026-09-07 08:52:06] Checkpoint 653/697 after PPXF10001B; 16463 extracted rows
[2026-09-07 08:52:24] Checkpoint 654/697 after PPXH30005B; 16490 extracted rows
[2026-09-07 08:52:40] Checkpoint 655/697 after PPXJ30015A; 16500 extracted rows
[2026-09-07 08:52:56] Checkpoint 656/697 after PPXD10020F; 16560 extracted rows
[2026-09-07 08:53:20] Checkpoint 657/697 after PPXH10021C; 16585 extracted rows
[2026-09-07 08:53:37] Checkpoint 658/697 after PPXJ30034B; 16595 extracted rows
[2026-09-07 08:53:55] Checkpoint 659/697 after PP2HC10012; 16640 extracted rows
[2026-09-07 08:54:13] Checkpoint 660/697 after PPXH30024A; 16685 extracted rows
[2026-09-07 08:54:13] Restarting stock browser before SKU PP2J00007A at position 661
[2026-09-07 08:54:47] Checkpoint 661/697 after PP2J00007A; 16700 extracted rows
[2026-09-07 08:54:59] Checkpoint 662/697 after PP2J00013D; 16720 extracted rows
[2026-09-07 08:55:20] Checkpoint 663/697 after PPXJ10004B; 16735 extracted rows
[2026-09-07 08:55:39] Checkpoint 664/697 after PPXH30022C; 16789 extracted rows
[2026-09-07 08:55:58] Checkpoint 665/697 after PPXJ30026E; 16814 extracted rows
[2026-09-07 08:56:18] Checkpoint 666/697 after PPXJ30055C; 16824 extracted rows
[2026-09-07 08:56:34] Checkpoint 667/697 after PPXH30016B; 16851 extracted rows
[2026-09-07 08:57:05] Checkpoint 668/697 after PPXD10010C; 16851 extracted rows
[2026-09-07 08:57:24] Checkpoint 669/697 after PPXJ30036A; 16861 extracted rows
[2026-09-07 08:57:42] Checkpoint 670/697 after PP2H00005B; 16906 extracted rows
[2026-09-07 08:57:55] Checkpoint 671/697 after PPXD10019D; 16971 extracted rows
[2026-09-07 08:58:14] Checkpoint 672/697 after PPXJ10013A; 16981 extracted rows
[2026-09-07 08:58:26] Checkpoint 673/697 after PPXH10055B; 17008 extracted rows
[2026-09-07 08:58:45] Checkpoint 674/697 after PP2J00008B; 17028 extracted rows
[2026-09-07 08:59:05] Checkpoint 675/697 after PPXJ30030G; 17053 extracted rows
[2026-09-07 09:00:11] Checkpoint 676/697 after PP0H0A002; 17053 extracted rows
[2026-09-07 09:00:33] Checkpoint 677/697 after PPXD10029C; 17068 extracted rows
[2026-09-07 09:00:53] Checkpoint 678/697 after PP2H00010D; 17113 extracted rows
[2026-09-07 09:01:12] Checkpoint 679/697 after PPXD10033E; 17138 extracted rows
[2026-09-07 09:01:24] Checkpoint 680/697 after PPXH30013A; 17147 extracted rows
[2026-09-07 09:01:36] Checkpoint 681/697 after PPXH10032B; 17228 extracted rows
[2026-09-07 09:01:54] Checkpoint 682/697 after PPXD10019L; 17293 extracted rows
[2026-09-07 09:02:56] Checkpoint 683/697 after PP0H0C0006; 17293 extracted rows
[2026-09-07 09:03:25] Checkpoint 684/697 after PPXJ30036B; 17293 extracted rows
[2026-09-07 09:03:42] Checkpoint 685/697 after PPXH10036E; 17308 extracted rows
[2026-09-07 09:04:48] Checkpoint 686/697 after PP5N00002B; 17308 extracted rows
[2026-09-07 09:05:10] Checkpoint 687/697 after PPXJ30023A; 17333 extracted rows
[2026-09-07 09:05:25] Checkpoint 688/697 after PPXH30030B; 17351 extracted rows
[2026-09-07 09:05:47] Checkpoint 689/697 after PPXJ30013F; 17371 extracted rows
[2026-09-07 09:06:06] Checkpoint 690/697 after PPXJ30001A; 17396 extracted rows
[2026-09-07 09:06:31] Checkpoint 691/697 after PPXH10010H; 17441 extracted rows
[2026-09-07 09:06:50] Checkpoint 692/697 after PPXH30022E; 17495 extracted rows
[2026-09-07 09:07:12] Checkpoint 693/697 after PPXH10031C; 17540 extracted rows
[2026-09-07 09:07:33] Checkpoint 694/697 after PPXH10023B; 17576 extracted rows
[2026-09-07 09:07:52] Checkpoint 695/697 after PP2H00016A; 17585 extracted rows
[2026-09-07 09:08:11] Checkpoint 696/697 after PPXJ30003D; 17610 extracted rows
[2026-09-07 09:08:31] Checkpoint 697/697 after PPXD10032D; 17630 extracted rows
[2026-09-07 09:08:37] Stock run completed: 697 SKUs, 4883 output rows
[2026-09-08 05:00:15] Stock run started: 697 total, 0 resumed, 697 pending
[2026-09-08 05:00:41] Checkpoint 1/697 after PPXD10018B; 10 extracted rows
[2026-09-08 05:01:00] Checkpoint 2/697 after PPXF10016A; 20 extracted rows
[2026-09-08 05:01:19] Checkpoint 3/697 after PPXH10018C; 56 extracted rows
[2026-09-08 05:01:37] Checkpoint 4/697 after PPXD10011C; 76 extracted rows
[2026-09-08 05:01:55] Checkpoint 5/697 after PP2J00014C; 96 extracted rows
[2026-09-08 05:02:12] Checkpoint 6/697 after PPXF10032C; 111 extracted rows
[2026-09-08 05:02:29] Checkpoint 7/697 after PPXD10030D; 141 extracted rows
[2026-09-08 05:02:45] Checkpoint 8/697 after PPXH10042A; 159 extracted rows
[2026-09-08 05:03:02] Checkpoint 9/697 after PPXH10033B; 195 extracted rows
[2026-09-08 05:03:19] Checkpoint 10/697 after PPXH30014A; 222 extracted rows
[2026-09-08 05:03:38] Checkpoint 11/697 after PP2J00010B; 242 extracted rows
[2026-09-08 05:03:54] Checkpoint 12/697 after PPXJ30008D; 267 extracted rows
[2026-09-08 05:04:12] Checkpoint 13/697 after PPXF10012A; 272 extracted rows
[2026-09-08 05:04:29] Checkpoint 14/697 after PPXH10007B; 299 extracted rows
[2026-09-08 05:04:46] Checkpoint 15/697 after PPXJ10005B; 324 extracted rows
[2026-09-08 05:05:05] Checkpoint 16/697 after PP2H00010B; 369 extracted rows
[2026-09-08 05:05:22] Checkpoint 17/697 after PPXH30027B; 387 extracted rows
[2026-09-08 05:05:48] Checkpoint 18/697 after PPXH10010A; 432 extracted rows
[2026-09-08 05:06:01] Checkpoint 19/697 after PPXD10003D; 457 extracted rows
[2026-09-08 05:06:29] Checkpoint 20/697 after PPXJ10009D; 457 extracted rows
[2026-09-08 05:06:57] Checkpoint 21/697 after PPXJ10001E; 457 extracted rows
[2026-09-08 05:07:14] Checkpoint 22/697 after PPXJ30012E; 482 extracted rows
[2026-09-08 05:07:32] Checkpoint 23/697 after PPXH30018A; 491 extracted rows
[2026-09-08 05:07:49] Checkpoint 24/697 after PPXJ30027G; 526 extracted rows
[2026-09-08 05:08:08] Checkpoint 25/697 after PPXJ30022D; 546 extracted rows
[2026-09-08 05:08:24] Checkpoint 26/697 after PP2J00007C; 561 extracted rows
[2026-09-08 05:08:36] Checkpoint 27/697 after PP2H00001A; 597 extracted rows
[2026-09-08 05:08:52] Checkpoint 28/697 after PPXH10022C; 633 extracted rows
[2026-09-08 05:09:10] Checkpoint 29/697 after PPXH10055A; 660 extracted rows
[2026-09-08 05:09:27] Checkpoint 30/697 after PPXJ30029E; 690 extracted rows
[2026-09-08 05:09:43] Checkpoint 31/697 after PPXJ30036C; 700 extracted rows
[2026-09-08 05:09:55] Checkpoint 32/697 after PPXD10003B; 725 extracted rows
[2026-09-08 05:10:20] Checkpoint 33/697 after PPXJ30024D; 740 extracted rows
[2026-09-08 05:10:45] Checkpoint 34/697 after PPXH10035B; 767 extracted rows
[2026-09-08 05:11:08] Checkpoint 35/697 after PPXJ30028A; 797 extracted rows
[2026-09-08 05:11:28] Checkpoint 36/697 after PPXJ30026B; 822 extracted rows
[2026-09-08 05:11:43] Checkpoint 37/697 after PPXH10032M; 903 extracted rows
[2026-09-08 05:12:06] Checkpoint 38/697 after PPXJ30034A; 913 extracted rows
[2026-09-08 05:12:23] Checkpoint 39/697 after PPXH30021K; 967 extracted rows
[2026-09-08 05:13:25] Checkpoint 40/697 after PP0H0A024; 967 extracted rows
[2026-09-08 05:13:41] Checkpoint 41/697 after PPXF30014B; 977 extracted rows
[2026-09-08 05:13:59] Checkpoint 42/697 after PPXF30006C; 997 extracted rows
[2026-09-08 05:14:17] Checkpoint 43/697 after PPXH30069A; 1017 extracted rows
[2026-09-08 05:14:34] Checkpoint 44/697 after PPXJ30058B; 1062 extracted rows
[2026-09-08 05:14:50] Checkpoint 45/697 after PPXJ30031F; 1082 extracted rows
[2026-09-08 05:15:09] Checkpoint 46/697 after PPXF30011E; 1122 extracted rows
[2026-09-08 05:15:28] Checkpoint 47/697 after PPXJ10006E; 1147 extracted rows
[2026-09-08 05:15:41] Checkpoint 48/697 after PPXJ10005F; 1172 extracted rows
[2026-09-08 05:15:58] Checkpoint 49/697 after PP2J00009C; 1192 extracted rows
[2026-09-08 05:16:13] Checkpoint 50/697 after PPXJ30010D; 1217 extracted rows
[2026-09-08 05:16:40] Checkpoint 51/697 after PPXJ30028B; 1217 extracted rows
[2026-09-08 05:16:57] Checkpoint 52/697 after PP2H00016A; 1226 extracted rows
[2026-09-08 05:17:16] Checkpoint 53/697 after PP2J00001A; 1246 extracted rows
[2026-09-08 05:17:36] Checkpoint 54/697 after PPXJ30060D; 1261 extracted rows
[2026-09-08 05:18:01] Checkpoint 55/697 after PPXD10030E; 1291 extracted rows
[2026-09-08 05:18:23] Checkpoint 56/697 after PPXJ30015B; 1301 extracted rows
[2026-09-08 05:18:45] Checkpoint 57/697 after PPXJ30030A; 1326 extracted rows
[2026-09-08 05:19:03] Checkpoint 58/697 after PPXH10013A; 1335 extracted rows
[2026-09-08 05:19:20] Checkpoint 59/697 after PPXH30066A; 1345 extracted rows
[2026-09-08 05:19:39] Checkpoint 60/697 after PPXJ30014A; 1350 extracted rows
[2026-09-08 05:19:39] Restarting stock browser before SKU PPXH10021F at position 61
[2026-09-08 05:20:06] Checkpoint 61/697 after PPXH10021F; 1375 extracted rows
[2026-09-08 05:20:27] Checkpoint 62/697 after PPXD10016B; 1405 extracted rows
[2026-09-08 05:20:44] Checkpoint 63/697 after PPXH10032H; 1486 extracted rows
[2026-09-08 05:21:54] Checkpoint 64/697 after PP0H0A027; 1486 extracted rows
[2026-09-08 05:22:13] Checkpoint 65/697 after PPXD10011A; 1506 extracted rows
[2026-09-08 05:22:31] Checkpoint 66/697 after PPXJ10005D; 1531 extracted rows
[2026-09-08 05:22:49] Checkpoint 67/697 after PPXJ30027A; 1566 extracted rows
[2026-09-08 05:23:07] Checkpoint 68/697 after PPXJ10016B; 1586 extracted rows
[2026-09-08 05:23:25] Checkpoint 69/697 after PPXH10017P; 1694 extracted rows
[2026-09-08 05:23:43] Checkpoint 70/697 after PPXF10001C; 1719 extracted rows
[2026-09-08 05:24:02] Checkpoint 71/697 after PPXJ30062C; 1739 extracted rows
[2026-09-08 05:24:31] Checkpoint 72/697 after PPXD10009B; 1739 extracted rows
[2026-09-08 05:24:47] Checkpoint 73/697 after PPXD10029A; 1754 extracted rows
[2026-09-08 05:25:03] Checkpoint 74/697 after PP2J00014B; 1774 extracted rows
[2026-09-08 05:25:17] Checkpoint 75/697 after PPXJ30028D; 1804 extracted rows
[2026-09-08 05:25:35] Checkpoint 76/697 after PPXJ30050A; 1814 extracted rows
[2026-09-08 05:25:55] Checkpoint 77/697 after PPXJ30031A; 1834 extracted rows
[2026-09-08 05:26:16] Checkpoint 78/697 after PPXH10032L; 1915 extracted rows
[2026-09-08 05:26:35] Checkpoint 79/697 after PP2H00010C; 1960 extracted rows
[2026-09-08 05:26:51] Checkpoint 80/697 after PPXJ30029C; 1990 extracted rows
[2026-09-08 05:27:09] Checkpoint 81/697 after PPXH10005A; 2017 extracted rows
[2026-09-08 05:27:27] Checkpoint 82/697 after PPXJ10002B; 2037 extracted rows
[2026-09-08 05:27:44] Checkpoint 83/697 after PPXF30013A; 2047 extracted rows
[2026-09-08 05:28:02] Checkpoint 84/697 after PPXH10032N; 2128 extracted rows
[2026-09-08 05:28:18] Checkpoint 85/697 after PP2HC10008; 2137 extracted rows
[2026-09-08 05:28:33] Checkpoint 86/697 after PPXH10040A; 2146 extracted rows
[2026-09-08 05:28:49] Checkpoint 87/697 after PPXJ10008B; 2181 extracted rows
[2026-09-08 05:29:07] Checkpoint 88/697 after PPXF30012C; 2191 extracted rows
[2026-09-08 05:29:26] Checkpoint 89/697 after PPXJ10021A; 2211 extracted rows
[2026-09-08 05:29:43] Checkpoint 90/697 after PPXJ10014B; 2221 extracted rows
[2026-09-08 05:29:58] Checkpoint 91/697 after PPXF30011D; 2261 extracted rows
[2026-09-08 05:30:21] Checkpoint 92/697 after PPXH10017L; 2369 extracted rows
[2026-09-08 05:30:54] Checkpoint 93/697 after PPXH30021H; 2369 extracted rows
[2026-09-08 05:31:12] Checkpoint 94/697 after PP2HC0001; 2378 extracted rows
[2026-09-08 05:31:29] Checkpoint 95/697 after PPXD10019J; 2443 extracted rows
[2026-09-08 05:31:46] Checkpoint 96/697 after PPXH10022B; 2479 extracted rows
[2026-09-08 05:32:05] Checkpoint 97/697 after PPXD10016E; 2509 extracted rows
[2026-09-08 05:32:22] Checkpoint 98/697 after PPXJ30031E; 2529 extracted rows
[2026-09-08 05:32:38] Checkpoint 99/697 after PPXJ30031G; 2549 extracted rows
[2026-09-08 05:32:55] Checkpoint 100/697 after PPXH30050B; 2567 extracted rows
[2026-09-08 05:33:12] Checkpoint 101/697 after PP2HC0011; 2567 extracted rows
[2026-09-08 05:33:28] Checkpoint 102/697 after PPXH10006A; 2576 extracted rows
[2026-09-08 05:33:46] Checkpoint 103/697 after PPXF30012A; 2586 extracted rows
[2026-09-08 05:34:03] Checkpoint 104/697 after PPXH30014B; 2613 extracted rows
[2026-09-08 05:34:19] Checkpoint 105/697 after PPXH30024F; 2658 extracted rows
[2026-09-08 05:34:35] Checkpoint 106/697 after PPXH10065A; 2667 extracted rows
[2026-09-08 05:34:52] Checkpoint 107/697 after PPXJ10002D; 2687 extracted rows
[2026-09-08 05:35:11] Checkpoint 108/697 after PP2H00015A; 2696 extracted rows
[2026-09-08 05:35:29] Checkpoint 109/697 after PPXH10055D; 2723 extracted rows
[2026-09-08 05:35:46] Checkpoint 110/697 after PPXJ30018D; 2758 extracted rows
[2026-09-08 05:36:08] Checkpoint 111/697 after PPXH30016D; 2785 extracted rows
[2026-09-08 05:36:28] Checkpoint 112/697 after PPXJ30008F; 2810 extracted rows
[2026-09-08 05:36:46] Checkpoint 113/697 after PPXF30011G; 2850 extracted rows
[2026-09-08 05:36:57] Checkpoint 114/697 after PPXJ30030I; 2875 extracted rows
[2026-09-08 05:37:12] Checkpoint 115/697 after PPXH30054A; 2911 extracted rows
[2026-09-08 05:37:25] Checkpoint 116/697 after PPXH30006C; 2938 extracted rows
[2026-09-08 05:37:38] Checkpoint 117/697 after PPXD10019Q; 3003 extracted rows
[2026-09-08 05:37:51] Checkpoint 118/697 after PPXH10033D; 3039 extracted rows
[2026-09-08 05:38:10] Checkpoint 119/697 after PP2H00012A; 3057 extracted rows
[2026-09-08 05:38:28] Checkpoint 120/697 after PPXH30020E; 3111 extracted rows
[2026-09-08 05:38:28] Restarting stock browser before SKU PPXH10022D at position 121
[2026-09-08 05:38:51] Checkpoint 121/697 after PPXH10022D; 3147 extracted rows
[2026-09-08 05:39:08] Checkpoint 122/697 after PPXH10009A; 3156 extracted rows
[2026-09-08 05:39:26] Checkpoint 123/697 after PP2HC10011; 3210 extracted rows
[2026-09-08 05:39:42] Checkpoint 124/697 after PPXJ10009B; 3230 extracted rows
[2026-09-08 05:39:58] Checkpoint 125/697 after PPXF30011F; 3270 extracted rows
[2026-09-08 05:40:15] Checkpoint 126/697 after PP2H00013B; 3288 extracted rows
[2026-09-08 05:40:32] Checkpoint 127/697 after PP2D00001B; 3308 extracted rows
[2026-09-08 05:41:40] Checkpoint 128/697 after PPXD10032B; 3308 extracted rows
[2026-09-08 05:42:08] Checkpoint 129/697 after PPXF30011C; 3308 extracted rows
[2026-09-08 05:42:25] Checkpoint 130/697 after PPXH30016C; 3335 extracted rows
[2026-09-08 05:42:42] Checkpoint 131/697 after PPXF30011I; 3375 extracted rows
[2026-09-08 05:42:59] Checkpoint 132/697 after PPXH30012C; 3384 extracted rows
[2026-09-08 05:43:15] Checkpoint 133/697 after PPXH10037A; 3411 extracted rows
[2026-09-08 05:43:32] Checkpoint 134/697 after PPXJ10016C; 3431 extracted rows
[2026-09-08 05:43:49] Checkpoint 135/697 after PPXJ30061B; 3441 extracted rows
[2026-09-08 05:44:04] Checkpoint 136/697 after PPXH30009F; 3513 extracted rows
[2026-09-08 05:44:31] Checkpoint 137/697 after PPXJ30030F; 3513 extracted rows
[2026-09-08 05:44:48] Checkpoint 138/697 after PPXH10022A; 3549 extracted rows
[2026-09-08 05:45:03] Checkpoint 139/697 after PPXD10022B; 3559 extracted rows
[2026-09-08 05:45:21] Checkpoint 140/697 after PPXD10030C; 3589 extracted rows
[2026-09-08 05:45:35] Checkpoint 141/697 after PPXD10020D; 3649 extracted rows
[2026-09-08 05:45:53] Checkpoint 142/697 after PPXJ30018G; 3684 extracted rows
[2026-09-08 05:46:10] Checkpoint 143/697 after PPXJ30008C; 3709 extracted rows
[2026-09-08 05:46:27] Checkpoint 144/697 after PPXH30069B; 3729 extracted rows
[2026-09-08 05:46:42] Checkpoint 145/697 after PPXJ30024F; 3744 extracted rows
[2026-09-08 05:46:59] Checkpoint 146/697 after PPXD10020B; 3804 extracted rows
[2026-09-08 05:47:18] Checkpoint 147/697 after PPXD10025B; 3809 extracted rows
[2026-09-08 05:47:38] Checkpoint 148/697 after PPXD10033A; 3834 extracted rows
[2026-09-08 05:47:55] Checkpoint 149/697 after PPXH10017Q; 3942 extracted rows
[2026-09-08 05:48:12] Checkpoint 150/697 after PPXH10044A; 3951 extracted rows
[2026-09-08 05:49:12] Checkpoint 151/697 after PP0H0A003; 3951 extracted rows
[2026-09-08 05:49:27] Checkpoint 152/697 after PPXH10015A; 3960 extracted rows
[2026-09-08 05:49:44] Checkpoint 153/697 after PPXD10019K; 4025 extracted rows
[2026-09-08 05:49:59] Checkpoint 154/697 after PPXF30051A; 4030 extracted rows
[2026-09-08 05:50:18] Checkpoint 155/697 after PPXF30022C; 4045 extracted rows
[2026-09-08 05:50:36] Checkpoint 156/697 after PPXH10021E; 4070 extracted rows
[2026-09-08 05:50:55] Checkpoint 157/697 after PPXH10041C; 4097 extracted rows
[2026-09-08 05:51:15] Checkpoint 158/697 after PPXD10019C; 4162 extracted rows
[2026-09-08 05:51:34] Checkpoint 159/697 after PPXH10011A; 4180 extracted rows
[2026-09-08 05:51:49] Checkpoint 160/697 after PP2H00012B; 4198 extracted rows
[2026-09-08 05:52:07] Checkpoint 161/697 after PPXJ30019C; 4218 extracted rows
[2026-09-08 05:52:20] Checkpoint 162/697 after PPXH10017E; 4326 extracted rows
[2026-09-08 05:52:39] Checkpoint 163/697 after PPXH30050A; 4344 extracted rows
[2026-09-08 05:52:54] Checkpoint 164/697 after PPXH10074A; 4353 extracted rows
[2026-09-08 05:53:10] Checkpoint 165/697 after PPXJ10006D; 4378 extracted rows
[2026-09-08 05:53:26] Checkpoint 166/697 after PPXD10017A; 4393 extracted rows
[2026-09-08 05:53:51] Checkpoint 167/697 after PPXD10012C; 4393 extracted rows
[2026-09-08 05:54:06] Checkpoint 168/697 after PPXD10019P; 4458 extracted rows
[2026-09-08 05:54:26] Checkpoint 169/697 after PPXH30020H; 4512 extracted rows
[2026-09-08 05:54:42] Checkpoint 170/697 after PPXF10032B; 4527 extracted rows
[2026-09-08 05:55:07] Checkpoint 171/697 after PPXD10001G; 4527 extracted rows
[2026-09-08 05:55:23] Checkpoint 172/697 after PPXJ30019A; 4547 extracted rows
[2026-09-08 05:55:42] Checkpoint 173/697 after PPXH10017D; 4655 extracted rows
[2026-09-08 05:56:03] Checkpoint 174/697 after PPXJ30051A; 4660 extracted rows
[2026-09-08 05:56:19] Checkpoint 175/697 after PPXH30007C; 4705 extracted rows
[2026-09-08 05:56:31] Checkpoint 176/697 after PP2J00013B; 4725 extracted rows
[2026-09-08 05:56:50] Checkpoint 177/697 after PPXJ30058C; 4770 extracted rows
[2026-09-08 05:57:07] Checkpoint 178/697 after PPXH10023A; 4806 extracted rows
[2026-09-08 05:57:25] Checkpoint 179/697 after PPXF10014B; 4811 extracted rows
[2026-09-08 05:57:43] Checkpoint 180/697 after PPXJ30057A; 4841 extracted rows
[2026-09-08 05:57:43] Restarting stock browser before SKU PPXD10025A at position 181
[2026-09-08 05:58:16] Checkpoint 181/697 after PPXD10025A; 4846 extracted rows
[2026-09-08 05:58:31] Checkpoint 182/697 after PPXH30041A; 4855 extracted rows
[2026-09-08 05:58:46] Checkpoint 183/697 after PPXD10017B; 4870 extracted rows
[2026-09-08 05:59:03] Checkpoint 184/697 after PPXF10011A; 4885 extracted rows
[2026-09-08 05:59:21] Checkpoint 185/697 after PPXF30014A; 4895 extracted rows
[2026-09-08 05:59:38] Checkpoint 186/697 after PPXD10011E; 4915 extracted rows
[2026-09-08 05:59:54] Checkpoint 187/697 after PPXJ30062E; 4935 extracted rows
[2026-09-08 06:00:24] Checkpoint 188/697 after PPXJ30019D; 4955 extracted rows
[2026-09-08 06:01:01] Checkpoint 189/697 after PPXH10034B; 4991 extracted rows
[2026-09-08 06:01:33] Checkpoint 190/697 after PPXD10007I; 5031 extracted rows
[2026-09-08 06:02:12] Checkpoint 191/697 after PPXD10011B; 5031 extracted rows
[2026-09-08 06:02:37] Checkpoint 192/697 after PPXH30021C; 5085 extracted rows
[2026-09-08 06:03:00] Checkpoint 193/697 after PPXF10026A; 5090 extracted rows
[2026-09-08 06:03:20] Checkpoint 194/697 after PPXD10019A; 5155 extracted rows
[2026-09-08 06:03:38] Checkpoint 195/697 after PPXF30022E; 5170 extracted rows
[2026-09-08 06:04:05] Checkpoint 196/697 after PPXH10017F; 5170 extracted rows
[2026-09-08 06:04:19] Checkpoint 197/697 after PP2J00008C; 5190 extracted rows
[2026-09-08 06:04:30] Checkpoint 198/697 after PP2J00014D; 5210 extracted rows
[2026-09-08 06:04:46] Checkpoint 199/697 after PPXH10017C; 5318 extracted rows
[2026-09-08 06:05:04] Checkpoint 200/697 after PPXD10030F; 5348 extracted rows
[2026-09-08 06:05:22] Checkpoint 201/697 after PP2HC0013; 5368 extracted rows
[2026-09-08 06:05:40] Checkpoint 202/697 after PPXH10067A; 5377 extracted rows
[2026-09-08 06:05:58] Checkpoint 203/697 after PPXJ30007D; 5387 extracted rows
[2026-09-08 06:06:23] Checkpoint 204/697 after PP2J00001C; 5407 extracted rows
[2026-09-08 06:06:39] Checkpoint 205/697 after PP2D00001C; 5427 extracted rows
[2026-09-08 06:06:55] Checkpoint 206/697 after PPXJ10002A; 5447 extracted rows
[2026-09-08 06:07:14] Checkpoint 207/697 after PPXJ30030B; 5472 extracted rows
[2026-09-08 06:07:39] Checkpoint 208/697 after PPXJ30036D; 5472 extracted rows
[2026-09-08 06:07:53] Checkpoint 209/697 after PPXJ10016D; 5492 extracted rows
[2026-09-08 06:08:09] Checkpoint 210/697 after PPXD10001A; 5502 extracted rows
[2026-09-08 06:08:24] Checkpoint 211/697 after PPXH10019C; 5529 extracted rows
[2026-09-08 06:08:40] Checkpoint 212/697 after PPXH30037I; 5565 extracted rows
[2026-09-08 06:08:56] Checkpoint 213/697 after PPXJ30027B; 5600 extracted rows
[2026-09-08 06:09:13] Checkpoint 214/697 after PPXH30017A; 5609 extracted rows
[2026-09-08 06:09:29] Checkpoint 215/697 after PPXJ30058A; 5654 extracted rows
[2026-09-08 06:09:45] Checkpoint 216/697 after PPXH30020A; 5708 extracted rows
[2026-09-08 06:10:01] Checkpoint 217/697 after PP2H00011B; 5735 extracted rows
[2026-09-08 06:10:22] Checkpoint 218/697 after PPXJ30058F; 5780 extracted rows
[2026-09-08 06:10:41] Checkpoint 219/697 after PPXH30046A; 5789 extracted rows
[2026-09-08 06:11:38] Checkpoint 220/697 after PP0H0A001; 5789 extracted rows
[2026-09-08 06:11:54] Checkpoint 221/697 after PPXJ10003D; 5819 extracted rows
[2026-09-08 06:12:15] Checkpoint 222/697 after PPXH10034A; 5855 extracted rows
[2026-09-08 06:12:32] Checkpoint 223/697 after PPXJ10008F; 5890 extracted rows
[2026-09-08 06:12:51] Checkpoint 224/697 after PPXH30022F; 5944 extracted rows
[2026-09-08 06:13:09] Checkpoint 225/697 after PPXJ30022E; 5964 extracted rows
[2026-09-08 06:13:40] Checkpoint 226/697 after PPXH10049A; 5964 extracted rows
[2026-09-08 06:13:59] Checkpoint 227/697 after PPXH30037B; 6000 extracted rows
[2026-09-08 06:14:19] Checkpoint 228/697 after PPXJ30027E; 6035 extracted rows
[2026-09-08 06:14:37] Checkpoint 229/697 after PPXH30032D; 6065 extracted rows
[2026-09-08 06:15:04] Checkpoint 230/697 after PPXD10007C; 6065 extracted rows
[2026-09-08 06:15:18] Checkpoint 231/697 after PPXH10017K; 6173 extracted rows
[2026-09-08 06:15:38] Checkpoint 232/697 after PPXJ30048D; 6188 extracted rows
[2026-09-08 06:15:58] Checkpoint 233/697 after PPXD10032A; 6208 extracted rows
[2026-09-08 06:16:30] Checkpoint 234/697 after PPXD10001F; 6208 extracted rows
[2026-09-08 06:16:47] Checkpoint 235/697 after PPXJ30050B; 6218 extracted rows
[2026-09-08 06:17:07] Checkpoint 236/697 after PPXH10017S; 6326 extracted rows
[2026-09-08 06:17:27] Checkpoint 237/697 after PPXF30011H; 6366 extracted rows
[2026-09-08 06:18:31] Checkpoint 238/697 after PP2J00012C; 6366 extracted rows
[2026-09-08 06:18:50] Checkpoint 239/697 after PPXD10016D; 6396 extracted rows
[2026-09-08 06:19:03] Checkpoint 240/697 after PP2H00011A; 6423 extracted rows
[2026-09-08 06:19:03] Restarting stock browser before SKU PPXJ10020B at position 241
[2026-09-08 06:19:34] Checkpoint 241/697 after PPXJ10020B; 6443 extracted rows
[2026-09-08 06:19:51] Checkpoint 242/697 after PPXJ10021D; 6463 extracted rows
[2026-09-08 06:20:12] Checkpoint 243/697 after PPXJ30025F; 6473 extracted rows
[2026-09-08 06:20:33] Checkpoint 244/697 after PPXD10002A; 6483 extracted rows
[2026-09-08 06:20:53] Checkpoint 245/697 after PPXH10007A; 6510 extracted rows
[2026-09-08 06:21:12] Checkpoint 246/697 after PPXH10021B; 6535 extracted rows
[2026-09-08 06:21:30] Checkpoint 247/697 after PP2H00008A; 6589 extracted rows
[2026-09-08 06:21:48] Checkpoint 248/697 after PPXD10020J; 6649 extracted rows
[2026-09-08 06:22:08] Checkpoint 249/697 after PPXH10066C; 6676 extracted rows
[2026-09-08 06:22:26] Checkpoint 250/697 after PPXJ10002E; 6696 extracted rows
[2026-09-08 06:22:43] Checkpoint 251/697 after PP2J00010C; 6716 extracted rows
[2026-09-08 06:22:59] Checkpoint 252/697 after PPXF10013A; 6726 extracted rows
[2026-09-08 06:23:27] Checkpoint 253/697 after PPXH10017I; 6726 extracted rows
[2026-09-08 06:23:43] Checkpoint 254/697 after PPXF10034A; 6731 extracted rows
[2026-09-08 06:23:59] Checkpoint 255/697 after PP2J00010D; 6751 extracted rows
[2026-09-08 06:24:27] Checkpoint 256/697 after PPXD10019E; 6751 extracted rows
[2026-09-08 06:24:45] Checkpoint 257/697 after PPXJ30047B; 6766 extracted rows
[2026-09-08 06:25:04] Checkpoint 258/697 after PPXJ30063D; 6786 extracted rows
[2026-09-08 06:25:31] Checkpoint 259/697 after PPXD10007G; 6826 extracted rows
[2026-09-08 06:25:58] Checkpoint 260/697 after PPXJ30062D; 6846 extracted rows
[2026-09-08 06:26:30] Checkpoint 261/697 after PPXD10029B; 6861 extracted rows
[2026-09-08 06:26:51] Checkpoint 262/697 after PPXH10034D; 6897 extracted rows
[2026-09-08 06:27:14] Checkpoint 263/697 after PPXJ30003A; 6922 extracted rows
[2026-09-08 06:27:36] Checkpoint 264/697 after PPXD10023E; 6947 extracted rows
[2026-09-08 06:27:57] Checkpoint 265/697 after PP2H00017B; 6965 extracted rows
[2026-09-08 06:28:16] Checkpoint 266/697 after PPXH30010A; 6974 extracted rows
[2026-09-08 06:28:35] Checkpoint 267/697 after PP2H00011C; 7001 extracted rows
[2026-09-08 06:28:54] Checkpoint 268/697 after PP2J00001B; 7021 extracted rows
[2026-09-08 06:29:16] Checkpoint 269/697 after PPXF30006B; 7041 extracted rows
[2026-09-08 06:29:36] Checkpoint 270/697 after PPXH30020F; 7095 extracted rows
[2026-09-08 06:30:11] Checkpoint 271/697 after PPXJ30029D; 7095 extracted rows
[2026-09-08 06:30:36] Checkpoint 272/697 after PPXH10023C; 7131 extracted rows
[2026-09-08 06:31:52] Checkpoint 273/697 after PP0H0A028; 7131 extracted rows
[2026-09-08 06:32:15] Checkpoint 274/697 after PPXD10019O; 7196 extracted rows
[2026-09-08 06:32:30] Checkpoint 275/697 after PPXD10020K; 7256 extracted rows
[2026-09-08 06:32:50] Checkpoint 276/697 after PP2J00008D; 7276 extracted rows
[2026-09-08 06:33:08] Checkpoint 277/697 after PPXJ30026G; 7301 extracted rows
[2026-09-08 06:33:27] Checkpoint 278/697 after PPXJ30030D; 7326 extracted rows
[2026-09-08 06:33:43] Checkpoint 279/697 after PPXH30006B; 7353 extracted rows
[2026-09-08 06:34:01] Checkpoint 280/697 after PPXH10059A; 7358 extracted rows
[2026-09-08 06:34:19] Checkpoint 281/697 after PPXJ30008E; 7383 extracted rows
[2026-09-08 06:34:36] Checkpoint 282/697 after PPXJ30058D; 7428 extracted rows
[2026-09-08 06:34:52] Checkpoint 283/697 after PP2HC0006; 7437 extracted rows
[2026-09-08 06:35:11] Checkpoint 284/697 after PPXH30030C; 7455 extracted rows
[2026-09-08 06:35:41] Checkpoint 285/697 after PPXJ10002C; 7475 extracted rows
[2026-09-08 06:36:18] Checkpoint 286/697 after PPXH10004A; 7475 extracted rows
[2026-09-08 06:36:39] Checkpoint 287/697 after PPXJ10021B; 7495 extracted rows
[2026-09-08 06:36:59] Checkpoint 288/697 after PPXH10039B; 7513 extracted rows
[2026-09-08 06:37:15] Checkpoint 289/697 after PPXF10001I; 7538 extracted rows
[2026-09-08 06:37:37] Checkpoint 290/697 after PP2J00010A; 7558 extracted rows
[2026-09-08 06:38:00] Checkpoint 291/697 after PPXJ10017B; 7568 extracted rows
[2026-09-08 06:38:24] Checkpoint 292/697 after PPXH30009B; 7640 extracted rows
[2026-09-08 06:38:47] Checkpoint 293/697 after PPXF10002A; 7645 extracted rows
[2026-09-08 06:39:02] Checkpoint 294/697 after PPXH10032C; 7726 extracted rows
[2026-09-08 06:39:27] Checkpoint 295/697 after PPXH10031B; 7771 extracted rows
[2026-09-08 06:39:47] Checkpoint 296/697 after PP2H00018A; 7789 extracted rows
[2026-09-08 06:40:07] Checkpoint 297/697 after PPXH10042B; 7807 extracted rows
[2026-09-08 06:40:28] Checkpoint 298/697 after PPXH30006A; 7834 extracted rows
[2026-09-08 06:40:41] Checkpoint 299/697 after PP2J00013C; 7854 extracted rows
[2026-09-08 06:40:56] Checkpoint 300/697 after PPXH30001A; 7863 extracted rows
[2026-09-08 06:40:56] Restarting stock browser before SKU PP0H0A036 at position 301
[2026-09-08 06:42:04] Checkpoint 301/697 after PP0H0A036; 7863 extracted rows
[2026-09-08 06:42:21] Checkpoint 302/697 after PPXJ30035A; 7873 extracted rows
[2026-09-08 06:42:40] Checkpoint 303/697 after PP2J00008A; 7893 extracted rows
[2026-09-08 06:42:57] Checkpoint 304/697 after PPXJ30012A; 7918 extracted rows
[2026-09-08 06:43:15] Checkpoint 305/697 after PPXJ30012D; 7943 extracted rows
[2026-09-08 06:43:33] Checkpoint 306/697 after PPXJ30046A; 7963 extracted rows
[2026-09-08 06:43:50] Checkpoint 307/697 after PP2H00020A; 7972 extracted rows
[2026-09-08 06:44:03] Checkpoint 308/697 after PPXF30011A; 8012 extracted rows
[2026-09-08 06:44:20] Checkpoint 309/697 after PPXH10010F; 8057 extracted rows
[2026-09-08 06:44:32] Checkpoint 310/697 after PPXH10030B; 8075 extracted rows
[2026-09-08 06:44:48] Checkpoint 311/697 after PPXJ30046D; 8095 extracted rows
[2026-09-08 06:45:04] Checkpoint 312/697 after PPXD10023B; 8120 extracted rows
[2026-09-08 06:45:22] Checkpoint 313/697 after PPXJ30007F; 8130 extracted rows
[2026-09-08 06:45:41] Checkpoint 314/697 after PPXH10032O; 8211 extracted rows
[2026-09-08 06:45:59] Checkpoint 315/697 after PPXJ30063E; 8231 extracted rows
[2026-09-08 06:46:17] Checkpoint 316/697 after PPXJ30011E; 8251 extracted rows
[2026-09-08 06:46:28] Checkpoint 317/697 after PP2J00013A; 8271 extracted rows
[2026-09-08 06:46:44] Checkpoint 318/697 after PPXH10012A; 8280 extracted rows
[2026-09-08 06:46:59] Checkpoint 319/697 after PPXH10064B; 8289 extracted rows
[2026-09-08 06:47:12] Checkpoint 320/697 after PPXD10019M; 8354 extracted rows
[2026-09-08 06:47:24] Checkpoint 321/697 after PPXD10030A; 8384 extracted rows
[2026-09-08 06:47:40] Checkpoint 322/697 after PPXJ30040C; 8389 extracted rows
[2026-09-08 06:47:58] Checkpoint 323/697 after PPXH30022A; 8443 extracted rows
[2026-09-08 06:48:19] Checkpoint 324/697 after PPXD10019T; 8508 extracted rows
[2026-09-08 06:48:37] Checkpoint 325/697 after PPXJ30002A; 8533 extracted rows
[2026-09-08 06:48:54] Checkpoint 326/697 after PPXJ30012F; 8558 extracted rows
[2026-09-08 06:49:12] Checkpoint 327/697 after PPXH30009H; 8630 extracted rows
[2026-09-08 06:49:31] Checkpoint 328/697 after PP2H00018B; 8648 extracted rows
[2026-09-08 06:49:47] Checkpoint 329/697 after PPXH10019A; 8675 extracted rows
[2026-09-08 06:50:02] Checkpoint 330/697 after PPXD10012E; 8680 extracted rows
[2026-09-08 06:50:15] Checkpoint 331/697 after PPXH30002A; 8689 extracted rows
[2026-09-08 06:50:32] Checkpoint 332/697 after PPXD10020O; 8749 extracted rows
[2026-09-08 06:51:04] Checkpoint 333/697 after PPXD10021B; 8749 extracted rows
[2026-09-08 06:51:18] Checkpoint 334/697 after PPXD10020A; 8809 extracted rows
[2026-09-08 06:51:35] Checkpoint 335/697 after PPXH10002B; 8818 extracted rows
[2026-09-08 06:51:52] Checkpoint 336/697 after PPXJ10006A; 8843 extracted rows
[2026-09-08 06:52:09] Checkpoint 337/697 after PPXJ30016A; 8853 extracted rows
[2026-09-08 06:52:25] Checkpoint 338/697 after PPXD10008B; 8858 extracted rows
[2026-09-08 06:52:51] Checkpoint 339/697 after PPXJ10001B; 8858 extracted rows
[2026-09-08 06:53:08] Checkpoint 340/697 after PPXD10007E; 8898 extracted rows
[2026-09-08 06:53:39] Checkpoint 341/697 after PP2J00005C; 8898 extracted rows
[2026-09-08 06:53:56] Checkpoint 342/697 after PP2HC0038; 8907 extracted rows
[2026-09-08 06:54:15] Checkpoint 343/697 after PPXJ30027D; 8942 extracted rows
[2026-09-08 06:54:31] Checkpoint 344/697 after PPXJ30009F; 8952 extracted rows
[2026-09-08 06:54:48] Checkpoint 345/697 after PPXJ30060C; 8967 extracted rows
[2026-09-08 06:55:04] Checkpoint 346/697 after PPXH10035A; 8994 extracted rows
[2026-09-08 06:55:28] Checkpoint 347/697 after PPXH10002A; 9003 extracted rows
[2026-09-08 06:55:46] Checkpoint 348/697 after PPXD10016C; 9033 extracted rows
[2026-09-08 06:56:05] Checkpoint 349/697 after PPXD10009D; 9048 extracted rows
[2026-09-08 06:56:27] Checkpoint 350/697 after PPXH30039B; 9066 extracted rows
[2026-09-08 06:56:43] Checkpoint 351/697 after PPXH30067C; 9086 extracted rows
[2026-09-08 06:57:00] Checkpoint 352/697 after PPXF10035A; 9096 extracted rows
[2026-09-08 06:57:19] Checkpoint 353/697 after PP2HC10009; 9105 extracted rows
[2026-09-08 06:57:36] Checkpoint 354/697 after PPXJ30064A; 9110 extracted rows
[2026-09-08 06:57:52] Checkpoint 355/697 after PPXJ30020B; 9125 extracted rows
[2026-09-08 06:58:09] Checkpoint 356/697 after PPXH10034C; 9161 extracted rows
[2026-09-08 06:58:27] Checkpoint 357/697 after PPXJ30013C; 9181 extracted rows
[2026-09-08 06:58:44] Checkpoint 358/697 after PPXJ30047F; 9196 extracted rows
[2026-09-08 06:59:00] Checkpoint 359/697 after PPXJ30026A; 9221 extracted rows
[2026-09-08 06:59:21] Checkpoint 360/697 after PPXJ30010E; 9246 extracted rows
[2026-09-08 06:59:21] Restarting stock browser before SKU PPXF10035B at position 361
[2026-09-08 06:59:53] Checkpoint 361/697 after PPXF10035B; 9256 extracted rows
[2026-09-08 07:00:12] Checkpoint 362/697 after PPXH10011B; 9274 extracted rows
[2026-09-08 07:00:31] Checkpoint 363/697 after PPXJ10008E; 9309 extracted rows
[2026-09-08 07:01:04] Checkpoint 364/697 after PPXD10028A; 9309 extracted rows
[2026-09-08 07:01:17] Checkpoint 365/697 after PPXJ10020A; 9329 extracted rows
[2026-09-08 07:01:33] Checkpoint 366/697 after PPXJ10008A; 9364 extracted rows
[2026-09-08 07:01:50] Checkpoint 367/697 after PP0H0A015; 9373 extracted rows
[2026-09-08 07:02:10] Checkpoint 368/697 after PPXH30014C; 9400 extracted rows
[2026-09-08 07:02:24] Checkpoint 369/697 after PP2HC10014; 9445 extracted rows
[2026-09-08 07:02:42] Checkpoint 370/697 after PPXD10023A; 9470 extracted rows
[2026-09-08 07:03:10] Checkpoint 371/697 after PPXH30020G; 9470 extracted rows
[2026-09-08 07:03:30] Checkpoint 372/697 after PPXH30009C; 9542 extracted rows
[2026-09-08 07:03:48] Checkpoint 373/697 after PP2H00008C; 9596 extracted rows
[2026-09-08 07:04:06] Checkpoint 374/697 after PPXH30054C; 9632 extracted rows
[2026-09-08 07:04:24] Checkpoint 375/697 after PPXD10029D; 9647 extracted rows
[2026-09-08 07:04:53] Checkpoint 376/697 after PPXD10012B; 9647 extracted rows
[2026-09-08 07:05:10] Checkpoint 377/697 after PPXJ30063A; 9667 extracted rows
[2026-09-08 07:05:28] Checkpoint 378/697 after PPXJ10020D; 9687 extracted rows
[2026-09-08 07:05:38] Checkpoint 379/697 after PPXJ30045A; 9692 extracted rows
[2026-09-08 07:05:52] Checkpoint 380/697 after PPXJ30006B; 9707 extracted rows
[2026-09-08 07:06:22] Checkpoint 381/697 after PPXJ30028J; 9707 extracted rows
[2026-09-08 07:06:38] Checkpoint 382/697 after PPXF10032A; 9722 extracted rows
[2026-09-08 07:06:53] Checkpoint 383/697 after PPXJ30060E; 9737 extracted rows
[2026-09-08 07:07:08] Checkpoint 384/697 after PPXJ30046C; 9757 extracted rows
[2026-09-08 07:07:22] Checkpoint 385/697 after PPXJ30052C; 9777 extracted rows
[2026-09-08 07:07:37] Checkpoint 386/697 after PP2H00001D; 9813 extracted rows
[2026-09-08 07:07:53] Checkpoint 387/697 after PPXH30007B; 9858 extracted rows
[2026-09-08 07:08:09] Checkpoint 388/697 after PPXJ10021C; 9878 extracted rows
[2026-09-08 07:08:23] Checkpoint 389/697 after PPXD10006D; 9893 extracted rows
[2026-09-08 07:08:34] Checkpoint 390/697 after PPXH10058A; 9903 extracted rows
[2026-09-08 07:08:50] Checkpoint 391/697 after PPXH30022D; 9957 extracted rows
[2026-09-08 07:09:05] Checkpoint 392/697 after PPXF10004B; 9962 extracted rows
[2026-09-08 07:09:22] Checkpoint 393/697 after PPXJ30018H; 9997 extracted rows
[2026-09-08 07:09:38] Checkpoint 394/697 after PPXH30007D; 10042 extracted rows
[2026-09-08 07:09:56] Checkpoint 395/697 after PPXH10017M; 10150 extracted rows
[2026-09-08 07:10:18] Checkpoint 396/697 after PPXJ30001D; 10175 extracted rows
[2026-09-08 07:10:37] Checkpoint 397/697 after PPXD10017C; 10190 extracted rows
[2026-09-08 07:10:52] Checkpoint 398/697 after PPXJ30029G; 10220 extracted rows
[2026-09-08 07:11:10] Checkpoint 399/697 after PPXJ10013D; 10230 extracted rows
[2026-09-08 07:11:30] Checkpoint 400/697 after PPXD10020R; 10290 extracted rows
[2026-09-08 07:12:05] Checkpoint 401/697 after PPXD10010B; 10290 extracted rows
[2026-09-08 07:12:20] Checkpoint 402/697 after PPXD10028F; 10300 extracted rows
[2026-09-08 07:12:42] Checkpoint 403/697 after PPXH10032D; 10381 extracted rows
[2026-09-08 07:13:01] Checkpoint 404/697 after PPXJ30010F; 10406 extracted rows
[2026-09-08 07:13:19] Checkpoint 405/697 after PPXD10016F; 10436 extracted rows
[2026-09-08 07:13:37] Checkpoint 406/697 after PPXH30024D; 10481 extracted rows
[2026-09-08 07:13:55] Checkpoint 407/697 after PPXH10066B; 10508 extracted rows
[2026-09-08 07:14:13] Checkpoint 408/697 after PPXH10001A; 10517 extracted rows
[2026-09-08 07:14:34] Checkpoint 409/697 after PPXJ10003E; 10547 extracted rows
[2026-09-08 07:14:46] Checkpoint 410/697 after PPXJ30006A; 10562 extracted rows
[2026-09-08 07:14:58] Checkpoint 411/697 after PPXH10018A; 10598 extracted rows
[2026-09-08 07:15:16] Checkpoint 412/697 after PPXD10019R; 10663 extracted rows
[2026-09-08 07:15:37] Checkpoint 413/697 after PPXH10031A; 10708 extracted rows
[2026-09-08 07:15:54] Checkpoint 414/697 after PPXF10011B; 10723 extracted rows
[2026-09-08 07:16:07] Checkpoint 415/697 after PP2J00001D; 10743 extracted rows
[2026-09-08 07:16:20] Checkpoint 416/697 after PPXJ30006D; 10758 extracted rows
[2026-09-08 07:16:31] Checkpoint 417/697 after PP2HC0014; 10778 extracted rows
[2026-09-08 07:16:46] Checkpoint 418/697 after PPXH10037B; 10805 extracted rows
[2026-09-08 07:17:03] Checkpoint 419/697 after PPXD10007B; 10845 extracted rows
[2026-09-08 07:17:22] Checkpoint 420/697 after PPXJ30012C; 10870 extracted rows
[2026-09-08 07:17:22] Restarting stock browser before SKU PPXJ30010C at position 421
[2026-09-08 07:17:48] Checkpoint 421/697 after PPXJ30010C; 10895 extracted rows
[2026-09-08 07:18:17] Checkpoint 422/697 after PPXF30050B; 10895 extracted rows
[2026-09-08 07:18:33] Checkpoint 423/697 after PPXJ30010A; 10920 extracted rows
[2026-09-08 07:18:50] Checkpoint 424/697 after PPXJ30028E; 10950 extracted rows
[2026-09-08 07:19:08] Checkpoint 425/697 after PPXH10021D; 10975 extracted rows
[2026-09-08 07:19:27] Checkpoint 426/697 after PP2J00009D; 10995 extracted rows
[2026-09-08 07:19:44] Checkpoint 427/697 after PPXJ10008C; 11030 extracted rows
[2026-09-08 07:20:05] Checkpoint 428/697 after PP2HC10013; 11075 extracted rows
[2026-09-08 07:20:25] Checkpoint 429/697 after PPXJ30003E; 11100 extracted rows
[2026-09-08 07:20:43] Checkpoint 430/697 after PPXF10013B; 11110 extracted rows
[2026-09-08 07:21:01] Checkpoint 431/697 after PPXH30021G; 11164 extracted rows
[2026-09-08 07:21:14] Checkpoint 432/697 after PPXH30027A; 11182 extracted rows
[2026-09-08 07:21:30] Checkpoint 433/697 after PPXH30008A; 11191 extracted rows
[2026-09-08 07:21:47] Checkpoint 434/697 after PPXH30057C; 11218 extracted rows
[2026-09-08 07:22:04] Checkpoint 435/697 after PPXJ30025C; 11228 extracted rows
[2026-09-08 07:22:21] Checkpoint 436/697 after PPXJ10004A; 11243 extracted rows
[2026-09-08 07:22:37] Checkpoint 437/697 after PPXD10023D; 11268 extracted rows
[2026-09-08 07:22:53] Checkpoint 438/697 after PPXH30039C; 11286 extracted rows
[2026-09-08 07:23:20] Checkpoint 439/697 after PPXH30023A; 11286 extracted rows
[2026-09-08 07:23:39] Checkpoint 440/697 after PP2HC10006; 11340 extracted rows
[2026-09-08 07:23:57] Checkpoint 441/697 after PPXD10006C; 11355 extracted rows
[2026-09-08 07:24:28] Checkpoint 442/697 after PPXH10052A; 11355 extracted rows
[2026-09-08 07:24:45] Checkpoint 443/697 after PPXJ30027C; 11390 extracted rows
[2026-09-08 07:25:03] Checkpoint 444/697 after PPXJ30037E; 11395 extracted rows
[2026-09-08 07:25:25] Checkpoint 445/697 after PPXH10017N; 11503 extracted rows
[2026-09-08 07:26:05] Checkpoint 446/697 after PP2H00006A; 11503 extracted rows
[2026-09-08 07:26:21] Checkpoint 447/697 after PPXJ30011A; 11523 extracted rows
[2026-09-08 07:26:39] Checkpoint 448/697 after PPXJ30057E; 11553 extracted rows
[2026-09-08 07:26:59] Checkpoint 449/697 after PPXH30057B; 11580 extracted rows
[2026-09-08 07:28:04] Checkpoint 450/697 after PP2J00012A; 11580 extracted rows
[2026-09-08 07:28:23] Checkpoint 451/697 after PPXJ30011C; 11600 extracted rows
[2026-09-08 07:29:31] Checkpoint 452/697 after PP0H0A025; 11600 extracted rows
[2026-09-08 07:29:50] Checkpoint 453/697 after PPXH30005C; 11627 extracted rows
[2026-09-08 07:30:19] Checkpoint 454/697 after PPXF30007C; 11637 extracted rows
[2026-09-08 07:30:47] Checkpoint 455/697 after PPXJ30063C; 11657 extracted rows
[2026-09-08 07:31:14] Checkpoint 456/697 after PPXJ10003B; 11687 extracted rows
[2026-09-08 07:31:37] Checkpoint 457/697 after PPXH30037D; 11723 extracted rows
[2026-09-08 07:32:04] Checkpoint 458/697 after PPXH30009D; 11795 extracted rows
[2026-09-08 07:32:29] Checkpoint 459/697 after PPXH10033G; 11831 extracted rows
[2026-09-08 07:32:52] Checkpoint 460/697 after PPXH30062A; 11841 extracted rows
[2026-09-08 07:33:14] Checkpoint 461/697 after PPXH10029A; 11850 extracted rows
[2026-09-08 07:33:35] Checkpoint 462/697 after PPXJ30011F; 11870 extracted rows
[2026-09-08 07:34:11] Checkpoint 463/697 after PPXH10066A; 11870 extracted rows
[2026-09-08 07:34:26] Checkpoint 464/697 after PPXH30054B; 11906 extracted rows
[2026-09-08 07:34:48] Checkpoint 465/697 after PPXH10072B; 11915 extracted rows
[2026-09-08 07:35:08] Checkpoint 466/697 after PPXJ30009D; 11925 extracted rows
[2026-09-08 07:35:30] Checkpoint 467/697 after PPXH30009E; 11997 extracted rows
[2026-09-08 07:35:47] Checkpoint 468/697 after PPXH10017B; 12105 extracted rows
[2026-09-08 07:36:11] Checkpoint 469/697 after PPXH30042A; 12114 extracted rows
[2026-09-08 07:36:45] Checkpoint 470/697 after PPXD10012F; 12114 extracted rows
[2026-09-08 07:37:03] Checkpoint 471/697 after PPXH30067B; 12134 extracted rows
[2026-09-08 07:37:26] Checkpoint 472/697 after PP2D00001A; 12154 extracted rows
[2026-09-08 07:37:47] Checkpoint 473/697 after PP2H00005C; 12199 extracted rows
[2026-09-08 07:38:21] Checkpoint 474/697 after PPXD10014B; 12199 extracted rows
[2026-09-08 07:38:42] Checkpoint 475/697 after PPXJ30052B; 12219 extracted rows
[2026-09-08 07:39:00] Checkpoint 476/697 after PPXD10003C; 12244 extracted rows
[2026-09-08 07:39:36] Checkpoint 477/697 after PP2H00002A; 12244 extracted rows
[2026-09-08 07:39:58] Checkpoint 478/697 after PPXJ30029A; 12274 extracted rows
[2026-09-08 07:40:14] Checkpoint 479/697 after PPXH30020B; 12328 extracted rows
[2026-09-08 07:40:54] Checkpoint 480/697 after PPXJ30028G; 12328 extracted rows
[2026-09-08 07:40:54] Restarting stock browser before SKU PPXD10007D at position 481
[2026-09-08 07:41:23] Checkpoint 481/697 after PPXD10007D; 12368 extracted rows
[2026-09-08 07:41:40] Checkpoint 482/697 after PPXH10033F; 12404 extracted rows
[2026-09-08 07:41:58] Checkpoint 483/697 after PPXH10018D; 12440 extracted rows
[2026-09-08 07:42:13] Checkpoint 484/697 after PPXH30007E; 12485 extracted rows
[2026-09-08 07:42:31] Checkpoint 485/697 after PPXF30013B; 12495 extracted rows
[2026-09-08 07:42:50] Checkpoint 486/697 after PPXH10032E; 12576 extracted rows
[2026-09-08 07:43:09] Checkpoint 487/697 after PPXF30020C; 12586 extracted rows
[2026-09-08 07:43:27] Checkpoint 488/697 after PPXH30038A; 12595 extracted rows
[2026-09-08 07:43:45] Checkpoint 489/697 after PPXJ30013E; 12615 extracted rows
[2026-09-08 07:44:09] Checkpoint 490/697 after PPXJ30057F; 12645 extracted rows
[2026-09-08 07:44:28] Checkpoint 491/697 after PPXD10003E; 12670 extracted rows
[2026-09-08 07:44:48] Checkpoint 492/697 after PPXJ30018F; 12705 extracted rows
[2026-09-08 07:45:07] Checkpoint 493/697 after PP2H00019A; 12714 extracted rows
[2026-09-08 07:45:26] Checkpoint 494/697 after PPXH10014A; 12723 extracted rows
[2026-09-08 07:45:45] Checkpoint 495/697 after PPXH10066D; 12750 extracted rows
[2026-09-08 07:46:04] Checkpoint 496/697 after PPXJ30018E; 12785 extracted rows
[2026-09-08 07:46:20] Checkpoint 497/697 after PPXH10039A; 12803 extracted rows
[2026-09-08 07:46:48] Checkpoint 498/697 after PPXD10005A; 12803 extracted rows
[2026-09-08 07:47:07] Checkpoint 499/697 after PPXJ30002D; 12828 extracted rows
[2026-09-08 07:47:20] Checkpoint 500/697 after PPXH10019B; 12855 extracted rows
[2026-09-08 07:47:39] Checkpoint 501/697 after PPXD10006A; 12870 extracted rows
[2026-09-08 07:47:56] Checkpoint 502/697 after PPXD10033C; 12895 extracted rows
[2026-09-08 07:48:15] Checkpoint 503/697 after PPXJ10014A; 12905 extracted rows
[2026-09-08 07:48:32] Checkpoint 504/697 after PPXD10007F; 12945 extracted rows
[2026-09-08 07:48:51] Checkpoint 505/697 after PPXH30065A; 12955 extracted rows
[2026-09-08 07:49:12] Checkpoint 506/697 after PPXJ30041E; 12985 extracted rows
[2026-09-08 07:49:30] Checkpoint 507/697 after PPXJ30035B; 12995 extracted rows
[2026-09-08 07:49:47] Checkpoint 508/697 after PPXH30022B; 13049 extracted rows
[2026-09-08 07:50:07] Checkpoint 509/697 after PP2H00013A; 13067 extracted rows
[2026-09-08 07:50:39] Checkpoint 510/697 after PPXF10001A; 13067 extracted rows
[2026-09-08 07:51:08] Checkpoint 511/697 after PPXH10037E; 13067 extracted rows
[2026-09-08 07:51:29] Checkpoint 512/697 after PPXH30009I; 13139 extracted rows
[2026-09-08 07:51:47] Checkpoint 513/697 after PPXF30011J; 13179 extracted rows
[2026-09-08 07:52:03] Checkpoint 514/697 after PPXH10010E; 13224 extracted rows
[2026-09-08 07:52:22] Checkpoint 515/697 after PPXF30025A; 13229 extracted rows
[2026-09-08 07:52:39] Checkpoint 516/697 after PPXJ30013A; 13249 extracted rows
[2026-09-08 07:52:56] Checkpoint 517/697 after PPXJ30062A; 13269 extracted rows
[2026-09-08 07:53:18] Checkpoint 518/697 after PPXJ10003A; 13299 extracted rows
[2026-09-08 07:53:36] Checkpoint 519/697 after PPXJ30029B; 13329 extracted rows
[2026-09-08 07:53:52] Checkpoint 520/697 after PPXJ10001A; 13344 extracted rows
[2026-09-08 07:54:55] Checkpoint 521/697 after PP0H0A004; 13344 extracted rows
[2026-09-08 07:55:29] Checkpoint 522/697 after PPXF30050A; 13344 extracted rows
[2026-09-08 07:55:48] Checkpoint 523/697 after PPXH10036A; 13359 extracted rows
[2026-09-08 07:56:08] Checkpoint 524/697 after PPXF30007B; 13369 extracted rows
[2026-09-08 07:56:28] Checkpoint 525/697 after PPXD10002B; 13379 extracted rows
[2026-09-08 07:56:47] Checkpoint 526/697 after PPXJ30016B; 13389 extracted rows
[2026-09-08 07:57:05] Checkpoint 527/697 after PPXD10009C; 13404 extracted rows
[2026-09-08 07:57:25] Checkpoint 528/697 after PPXD10021E; 13419 extracted rows
[2026-09-08 07:57:47] Checkpoint 529/697 after PPXJ30018A; 13454 extracted rows
[2026-09-08 07:58:05] Checkpoint 530/697 after PPXJ30058G; 13499 extracted rows
[2026-09-08 07:58:23] Checkpoint 531/697 after PPXH10075A; 13504 extracted rows
[2026-09-08 07:58:42] Checkpoint 532/697 after PPXH10030A; 13522 extracted rows
[2026-09-08 07:59:01] Checkpoint 533/697 after PPXF30020A; 13532 extracted rows
[2026-09-08 07:59:22] Checkpoint 534/697 after PPXH30009G; 13604 extracted rows
[2026-09-08 07:59:41] Checkpoint 535/697 after PPXF10016B; 13614 extracted rows
[2026-09-08 07:59:58] Checkpoint 536/697 after PP2D00001D; 13634 extracted rows
[2026-09-08 08:00:26] Checkpoint 537/697 after PPXD10020C; 13694 extracted rows
[2026-09-08 08:00:48] Checkpoint 538/697 after PPXH30021D; 13748 extracted rows
[2026-09-08 08:01:37] Checkpoint 539/697 after PPXD10020G; 13808 extracted rows
[2026-09-08 08:01:55] Checkpoint 540/697 after PPXD10021C; 13823 extracted rows
[2026-09-08 08:01:55] Restarting stock browser before SKU PPXH30024C at position 541
[2026-09-08 08:02:29] Checkpoint 541/697 after PPXH30024C; 13868 extracted rows
[2026-09-08 08:02:52] Checkpoint 542/697 after PPXD10020L; 13928 extracted rows
[2026-09-08 08:03:17] Checkpoint 543/697 after PPXJ30018C; 13963 extracted rows
[2026-09-08 08:03:39] Checkpoint 544/697 after PPXF10025A; 13968 extracted rows
[2026-09-08 08:03:58] Checkpoint 545/697 after PPXH10023D; 14004 extracted rows
[2026-09-08 08:04:15] Checkpoint 546/697 after PPXF10001J; 14029 extracted rows
[2026-09-08 08:04:33] Checkpoint 547/697 after PPXJ30058E; 14074 extracted rows
[2026-09-08 08:04:52] Checkpoint 548/697 after PPXJ30029F; 14104 extracted rows
[2026-09-08 08:05:12] Checkpoint 549/697 after PPXH30061A; 14114 extracted rows
[2026-09-08 08:05:32] Checkpoint 550/697 after PPXH30021F; 14168 extracted rows
[2026-09-08 08:05:46] Checkpoint 551/697 after PP2H00008B; 14222 extracted rows
[2026-09-08 08:06:54] Checkpoint 552/697 after PPXD10007A; 14222 extracted rows
[2026-09-08 08:07:14] Checkpoint 553/697 after PP2H00023A; 14231 extracted rows
[2026-09-08 08:07:34] Checkpoint 554/697 after PP2J00009B; 14251 extracted rows
[2026-09-08 08:07:52] Checkpoint 555/697 after PPXJ10005G; 14276 extracted rows
[2026-09-08 08:08:06] Checkpoint 556/697 after PPXH30024G; 14321 extracted rows
[2026-09-08 08:08:29] Checkpoint 557/697 after PP2J00009A; 14341 extracted rows
[2026-09-08 08:08:49] Checkpoint 558/697 after PPXD10028C; 14351 extracted rows
[2026-09-08 08:09:11] Checkpoint 559/697 after PPXH10005B; 14378 extracted rows
[2026-09-08 08:09:29] Checkpoint 560/697 after PPXD10022A; 14388 extracted rows
[2026-09-08 08:09:47] Checkpoint 561/697 after PPXJ10003F; 14418 extracted rows
[2026-09-08 08:09:59] Checkpoint 562/697 after PPXJ10006F; 14443 extracted rows
[2026-09-08 08:10:20] Checkpoint 563/697 after PPXJ30002E; 14468 extracted rows
[2026-09-08 08:10:39] Checkpoint 564/697 after PPXH10035C; 14495 extracted rows
[2026-09-08 08:11:00] Checkpoint 565/697 after PPXF30035A; 14500 extracted rows
[2026-09-08 08:11:20] Checkpoint 566/697 after PPXH30037F; 14536 extracted rows
[2026-09-08 08:11:33] Checkpoint 567/697 after PPXD10003A; 14561 extracted rows
[2026-09-08 08:11:51] Checkpoint 568/697 after PPXJ30058I; 14606 extracted rows
[2026-09-08 08:12:10] Checkpoint 569/697 after PP2J00007B; 14621 extracted rows
[2026-09-08 08:12:39] Checkpoint 570/697 after PPXJ30024E; 14621 extracted rows
[2026-09-08 08:12:58] Checkpoint 571/697 after PPXH10036B; 14636 extracted rows
[2026-09-08 08:13:20] Checkpoint 572/697 after PPXJ10008G; 14671 extracted rows
[2026-09-08 08:13:37] Checkpoint 573/697 after PPXH10038B; 14689 extracted rows
[2026-09-08 08:13:55] Checkpoint 574/697 after PPXJ10009E; 14709 extracted rows
[2026-09-08 08:14:16] Checkpoint 575/697 after PPXJ10017A; 14719 extracted rows
[2026-09-08 08:14:35] Checkpoint 576/697 after PPXJ10009A; 14739 extracted rows
[2026-09-08 08:15:02] Checkpoint 577/697 after PPXJ30060A; 14739 extracted rows
[2026-09-08 08:15:18] Checkpoint 578/697 after PPXJ10001C; 14754 extracted rows
[2026-09-08 08:15:40] Checkpoint 579/697 after PPXJ10004D; 14769 extracted rows
[2026-09-08 08:16:02] Checkpoint 580/697 after PPXH30020C; 14823 extracted rows
[2026-09-08 08:16:26] Checkpoint 581/697 after PP2HC0039; 14841 extracted rows
[2026-09-08 08:16:45] Checkpoint 582/697 after PPXH30007A; 14886 extracted rows
[2026-09-08 08:17:17] Checkpoint 583/697 after PPXD10002C; 14886 extracted rows
[2026-09-08 08:17:39] Checkpoint 584/697 after PPXH10018B; 14922 extracted rows
[2026-09-08 08:17:59] Checkpoint 585/697 after PPXJ30052D; 14942 extracted rows
[2026-09-08 08:18:21] Checkpoint 586/697 after PPXJ30052A; 14962 extracted rows
[2026-09-08 08:18:41] Checkpoint 587/697 after PPXD10011D; 14982 extracted rows
[2026-09-08 08:19:04] Checkpoint 588/697 after PPXJ10008D; 15017 extracted rows
[2026-09-08 08:19:29] Checkpoint 589/697 after PP2H00021A; 15025 extracted rows
[2026-09-08 08:19:49] Checkpoint 590/697 after PP2H00010E; 15070 extracted rows
[2026-09-08 08:20:03] Checkpoint 591/697 after PP2H00022A; 15079 extracted rows
[2026-09-08 08:20:28] Checkpoint 592/697 after PPXJ30028I; 15109 extracted rows
[2026-09-08 08:20:53] Checkpoint 593/697 after PPXH10070A; 15118 extracted rows
[2026-09-08 08:21:14] Checkpoint 594/697 after PPXJ30001E; 15143 extracted rows
[2026-09-08 08:21:34] Checkpoint 595/697 after PPXH30023B; 15152 extracted rows
[2026-09-08 08:21:53] Checkpoint 596/697 after PPXH30057D; 15179 extracted rows
[2026-09-08 08:22:14] Checkpoint 597/697 after PPXH10058B; 15189 extracted rows
[2026-09-08 08:22:33] Checkpoint 598/697 after PP2H00017A; 15207 extracted rows
[2026-09-08 08:22:57] Checkpoint 599/697 after PPXH10010C; 15252 extracted rows
[2026-09-08 08:23:18] Checkpoint 600/697 after PP2H00010A; 15297 extracted rows
[2026-09-08 08:23:18] Restarting stock browser before SKU PPXH30005A at position 601
[2026-09-08 08:23:47] Checkpoint 601/697 after PPXH30005A; 15324 extracted rows
[2026-09-08 08:24:08] Checkpoint 602/697 after PP2J00014A; 15344 extracted rows
[2026-09-08 08:24:26] Checkpoint 603/697 after PPXD10032C; 15364 extracted rows
[2026-09-08 08:24:45] Checkpoint 604/697 after PPXF30021C; 15369 extracted rows
[2026-09-08 08:25:11] Checkpoint 605/697 after PPXJ30048E; 15384 extracted rows
[2026-09-08 08:25:33] Checkpoint 606/697 after PP2HC0040; 15402 extracted rows
[2026-09-08 08:26:02] Checkpoint 607/697 after PPXF10027A; 15407 extracted rows
[2026-09-08 08:26:29] Checkpoint 608/697 after PP2H00014A; 15416 extracted rows
[2026-09-08 08:26:52] Checkpoint 609/697 after PPXJ10005E; 15441 extracted rows
[2026-09-08 08:27:13] Checkpoint 610/697 after PP2H00005A; 15486 extracted rows
[2026-09-08 08:27:41] Checkpoint 611/697 after PP2H00008D; 15540 extracted rows
[2026-09-08 08:28:07] Checkpoint 612/697 after PPXH10031D; 15585 extracted rows
[2026-09-08 08:28:46] Checkpoint 613/697 after PPXH30017C; 15585 extracted rows
[2026-09-08 08:29:26] Checkpoint 614/697 after PPXD10001B; 15585 extracted rows
[2026-09-08 08:29:44] Checkpoint 615/697 after PPXH10032A; 15666 extracted rows
[2026-09-08 08:30:14] Checkpoint 616/697 after PPXD10020H; 15726 extracted rows
[2026-09-08 08:30:36] Checkpoint 617/697 after PPXD10033D; 15751 extracted rows
[2026-09-08 08:31:09] Checkpoint 618/697 after PPXD10018A; 15761 extracted rows
[2026-09-08 08:31:35] Checkpoint 619/697 after PPXF10011E; 15776 extracted rows
[2026-09-08 08:31:55] Checkpoint 620/697 after PPXH10041B; 15803 extracted rows
[2026-09-08 08:32:18] Checkpoint 621/697 after PPXJ30027F; 15838 extracted rows
[2026-09-08 08:32:37] Checkpoint 622/697 after PPXJ30028H; 15868 extracted rows
[2026-09-08 08:33:07] Checkpoint 623/697 after PPXF30007D; 15868 extracted rows
[2026-09-08 08:33:27] Checkpoint 624/697 after PPXH30011A; 15877 extracted rows
[2026-09-08 08:33:44] Checkpoint 625/697 after PP2HC0007; 15886 extracted rows
[2026-09-08 08:34:49] Checkpoint 626/697 after PP0H0A005; 15886 extracted rows
[2026-09-08 08:35:09] Checkpoint 627/697 after PPXD10023C; 15911 extracted rows
[2026-09-08 08:35:29] Checkpoint 628/697 after PPXD10033B; 15936 extracted rows
[2026-09-08 08:35:54] Checkpoint 629/697 after PPXH30054D; 15972 extracted rows
[2026-09-08 08:36:17] Checkpoint 630/697 after PPXD10020S; 16032 extracted rows
[2026-09-08 08:36:33] Checkpoint 631/697 after PP2H00001B; 16068 extracted rows
[2026-09-08 08:36:52] Checkpoint 632/697 after PPXH10037D; 16095 extracted rows
[2026-09-08 08:38:00] Checkpoint 633/697 after PP0H0C002; 16095 extracted rows
[2026-09-08 08:38:12] Checkpoint 634/697 after PP2H00001C; 16131 extracted rows
[2026-09-08 08:38:33] Checkpoint 635/697 after PPXH10007C; 16158 extracted rows
[2026-09-08 08:39:06] Checkpoint 636/697 after PP2H00003A; 16158 extracted rows
[2026-09-08 08:39:30] Checkpoint 637/697 after PPXD10021D; 16173 extracted rows
[2026-09-08 08:39:51] Checkpoint 638/697 after PPXD10016A; 16203 extracted rows
[2026-09-08 08:40:16] Checkpoint 639/697 after PPXF30006D; 16223 extracted rows
[2026-09-08 08:40:40] Checkpoint 640/697 after PPXJ30020A; 16238 extracted rows
[2026-09-08 08:41:01] Checkpoint 641/697 after PPXH10031E; 16283 extracted rows
[2026-09-08 08:41:23] Checkpoint 642/697 after PPXF10001G; 16308 extracted rows
[2026-09-08 08:41:42] Checkpoint 643/697 after PPXF30006A; 16328 extracted rows
[2026-09-08 08:41:59] Checkpoint 644/697 after PPXJ30020C; 16343 extracted rows
[2026-09-08 08:42:20] Checkpoint 645/697 after PPXH30021J; 16397 extracted rows
[2026-09-08 08:42:36] Checkpoint 646/697 after PPXH10017A; 16505 extracted rows
[2026-09-08 08:42:58] Checkpoint 647/697 after PPXJ30055B; 16515 extracted rows
[2026-09-08 08:43:19] Checkpoint 648/697 after PPXJ30019E; 16535 extracted rows
[2026-09-08 08:43:38] Checkpoint 649/697 after PPXD10009A; 16550 extracted rows
[2026-09-08 08:43:58] Checkpoint 650/697 after PPXJ30017A; 16555 extracted rows
[2026-09-08 08:45:08] Checkpoint 651/697 after PPXD10005C; 16555 extracted rows
[2026-09-08 08:45:27] Checkpoint 652/697 after PPXJ30028F; 16585 extracted rows
[2026-09-08 08:45:51] Checkpoint 653/697 after PPXF10001B; 16610 extracted rows
[2026-09-08 08:46:13] Checkpoint 654/697 after PPXH30005B; 16637 extracted rows
[2026-09-08 08:46:38] Checkpoint 655/697 after PPXJ30015A; 16647 extracted rows
[2026-09-08 08:46:59] Checkpoint 656/697 after PPXD10020F; 16707 extracted rows
[2026-09-08 08:47:23] Checkpoint 657/697 after PPXH10021C; 16732 extracted rows
[2026-09-08 08:47:40] Checkpoint 658/697 after PPXJ30034B; 16742 extracted rows
[2026-09-08 08:47:58] Checkpoint 659/697 after PP2HC10012; 16787 extracted rows
[2026-09-08 08:48:12] Checkpoint 660/697 after PPXH30024A; 16832 extracted rows
[2026-09-08 08:48:12] Restarting stock browser before SKU PP2J00007A at position 661
[2026-09-08 08:48:38] Checkpoint 661/697 after PP2J00007A; 16847 extracted rows
[2026-09-08 08:48:51] Checkpoint 662/697 after PP2J00013D; 16867 extracted rows
[2026-09-08 08:49:11] Checkpoint 663/697 after PPXJ10004B; 16882 extracted rows
[2026-09-08 08:49:27] Checkpoint 664/697 after PPXH30022C; 16936 extracted rows
[2026-09-08 08:49:43] Checkpoint 665/697 after PPXJ30026E; 16961 extracted rows
[2026-09-08 08:50:01] Checkpoint 666/697 after PPXJ30055C; 16971 extracted rows
[2026-09-08 08:50:21] Checkpoint 667/697 after PPXH30016B; 16998 extracted rows
[2026-09-08 08:50:53] Checkpoint 668/697 after PPXD10010C; 16998 extracted rows
[2026-09-08 08:51:11] Checkpoint 669/697 after PPXJ30036A; 17008 extracted rows
[2026-09-08 08:51:30] Checkpoint 670/697 after PP2H00005B; 17053 extracted rows
[2026-09-08 08:51:47] Checkpoint 671/697 after PPXD10019D; 17118 extracted rows
[2026-09-08 08:52:05] Checkpoint 672/697 after PPXJ10013A; 17128 extracted rows
[2026-09-08 08:52:24] Checkpoint 673/697 after PPXH10055B; 17155 extracted rows
[2026-09-08 08:52:40] Checkpoint 674/697 after PP2J00008B; 17175 extracted rows
[2026-09-08 08:52:56] Checkpoint 675/697 after PPXJ30030G; 17200 extracted rows
[2026-09-08 08:53:55] Checkpoint 676/697 after PP0H0A002; 17200 extracted rows
[2026-09-08 08:54:11] Checkpoint 677/697 after PPXD10029C; 17215 extracted rows
[2026-09-08 08:54:27] Checkpoint 678/697 after PP2H00010D; 17260 extracted rows
[2026-09-08 08:54:49] Checkpoint 679/697 after PPXD10033E; 17285 extracted rows
[2026-09-08 08:55:05] Checkpoint 680/697 after PPXH30013A; 17294 extracted rows
[2026-09-08 08:55:19] Checkpoint 681/697 after PPXH10032B; 17375 extracted rows
[2026-09-08 08:55:37] Checkpoint 682/697 after PPXD10019L; 17440 extracted rows
[2026-09-08 08:56:41] Checkpoint 683/697 after PP0H0C0006; 17440 extracted rows
[2026-09-08 08:57:05] Checkpoint 684/697 after PPXJ30036B; 17440 extracted rows
[2026-09-08 08:57:22] Checkpoint 685/697 after PPXH10036E; 17455 extracted rows
[2026-09-08 08:58:21] Checkpoint 686/697 after PP5N00002B; 17455 extracted rows
[2026-09-08 08:58:39] Checkpoint 687/697 after PPXJ30023A; 17480 extracted rows
[2026-09-08 08:58:59] Checkpoint 688/697 after PPXH30030B; 17498 extracted rows
[2026-09-08 08:59:19] Checkpoint 689/697 after PPXJ30013F; 17518 extracted rows
[2026-09-08 08:59:38] Checkpoint 690/697 after PPXJ30001A; 17543 extracted rows
[2026-09-08 08:59:55] Checkpoint 691/697 after PPXH10010H; 17588 extracted rows
[2026-09-08 09:00:23] Checkpoint 692/697 after PPXH30022E; 17642 extracted rows
[2026-09-08 09:00:49] Checkpoint 693/697 after PPXH10031C; 17687 extracted rows
[2026-09-08 09:01:15] Checkpoint 694/697 after PPXH10023B; 17723 extracted rows
[2026-09-08 09:01:37] Checkpoint 695/697 after PPXJ10009C; 17743 extracted rows
[2026-09-08 09:01:57] Checkpoint 696/697 after PPXJ30003D; 17768 extracted rows
[2026-09-08 09:02:19] Checkpoint 697/697 after PPXD10032D; 17788 extracted rows
[2026-09-08 09:02:25] Stock run completed: 697 SKUs, 4893 output rows
[2026-09-09 05:00:26] Stock run started: 704 total, 0 resumed, 704 pending
[2026-09-09 05:01:02] Checkpoint 1/704 after PPXD10018B; 10 extracted rows
[2026-09-09 05:01:18] Checkpoint 2/704 after PPXF10016A; 20 extracted rows
[2026-09-09 05:01:39] Checkpoint 3/704 after PPXH10018C; 56 extracted rows
[2026-09-09 05:02:01] Checkpoint 4/704 after PPXD10011C; 76 extracted rows
[2026-09-09 05:02:23] Checkpoint 5/704 after PP2J00014C; 96 extracted rows
[2026-09-09 05:02:42] Checkpoint 6/704 after PPXF10032C; 111 extracted rows
[2026-09-09 05:03:00] Checkpoint 7/704 after PPXD10030D; 141 extracted rows
[2026-09-09 05:03:17] Checkpoint 8/704 after PPXH10042A; 159 extracted rows
[2026-09-09 05:03:36] Checkpoint 9/704 after PPXH10033B; 195 extracted rows
[2026-09-09 05:03:55] Checkpoint 10/704 after PPXH30014A; 222 extracted rows
[2026-09-09 05:04:15] Checkpoint 11/704 after PP2J00010B; 242 extracted rows
[2026-09-09 05:04:33] Checkpoint 12/704 after PPXJ30008D; 267 extracted rows
[2026-09-09 05:04:46] Checkpoint 13/704 after PPXF10012A; 272 extracted rows
[2026-09-09 05:05:05] Checkpoint 14/704 after PPXH10007B; 299 extracted rows
[2026-09-09 05:05:26] Checkpoint 15/704 after PPXJ10005B; 324 extracted rows
[2026-09-09 05:05:48] Checkpoint 16/704 after PP2H00010B; 369 extracted rows
[2026-09-09 05:06:10] Checkpoint 17/704 after PPXH30027B; 387 extracted rows
[2026-09-09 05:06:41] Checkpoint 18/704 after PPXH10010A; 387 extracted rows
[2026-09-09 05:06:54] Checkpoint 19/704 after PPXD10003D; 412 extracted rows
[2026-09-09 05:07:23] Checkpoint 20/704 after PPXJ10009D; 432 extracted rows
[2026-09-09 05:07:52] Checkpoint 21/704 after PPXJ10001E; 432 extracted rows
[2026-09-09 05:08:10] Checkpoint 22/704 after PPXJ30012E; 457 extracted rows
[2026-09-09 05:08:28] Checkpoint 23/704 after PPXH30018A; 466 extracted rows
[2026-09-09 05:08:45] Checkpoint 24/704 after PPXJ30027G; 501 extracted rows
[2026-09-09 05:09:04] Checkpoint 25/704 after PPXJ30022D; 521 extracted rows
[2026-09-09 05:09:19] Checkpoint 26/704 after PP2J00007C; 536 extracted rows
[2026-09-09 05:09:36] Checkpoint 27/704 after PP2H00001A; 572 extracted rows
[2026-09-09 05:09:53] Checkpoint 28/704 after PPXH10022C; 608 extracted rows
[2026-09-09 05:10:11] Checkpoint 29/704 after PPXH10055A; 635 extracted rows
[2026-09-09 05:10:29] Checkpoint 30/704 after PPXJ30029E; 665 extracted rows
[2026-09-09 05:10:48] Checkpoint 31/704 after PPXJ30036C; 675 extracted rows
[2026-09-09 05:11:01] Checkpoint 32/704 after PPXD10003B; 700 extracted rows
[2026-09-09 05:11:13] Checkpoint 33/704 after PPXJ30024D; 715 extracted rows
[2026-09-09 05:11:28] Checkpoint 34/704 after PPXH10035B; 742 extracted rows
[2026-09-09 05:11:44] Checkpoint 35/704 after PPXJ30028A; 772 extracted rows
[2026-09-09 05:12:00] Checkpoint 36/704 after PPXJ30026B; 797 extracted rows
[2026-09-09 05:12:17] Checkpoint 37/704 after PPXH10032M; 878 extracted rows
[2026-09-09 05:12:34] Checkpoint 38/704 after PPXJ30034A; 888 extracted rows
[2026-09-09 05:12:51] Checkpoint 39/704 after PPXH30021K; 942 extracted rows
[2026-09-09 05:13:53] Checkpoint 40/704 after PP0H0A024; 942 extracted rows
[2026-09-09 05:14:08] Checkpoint 41/704 after PPXF30014B; 952 extracted rows
[2026-09-09 05:14:26] Checkpoint 42/704 after PPXF30006C; 972 extracted rows
[2026-09-09 05:14:42] Checkpoint 43/704 after PPXH30069A; 992 extracted rows
[2026-09-09 05:14:57] Checkpoint 44/704 after PPXJ30058B; 1037 extracted rows
[2026-09-09 05:15:16] Checkpoint 45/704 after PPXJ30031F; 1057 extracted rows
[2026-09-09 05:15:34] Checkpoint 46/704 after PPXF30011E; 1097 extracted rows
[2026-09-09 05:15:51] Checkpoint 47/704 after PPXJ10006E; 1122 extracted rows
[2026-09-09 05:16:05] Checkpoint 48/704 after PPXJ10005F; 1147 extracted rows
[2026-09-09 05:16:19] Checkpoint 49/704 after PP2J00009C; 1167 extracted rows
[2026-09-09 05:16:35] Checkpoint 50/704 after PPXJ30010D; 1192 extracted rows
[2026-09-09 05:17:02] Checkpoint 51/704 after PPXJ30028B; 1192 extracted rows
[2026-09-09 05:17:21] Checkpoint 52/704 after PP2H00016A; 1201 extracted rows
[2026-09-09 05:17:43] Checkpoint 53/704 after PP2J00001A; 1221 extracted rows
[2026-09-09 05:18:18] Checkpoint 54/704 after PPXJ30060D; 1236 extracted rows
[2026-09-09 05:18:40] Checkpoint 55/704 after PPXD10030E; 1266 extracted rows
[2026-09-09 05:19:01] Checkpoint 56/704 after PPXJ30015B; 1276 extracted rows
[2026-09-09 05:19:20] Checkpoint 57/704 after PPXJ30030A; 1301 extracted rows
[2026-09-09 05:19:39] Checkpoint 58/704 after PPXH10013A; 1310 extracted rows
[2026-09-09 05:20:02] Checkpoint 59/704 after PPXH30066A; 1320 extracted rows
[2026-09-09 05:20:23] Checkpoint 60/704 after PPXJ30014A; 1325 extracted rows
[2026-09-09 05:20:23] Restarting stock browser before SKU PPXH10021F at position 61
[2026-09-09 05:20:58] Stock browser login attempt 1/4 failed: Could not locate Profuomo login form fields
[2026-09-09 05:21:39] Stock browser login attempt 2/4 failed: Could not locate Profuomo login form fields
[2026-09-09 05:22:16] Checkpoint 61/704 after PPXH10021F; 1350 extracted rows
[2026-09-09 05:22:30] Checkpoint 62/704 after PPXD10016B; 1380 extracted rows
[2026-09-09 05:22:49] Checkpoint 63/704 after PPXH10032H; 1461 extracted rows
[2026-09-09 05:23:52] Checkpoint 64/704 after PP0H0A027; 1461 extracted rows
[2026-09-09 05:24:10] Checkpoint 65/704 after PPXD10011A; 1481 extracted rows
[2026-09-09 05:24:27] Checkpoint 66/704 after PPXJ10005D; 1506 extracted rows
[2026-09-09 05:24:43] Checkpoint 67/704 after PPXJ30027A; 1541 extracted rows
[2026-09-09 05:25:00] Checkpoint 68/704 after PPXJ10016B; 1561 extracted rows
[2026-09-09 05:25:22] Checkpoint 69/704 after PPXH10017P; 1669 extracted rows
[2026-09-09 05:25:46] Checkpoint 70/704 after PPXF10001C; 1694 extracted rows
[2026-09-09 05:26:08] Checkpoint 71/704 after PPXJ30062C; 1714 extracted rows
[2026-09-09 05:26:39] Checkpoint 72/704 after PPXD10009B; 1714 extracted rows
[2026-09-09 05:26:58] Checkpoint 73/704 after PPXD10029A; 1729 extracted rows
[2026-09-09 05:27:20] Checkpoint 74/704 after PP2J00014B; 1749 extracted rows
[2026-09-09 05:27:33] Checkpoint 75/704 after PPXJ30028D; 1779 extracted rows
[2026-09-09 05:27:52] Checkpoint 76/704 after PPXJ30050A; 1789 extracted rows
[2026-09-09 05:28:11] Checkpoint 77/704 after PPXJ30031A; 1809 extracted rows
[2026-09-09 05:28:31] Checkpoint 78/704 after PPXH10032L; 1890 extracted rows
[2026-09-09 05:28:51] Checkpoint 79/704 after PP2H00010C; 1935 extracted rows
[2026-09-09 05:29:09] Checkpoint 80/704 after PPXJ30029C; 1965 extracted rows
[2026-09-09 05:29:31] Checkpoint 81/704 after PPXH10005A; 1992 extracted rows
[2026-09-09 05:29:49] Checkpoint 82/704 after PPXJ10002B; 2012 extracted rows
[2026-09-09 05:30:08] Checkpoint 83/704 after PPXF30013A; 2022 extracted rows
[2026-09-09 05:30:31] Checkpoint 84/704 after PPXH10032N; 2103 extracted rows
[2026-09-09 05:30:53] Checkpoint 85/704 after PP2HC10008; 2112 extracted rows
[2026-09-09 05:31:11] Checkpoint 86/704 after PPXH10040A; 2121 extracted rows
[2026-09-09 05:31:27] Checkpoint 87/704 after PPXJ10008B; 2156 extracted rows
[2026-09-09 05:31:44] Checkpoint 88/704 after PPXF30012C; 2166 extracted rows
[2026-09-09 05:32:00] Checkpoint 89/704 after PPXJ10021A; 2186 extracted rows
[2026-09-09 05:32:17] Checkpoint 90/704 after PPXJ10014B; 2196 extracted rows
[2026-09-09 05:32:32] Checkpoint 91/704 after PPXF30011D; 2236 extracted rows
[2026-09-09 05:32:46] Checkpoint 92/704 after PPXH10017L; 2344 extracted rows
[2026-09-09 05:33:15] Checkpoint 93/704 after PPXH30021H; 2344 extracted rows
[2026-09-09 05:33:32] Checkpoint 94/704 after PP2HC0001; 2353 extracted rows
[2026-09-09 05:33:51] Checkpoint 95/704 after PPXD10019J; 2418 extracted rows
[2026-09-09 05:34:11] Checkpoint 96/704 after PPXH10022B; 2454 extracted rows
[2026-09-09 05:34:33] Checkpoint 97/704 after PPXD10016E; 2484 extracted rows
[2026-09-09 05:34:54] Checkpoint 98/704 after PPXJ30031E; 2504 extracted rows
[2026-09-09 05:35:14] Checkpoint 99/704 after PPXJ30031G; 2524 extracted rows
[2026-09-09 05:35:32] Checkpoint 100/704 after PPXH30050B; 2542 extracted rows
[2026-09-09 05:35:51] Checkpoint 101/704 after PP2HC0011; 2542 extracted rows
[2026-09-09 05:36:06] Checkpoint 102/704 after PPXH10006A; 2551 extracted rows
[2026-09-09 05:36:22] Checkpoint 103/704 after PPXF30012A; 2561 extracted rows
[2026-09-09 05:36:38] Checkpoint 104/704 after PPXH30014B; 2588 extracted rows
[2026-09-09 05:36:52] Checkpoint 105/704 after PPXH30024F; 2633 extracted rows
[2026-09-09 05:37:09] Checkpoint 106/704 after PPXH10065A; 2642 extracted rows
[2026-09-09 05:37:26] Checkpoint 107/704 after PPXJ10002D; 2662 extracted rows
[2026-09-09 05:37:45] Checkpoint 108/704 after PP2H00015A; 2671 extracted rows
[2026-09-09 05:38:04] Checkpoint 109/704 after PPXH10055D; 2698 extracted rows
[2026-09-09 05:38:24] Checkpoint 110/704 after PPXJ30018D; 2733 extracted rows
[2026-09-09 05:38:42] Checkpoint 111/704 after PPXH30016D; 2760 extracted rows
[2026-09-09 05:38:55] Checkpoint 112/704 after PPXJ30008F; 2785 extracted rows
[2026-09-09 05:39:09] Checkpoint 113/704 after PPXF30011G; 2825 extracted rows
[2026-09-09 05:39:29] Checkpoint 114/704 after PPXJ30030I; 2850 extracted rows
[2026-09-09 05:39:48] Checkpoint 115/704 after PPXH30054A; 2886 extracted rows
[2026-09-09 05:40:01] Checkpoint 116/704 after PPXH30006C; 2913 extracted rows
[2026-09-09 05:40:23] Checkpoint 117/704 after PPXD10019Q; 2978 extracted rows
[2026-09-09 05:40:46] Checkpoint 118/704 after PPXH10033D; 3014 extracted rows
[2026-09-09 05:41:04] Checkpoint 119/704 after PP2H00012A; 3032 extracted rows
[2026-09-09 05:41:23] Checkpoint 120/704 after PPXH30020E; 3086 extracted rows
[2026-09-09 05:41:23] Restarting stock browser before SKU PPXH10022D at position 121
[2026-09-09 05:41:54] Checkpoint 121/704 after PPXH10022D; 3122 extracted rows
[2026-09-09 05:42:12] Checkpoint 122/704 after PPXH10009A; 3131 extracted rows
[2026-09-09 05:42:33] Checkpoint 123/704 after PP2HC10011; 3185 extracted rows
[2026-09-09 05:42:52] Checkpoint 124/704 after PPXJ10009B; 3205 extracted rows
[2026-09-09 05:43:11] Checkpoint 125/704 after PPXF30011F; 3245 extracted rows
[2026-09-09 05:43:29] Checkpoint 126/704 after PP2H00013B; 3263 extracted rows
[2026-09-09 05:43:46] Checkpoint 127/704 after PP2D00001B; 3283 extracted rows
[2026-09-09 05:44:51] Checkpoint 128/704 after PPXD10032B; 3283 extracted rows
[2026-09-09 05:45:18] Checkpoint 129/704 after PPXF30011C; 3283 extracted rows
[2026-09-09 05:45:37] Checkpoint 130/704 after PPXH30016C; 3310 extracted rows
[2026-09-09 05:45:53] Checkpoint 131/704 after PPXF30011I; 3350 extracted rows
[2026-09-09 05:46:12] Checkpoint 132/704 after PPXH30012C; 3359 extracted rows
[2026-09-09 05:46:30] Checkpoint 133/704 after PPXH10037A; 3386 extracted rows
[2026-09-09 05:46:45] Checkpoint 134/704 after PPXJ10016C; 3406 extracted rows
[2026-09-09 05:47:01] Checkpoint 135/704 after PPXJ30061B; 3416 extracted rows
[2026-09-09 05:47:20] Checkpoint 136/704 after PPXH30009F; 3488 extracted rows
[2026-09-09 05:47:48] Checkpoint 137/704 after PPXJ30030F; 3488 extracted rows
[2026-09-09 05:48:07] Checkpoint 138/704 after PPXH10022A; 3524 extracted rows
[2026-09-09 05:48:23] Checkpoint 139/704 after PPXD10022B; 3534 extracted rows
[2026-09-09 05:48:38] Checkpoint 140/704 after PPXD10030C; 3564 extracted rows
[2026-09-09 05:48:50] Checkpoint 141/704 after PPXD10020D; 3624 extracted rows
[2026-09-09 05:49:10] Checkpoint 142/704 after PPXJ30018G; 3659 extracted rows
[2026-09-09 05:49:26] Checkpoint 143/704 after PPXJ30008C; 3684 extracted rows
[2026-09-09 05:49:41] Checkpoint 144/704 after PPXH30069B; 3704 extracted rows
[2026-09-09 05:49:57] Checkpoint 145/704 after PPXJ30024F; 3719 extracted rows
[2026-09-09 05:50:11] Checkpoint 146/704 after PPXD10020B; 3779 extracted rows
[2026-09-09 05:50:29] Checkpoint 147/704 after PPXD10025B; 3784 extracted rows
[2026-09-09 05:50:48] Checkpoint 148/704 after PPXD10033A; 3809 extracted rows
[2026-09-09 05:51:06] Checkpoint 149/704 after PPXH10017Q; 3917 extracted rows
[2026-09-09 05:51:24] Checkpoint 150/704 after PPXH10044A; 3926 extracted rows
[2026-09-09 05:52:22] Checkpoint 151/704 after PP0H0A003; 3926 extracted rows
[2026-09-09 05:52:37] Checkpoint 152/704 after PPXH10015A; 3935 extracted rows
[2026-09-09 05:52:52] Checkpoint 153/704 after PPXD10019K; 4000 extracted rows
[2026-09-09 05:53:07] Checkpoint 154/704 after PPXF30051A; 4005 extracted rows
[2026-09-09 05:53:21] Checkpoint 155/704 after PPXF30022C; 4020 extracted rows
[2026-09-09 05:53:31] Checkpoint 156/704 after PPXH10021E; 4045 extracted rows
[2026-09-09 05:53:47] Checkpoint 157/704 after PPXH10041C; 4072 extracted rows
[2026-09-09 05:54:04] Checkpoint 158/704 after PPXD10019C; 4137 extracted rows
[2026-09-09 05:54:22] Checkpoint 159/704 after PPXH10011A; 4155 extracted rows
[2026-09-09 05:54:38] Checkpoint 160/704 after PP2H00012B; 4173 extracted rows
[2026-09-09 05:54:53] Checkpoint 161/704 after PPXJ30019C; 4193 extracted rows
[2026-09-09 05:55:09] Checkpoint 162/704 after PPXH10017E; 4301 extracted rows
[2026-09-09 05:55:27] Checkpoint 163/704 after PPXH30050A; 4319 extracted rows
[2026-09-09 05:55:42] Checkpoint 164/704 after PPXH10074A; 4328 extracted rows
[2026-09-09 05:55:59] Checkpoint 165/704 after PPXJ10006D; 4353 extracted rows
[2026-09-09 05:56:14] Checkpoint 166/704 after PPXD10017A; 4368 extracted rows
[2026-09-09 05:56:40] Checkpoint 167/704 after PPXD10012C; 4368 extracted rows
[2026-09-09 05:56:56] Checkpoint 168/704 after PPXD10019P; 4433 extracted rows
[2026-09-09 05:57:18] Checkpoint 169/704 after PPXH30020H; 4487 extracted rows
[2026-09-09 05:57:34] Checkpoint 170/704 after PPXF10032B; 4502 extracted rows
[2026-09-09 05:58:00] Checkpoint 171/704 after PPXD10001G; 4502 extracted rows
[2026-09-09 05:58:15] Checkpoint 172/704 after PPXJ30019A; 4522 extracted rows
[2026-09-09 05:58:32] Checkpoint 173/704 after PPXH10017D; 4630 extracted rows
[2026-09-09 05:58:50] Checkpoint 174/704 after PPXJ30051A; 4635 extracted rows
[2026-09-09 05:59:11] Checkpoint 175/704 after PPXH30007C; 4680 extracted rows
[2026-09-09 05:59:25] Checkpoint 176/704 after PP2J00013B; 4700 extracted rows
[2026-09-09 05:59:42] Checkpoint 177/704 after PPXJ30058C; 4745 extracted rows
[2026-09-09 06:00:01] Checkpoint 178/704 after PPXH10023A; 4781 extracted rows
[2026-09-09 06:00:25] Checkpoint 179/704 after PPXF10014B; 4786 extracted rows
[2026-09-09 06:00:52] Checkpoint 180/704 after PPXJ30057A; 4816 extracted rows
[2026-09-09 06:00:52] Restarting stock browser before SKU PPXD10025A at position 181
[2026-09-09 06:01:38] Checkpoint 181/704 after PPXD10025A; 4821 extracted rows
[2026-09-09 06:01:58] Checkpoint 182/704 after PPXH30041A; 4830 extracted rows
[2026-09-09 06:02:23] Checkpoint 183/704 after PPXD10017B; 4845 extracted rows
[2026-09-09 06:02:47] Checkpoint 184/704 after PPXF10011A; 4860 extracted rows
[2026-09-09 06:03:07] Checkpoint 185/704 after PPXF30014A; 4870 extracted rows
[2026-09-09 06:03:24] Checkpoint 186/704 after PPXD10011E; 4890 extracted rows
[2026-09-09 06:03:41] Checkpoint 187/704 after PPXJ30062E; 4910 extracted rows
[2026-09-09 06:03:57] Checkpoint 188/704 after PPXJ30019D; 4930 extracted rows
[2026-09-09 06:04:14] Checkpoint 189/704 after PPXH10034B; 4966 extracted rows
[2026-09-09 06:04:30] Checkpoint 190/704 after PPXD10007I; 5006 extracted rows
[2026-09-09 06:04:57] Checkpoint 191/704 after PPXD10011B; 5006 extracted rows
[2026-09-09 06:05:17] Checkpoint 192/704 after PPXH30021C; 5060 extracted rows
[2026-09-09 06:05:35] Checkpoint 193/704 after PPXF10026A; 5065 extracted rows
[2026-09-09 06:05:51] Checkpoint 194/704 after PPXD10019A; 5130 extracted rows
[2026-09-09 06:06:10] Checkpoint 195/704 after PPXF30022E; 5145 extracted rows
[2026-09-09 06:06:35] Checkpoint 196/704 after PPXH10017F; 5145 extracted rows
[2026-09-09 06:06:49] Checkpoint 197/704 after PP2J00008C; 5165 extracted rows
[2026-09-09 06:06:59] Checkpoint 198/704 after PP2J00014D; 5185 extracted rows
[2026-09-09 06:07:17] Checkpoint 199/704 after PPXH10017C; 5293 extracted rows
[2026-09-09 06:07:33] Checkpoint 200/704 after PPXD10030F; 5323 extracted rows
[2026-09-09 06:07:48] Checkpoint 201/704 after PP2HC0013; 5343 extracted rows
[2026-09-09 06:08:02] Checkpoint 202/704 after PPXH10067A; 5352 extracted rows
[2026-09-09 06:08:17] Checkpoint 203/704 after PPXJ30007D; 5362 extracted rows
[2026-09-09 06:08:33] Checkpoint 204/704 after PP2J00001C; 5382 extracted rows
[2026-09-09 06:08:48] Checkpoint 205/704 after PP2D00001C; 5402 extracted rows
[2026-09-09 06:09:05] Checkpoint 206/704 after PPXJ10002A; 5422 extracted rows
[2026-09-09 06:09:22] Checkpoint 207/704 after PPXJ30030B; 5447 extracted rows
[2026-09-09 06:09:46] Checkpoint 208/704 after PPXJ30036D; 5447 extracted rows
[2026-09-09 06:10:03] Checkpoint 209/704 after PPXJ10016D; 5467 extracted rows
[2026-09-09 06:10:26] Checkpoint 210/704 after PPXD10001A; 5477 extracted rows
[2026-09-09 06:10:47] Checkpoint 211/704 after PPXH10019C; 5504 extracted rows
[2026-09-09 06:11:08] Checkpoint 212/704 after PPXH30037I; 5540 extracted rows
[2026-09-09 06:11:25] Checkpoint 213/704 after PPXJ30027B; 5575 extracted rows
[2026-09-09 06:11:41] Checkpoint 214/704 after PPXH30017A; 5584 extracted rows
[2026-09-09 06:11:57] Checkpoint 215/704 after PPXJ30058A; 5629 extracted rows
[2026-09-09 06:12:16] Checkpoint 216/704 after PPXH30020A; 5683 extracted rows
[2026-09-09 06:12:29] Checkpoint 217/704 after PP2H00011B; 5710 extracted rows
[2026-09-09 06:12:47] Checkpoint 218/704 after PPXJ30058F; 5755 extracted rows
[2026-09-09 06:13:05] Checkpoint 219/704 after PPXH30046A; 5764 extracted rows
[2026-09-09 06:14:07] Checkpoint 220/704 after PP0H0A001; 5764 extracted rows
[2026-09-09 06:14:24] Checkpoint 221/704 after PPXJ10003D; 5794 extracted rows
[2026-09-09 06:14:41] Checkpoint 222/704 after PPXH10034A; 5830 extracted rows
[2026-09-09 06:15:00] Checkpoint 223/704 after PPXJ10008F; 5865 extracted rows
[2026-09-09 06:15:22] Checkpoint 224/704 after PPXH30022F; 5919 extracted rows
[2026-09-09 06:15:37] Checkpoint 225/704 after PPXJ30022E; 5939 extracted rows
[2026-09-09 06:16:08] Checkpoint 226/704 after PPXH10049A; 5939 extracted rows
[2026-09-09 06:16:24] Checkpoint 227/704 after PPXH30037B; 5975 extracted rows
[2026-09-09 06:16:41] Checkpoint 228/704 after PPXJ30027E; 6010 extracted rows
[2026-09-09 06:16:59] Checkpoint 229/704 after PPXH30032D; 6045 extracted rows
[2026-09-09 06:17:33] Checkpoint 230/704 after PPXD10007C; 6045 extracted rows
[2026-09-09 06:17:52] Checkpoint 231/704 after PPXH10017K; 6153 extracted rows
[2026-09-09 06:18:11] Checkpoint 232/704 after PPXJ30048D; 6168 extracted rows
[2026-09-09 06:18:28] Checkpoint 233/704 after PPXD10032A; 6188 extracted rows
[2026-09-09 06:18:57] Checkpoint 234/704 after PPXD10001F; 6188 extracted rows
[2026-09-09 06:19:21] Checkpoint 235/704 after PPXJ30050B; 6198 extracted rows
[2026-09-09 06:19:40] Checkpoint 236/704 after PPXH10017S; 6306 extracted rows
[2026-09-09 06:20:05] Checkpoint 237/704 after PPXJ30054B; 6326 extracted rows
[2026-09-09 06:20:28] Checkpoint 238/704 after PPXF30011H; 6366 extracted rows
[2026-09-09 06:21:38] Checkpoint 239/704 after PP2J00012C; 6366 extracted rows
[2026-09-09 06:21:57] Checkpoint 240/704 after PPXD10016D; 6396 extracted rows
[2026-09-09 06:21:57] Restarting stock browser before SKU PP2H00011A at position 241
[2026-09-09 06:22:26] Checkpoint 241/704 after PP2H00011A; 6423 extracted rows
[2026-09-09 06:22:45] Checkpoint 242/704 after PPXJ10020B; 6443 extracted rows
[2026-09-09 06:23:05] Checkpoint 243/704 after PPXJ10021D; 6463 extracted rows
[2026-09-09 06:23:24] Checkpoint 244/704 after PPXJ30025F; 6473 extracted rows
[2026-09-09 06:23:43] Checkpoint 245/704 after PPXD10002A; 6483 extracted rows
[2026-09-09 06:24:04] Checkpoint 246/704 after PPXH10007A; 6510 extracted rows
[2026-09-09 06:24:25] Checkpoint 247/704 after PPXH10021B; 6535 extracted rows
[2026-09-09 06:24:46] Checkpoint 248/704 after PP2H00008A; 6589 extracted rows
[2026-09-09 06:25:12] Checkpoint 249/704 after PPXD10020J; 6649 extracted rows
[2026-09-09 06:25:31] Checkpoint 250/704 after PPXH10066C; 6676 extracted rows
[2026-09-09 06:25:57] Checkpoint 251/704 after PPXJ10002E; 6696 extracted rows
[2026-09-09 06:26:23] Checkpoint 252/704 after PP2J00010C; 6716 extracted rows
[2026-09-09 06:26:45] Checkpoint 253/704 after PPXF10013A; 6726 extracted rows
[2026-09-09 06:27:19] Checkpoint 254/704 after PPXH10017I; 6726 extracted rows
[2026-09-09 06:27:38] Checkpoint 255/704 after PPXF10034A; 6731 extracted rows
[2026-09-09 06:27:58] Checkpoint 256/704 after PP2J00010D; 6751 extracted rows
[2026-09-09 06:28:35] Checkpoint 257/704 after PPXD10019E; 6751 extracted rows
[2026-09-09 06:28:48] Checkpoint 258/704 after PPXJ30047B; 6766 extracted rows
[2026-09-09 06:29:11] Checkpoint 259/704 after PPXJ30063D; 6786 extracted rows
[2026-09-09 06:29:36] Checkpoint 260/704 after PPXD10007G; 6826 extracted rows
[2026-09-09 06:29:58] Checkpoint 261/704 after PPXJ30062D; 6846 extracted rows
[2026-09-09 06:30:36] Checkpoint 262/704 after PPXD10029B; 6846 extracted rows
[2026-09-09 06:31:03] Checkpoint 263/704 after PPXH10034D; 6882 extracted rows
[2026-09-09 06:31:31] Checkpoint 264/704 after PPXJ30003A; 6907 extracted rows
[2026-09-09 06:31:55] Checkpoint 265/704 after PPXD10023E; 6932 extracted rows
[2026-09-09 06:32:18] Checkpoint 266/704 after PP2H00017B; 6950 extracted rows
[2026-09-09 06:32:38] Checkpoint 267/704 after PPXH30010A; 6959 extracted rows
[2026-09-09 06:32:57] Checkpoint 268/704 after PP2H00011C; 6986 extracted rows
[2026-09-09 06:33:13] Checkpoint 269/704 after PP2J00001B; 7006 extracted rows
[2026-09-09 06:33:30] Checkpoint 270/704 after PPXF30006B; 7026 extracted rows
[2026-09-09 06:33:46] Checkpoint 271/704 after PPXH30020F; 7080 extracted rows
[2026-09-09 06:34:13] Checkpoint 272/704 after PPXJ30029D; 7080 extracted rows
[2026-09-09 06:34:32] Checkpoint 273/704 after PPXH10023C; 7116 extracted rows
[2026-09-09 06:35:35] Checkpoint 274/704 after PP0H0A028; 7116 extracted rows
[2026-09-09 06:35:54] Checkpoint 275/704 after PPXD10019O; 7181 extracted rows
[2026-09-09 06:36:15] Checkpoint 276/704 after PPXJ30053C; 7196 extracted rows
[2026-09-09 06:36:33] Checkpoint 277/704 after PPXD10020K; 7256 extracted rows
[2026-09-09 06:36:51] Checkpoint 278/704 after PP2J00008D; 7276 extracted rows
[2026-09-09 06:37:10] Checkpoint 279/704 after PPXJ30026G; 7301 extracted rows
[2026-09-09 06:37:30] Checkpoint 280/704 after PPXJ30030D; 7326 extracted rows
[2026-09-09 06:37:46] Checkpoint 281/704 after PPXH30006B; 7353 extracted rows
[2026-09-09 06:38:05] Checkpoint 282/704 after PPXH10059A; 7358 extracted rows
[2026-09-09 06:38:20] Checkpoint 283/704 after PPXJ30008E; 7383 extracted rows
[2026-09-09 06:38:40] Checkpoint 284/704 after PPXJ30054C; 7403 extracted rows
[2026-09-09 06:39:04] Checkpoint 285/704 after PPXJ30058D; 7448 extracted rows
[2026-09-09 06:39:28] Checkpoint 286/704 after PP2HC0006; 7457 extracted rows
[2026-09-09 06:39:49] Checkpoint 287/704 after PPXH30030C; 7475 extracted rows
[2026-09-09 06:40:24] Checkpoint 288/704 after PPXJ10002C; 7475 extracted rows
[2026-09-09 06:41:03] Checkpoint 289/704 after PPXH10004A; 7475 extracted rows
[2026-09-09 06:41:26] Checkpoint 290/704 after PPXJ10021B; 7495 extracted rows
[2026-09-09 06:41:44] Checkpoint 291/704 after PPXH10039B; 7513 extracted rows
[2026-09-09 06:42:02] Checkpoint 292/704 after PPXF10001I; 7538 extracted rows
[2026-09-09 06:42:22] Checkpoint 293/704 after PP2J00010A; 7558 extracted rows
[2026-09-09 06:42:42] Checkpoint 294/704 after PPXJ10017B; 7568 extracted rows
[2026-09-09 06:43:00] Checkpoint 295/704 after PPXH30009B; 7640 extracted rows
[2026-09-09 06:43:22] Checkpoint 296/704 after PPXF10002A; 7645 extracted rows
[2026-09-09 06:43:46] Checkpoint 297/704 after PPXH10032C; 7726 extracted rows
[2026-09-09 06:44:09] Checkpoint 298/704 after PPXH10031B; 7771 extracted rows
[2026-09-09 06:44:30] Checkpoint 299/704 after PP2H00018A; 7789 extracted rows
[2026-09-09 06:44:52] Checkpoint 300/704 after PPXH10042B; 7807 extracted rows
[2026-09-09 06:44:52] Restarting stock browser before SKU PPXH30006A at position 301
[2026-09-09 06:45:27] Checkpoint 301/704 after PPXH30006A; 7834 extracted rows
[2026-09-09 06:45:43] Checkpoint 302/704 after PP2J00013C; 7854 extracted rows
[2026-09-09 06:45:58] Checkpoint 303/704 after PPXH30001A; 7863 extracted rows
[2026-09-09 06:47:11] Checkpoint 304/704 after PP0H0A036; 7863 extracted rows
[2026-09-09 06:47:35] Checkpoint 305/704 after PPXJ30035A; 7873 extracted rows
[2026-09-09 06:47:58] Checkpoint 306/704 after PP2J00008A; 7893 extracted rows
[2026-09-09 06:48:22] Checkpoint 307/704 after PPXJ30012A; 7918 extracted rows
[2026-09-09 06:48:43] Checkpoint 308/704 after PPXJ30012D; 7943 extracted rows
[2026-09-09 06:49:06] Checkpoint 309/704 after PPXJ30046A; 7963 extracted rows
[2026-09-09 06:49:29] Checkpoint 310/704 after PP2H00020A; 7972 extracted rows
[2026-09-09 06:49:48] Checkpoint 311/704 after PPXF30011A; 8012 extracted rows
[2026-09-09 06:50:03] Checkpoint 312/704 after PPXH10010F; 8057 extracted rows
[2026-09-09 06:50:25] Checkpoint 313/704 after PPXH10030B; 8075 extracted rows
[2026-09-09 06:50:50] Checkpoint 314/704 after PPXJ30046D; 8095 extracted rows
[2026-09-09 06:51:11] Checkpoint 315/704 after PPXD10023B; 8120 extracted rows
[2026-09-09 06:51:28] Checkpoint 316/704 after PPXJ30007F; 8130 extracted rows
[2026-09-09 06:51:43] Checkpoint 317/704 after PPXH10032O; 8211 extracted rows
[2026-09-09 06:52:00] Checkpoint 318/704 after PPXJ30063E; 8231 extracted rows
[2026-09-09 06:52:12] Checkpoint 319/704 after PPXJ30011E; 8251 extracted rows
[2026-09-09 06:52:25] Checkpoint 320/704 after PP2J00013A; 8271 extracted rows
[2026-09-09 06:52:41] Checkpoint 321/704 after PPXH10012A; 8280 extracted rows
[2026-09-09 06:52:59] Checkpoint 322/704 after PPXH10064B; 8289 extracted rows
[2026-09-09 06:53:17] Checkpoint 323/704 after PPXD10019M; 8354 extracted rows
[2026-09-09 06:53:30] Checkpoint 324/704 after PPXD10030A; 8384 extracted rows
[2026-09-09 06:53:44] Checkpoint 325/704 after PPXJ30040C; 8389 extracted rows
[2026-09-09 06:53:56] Checkpoint 326/704 after PPXH30022A; 8443 extracted rows
[2026-09-09 06:54:14] Checkpoint 327/704 after PPXD10019T; 8508 extracted rows
[2026-09-09 06:54:30] Checkpoint 328/704 after PPXJ30002A; 8533 extracted rows
[2026-09-09 06:54:45] Checkpoint 329/704 after PPXJ30012F; 8558 extracted rows
[2026-09-09 06:55:02] Checkpoint 330/704 after PPXH30009H; 8630 extracted rows
[2026-09-09 06:55:21] Checkpoint 331/704 after PP2H00018B; 8648 extracted rows
[2026-09-09 06:55:37] Checkpoint 332/704 after PPXH10019A; 8675 extracted rows
[2026-09-09 06:55:48] Checkpoint 333/704 after PPXD10012E; 8680 extracted rows
[2026-09-09 06:56:06] Checkpoint 334/704 after PPXH30002A; 8689 extracted rows
[2026-09-09 06:56:24] Checkpoint 335/704 after PPXD10020O; 8749 extracted rows
[2026-09-09 06:56:53] Checkpoint 336/704 after PPXD10021B; 8749 extracted rows
[2026-09-09 06:57:12] Checkpoint 337/704 after PPXD10020A; 8809 extracted rows
[2026-09-09 06:57:29] Checkpoint 338/704 after PPXH10002B; 8818 extracted rows
[2026-09-09 06:57:46] Checkpoint 339/704 after PPXJ10006A; 8843 extracted rows
[2026-09-09 06:58:03] Checkpoint 340/704 after PPXJ30016A; 8853 extracted rows
[2026-09-09 06:58:19] Checkpoint 341/704 after PPXD10008B; 8858 extracted rows
[2026-09-09 06:58:45] Checkpoint 342/704 after PPXJ10001B; 8858 extracted rows
[2026-09-09 06:59:01] Checkpoint 343/704 after PPXD10007E; 8898 extracted rows
[2026-09-09 06:59:30] Checkpoint 344/704 after PP2J00005C; 8898 extracted rows
[2026-09-09 06:59:47] Checkpoint 345/704 after PP2HC0038; 8907 extracted rows
[2026-09-09 07:00:06] Checkpoint 346/704 after PPXJ30027D; 8942 extracted rows
[2026-09-09 07:00:27] Checkpoint 347/704 after PPXJ30009F; 8952 extracted rows
[2026-09-09 07:00:49] Checkpoint 348/704 after PPXJ30060C; 8967 extracted rows
[2026-09-09 07:01:10] Checkpoint 349/704 after PPXH10035A; 8994 extracted rows
[2026-09-09 07:01:39] Checkpoint 350/704 after PPXH10002A; 8994 extracted rows
[2026-09-09 07:01:54] Checkpoint 351/704 after PPXD10016C; 9024 extracted rows
[2026-09-09 07:02:08] Checkpoint 352/704 after PPXD10009D; 9039 extracted rows
[2026-09-09 07:02:28] Checkpoint 353/704 after PPXH30039B; 9057 extracted rows
[2026-09-09 07:02:46] Checkpoint 354/704 after PPXH30067C; 9077 extracted rows
[2026-09-09 07:03:07] Checkpoint 355/704 after PPXF10035A; 9087 extracted rows
[2026-09-09 07:03:26] Checkpoint 356/704 after PP2HC10009; 9096 extracted rows
[2026-09-09 07:03:45] Checkpoint 357/704 after PPXJ30064A; 9101 extracted rows
[2026-09-09 07:04:05] Checkpoint 358/704 after PPXJ30020B; 9116 extracted rows
[2026-09-09 07:04:26] Checkpoint 359/704 after PPXH10034C; 9152 extracted rows
[2026-09-09 07:04:45] Checkpoint 360/704 after PPXJ30013C; 9172 extracted rows
[2026-09-09 07:04:45] Restarting stock browser before SKU PPXJ30047F at position 361
[2026-09-09 07:05:20] Checkpoint 361/704 after PPXJ30047F; 9187 extracted rows
[2026-09-09 07:05:38] Checkpoint 362/704 after PPXJ30026A; 9212 extracted rows
[2026-09-09 07:05:55] Checkpoint 363/704 after PPXJ30010E; 9237 extracted rows
[2026-09-09 07:06:11] Checkpoint 364/704 after PPXF10035B; 9247 extracted rows
[2026-09-09 07:06:26] Checkpoint 365/704 after PPXH10011B; 9265 extracted rows
[2026-09-09 07:06:46] Checkpoint 366/704 after PPXJ10008E; 9300 extracted rows
[2026-09-09 07:07:14] Checkpoint 367/704 after PPXD10028A; 9300 extracted rows
[2026-09-09 07:07:33] Checkpoint 368/704 after PPXJ10020A; 9320 extracted rows
[2026-09-09 07:07:50] Checkpoint 369/704 after PPXJ10008A; 9355 extracted rows
[2026-09-09 07:08:07] Checkpoint 370/704 after PP0H0A015; 9364 extracted rows
[2026-09-09 07:08:22] Checkpoint 371/704 after PPXH30014C; 9391 extracted rows
[2026-09-09 07:08:37] Checkpoint 372/704 after PP2HC10014; 9436 extracted rows
[2026-09-09 07:08:50] Checkpoint 373/704 after PPXD10023A; 9461 extracted rows
[2026-09-09 07:09:17] Checkpoint 374/704 after PPXH30020G; 9461 extracted rows
[2026-09-09 07:09:35] Checkpoint 375/704 after PPXH30009C; 9533 extracted rows
[2026-09-09 07:09:51] Checkpoint 376/704 after PP2H00008C; 9587 extracted rows
[2026-09-09 07:10:12] Checkpoint 377/704 after PPXH30054C; 9623 extracted rows
[2026-09-09 07:10:32] Checkpoint 378/704 after PPXD10029D; 9638 extracted rows
[2026-09-09 07:11:07] Checkpoint 379/704 after PPXD10012B; 9638 extracted rows
[2026-09-09 07:11:27] Checkpoint 380/704 after PPXJ30063A; 9658 extracted rows
[2026-09-09 07:11:47] Checkpoint 381/704 after PPXJ10020D; 9678 extracted rows
[2026-09-09 07:12:08] Checkpoint 382/704 after PPXJ30045A; 9683 extracted rows
[2026-09-09 07:12:23] Checkpoint 383/704 after PPXJ30006B; 9698 extracted rows
[2026-09-09 07:12:56] Checkpoint 384/704 after PPXJ30028J; 9698 extracted rows
[2026-09-09 07:13:17] Checkpoint 385/704 after PPXF10032A; 9713 extracted rows
[2026-09-09 07:13:36] Checkpoint 386/704 after PPXJ30060E; 9728 extracted rows
[2026-09-09 07:13:56] Checkpoint 387/704 after PPXJ30046C; 9748 extracted rows
[2026-09-09 07:14:18] Checkpoint 388/704 after PPXJ30052C; 9768 extracted rows
[2026-09-09 07:14:38] Checkpoint 389/704 after PP2H00001D; 9804 extracted rows
[2026-09-09 07:14:58] Checkpoint 390/704 after PPXH30007B; 9849 extracted rows
[2026-09-09 07:15:15] Checkpoint 391/704 after PPXJ10021C; 9869 extracted rows
[2026-09-09 07:15:39] Checkpoint 392/704 after PPXD10006D; 9884 extracted rows
[2026-09-09 07:16:00] Checkpoint 393/704 after PPXH10058A; 9894 extracted rows
[2026-09-09 07:16:23] Checkpoint 394/704 after PPXH30022D; 9948 extracted rows
[2026-09-09 07:16:43] Checkpoint 395/704 after PPXF10004B; 9953 extracted rows
[2026-09-09 07:16:56] Checkpoint 396/704 after PPXJ30018H; 9988 extracted rows
[2026-09-09 07:17:22] Checkpoint 397/704 after PPXH30007D; 10033 extracted rows
[2026-09-09 07:17:46] Checkpoint 398/704 after PPXH10017M; 10141 extracted rows
[2026-09-09 07:18:11] Checkpoint 399/704 after PPXJ30001D; 10166 extracted rows
[2026-09-09 07:18:35] Checkpoint 400/704 after PPXD10017C; 10181 extracted rows
[2026-09-09 07:18:56] Checkpoint 401/704 after PPXJ30029G; 10211 extracted rows
[2026-09-09 07:19:21] Checkpoint 402/704 after PPXJ10013D; 10221 extracted rows
[2026-09-09 07:19:44] Checkpoint 403/704 after PPXD10020R; 10281 extracted rows
[2026-09-09 07:20:27] Checkpoint 404/704 after PPXD10010B; 10281 extracted rows
[2026-09-09 07:20:57] Checkpoint 405/704 after PPXD10028F; 10291 extracted rows
[2026-09-09 07:21:17] Checkpoint 406/704 after PPXH10032D; 10372 extracted rows
[2026-09-09 07:21:35] Checkpoint 407/704 after PPXJ30010F; 10397 extracted rows
[2026-09-09 07:22:02] Checkpoint 408/704 after PPXD10016F; 10427 extracted rows
[2026-09-09 07:22:30] Checkpoint 409/704 after PPXH30024D; 10472 extracted rows
[2026-09-09 07:22:52] Checkpoint 410/704 after PPXH10066B; 10499 extracted rows
[2026-09-09 07:23:14] Checkpoint 411/704 after PPXH10001A; 10508 extracted rows
[2026-09-09 07:23:29] Checkpoint 412/704 after PPXJ10003E; 10538 extracted rows
[2026-09-09 07:23:48] Checkpoint 413/704 after PPXJ30006A; 10553 extracted rows
[2026-09-09 07:24:00] Checkpoint 414/704 after PPXH10018A; 10589 extracted rows
[2026-09-09 07:24:15] Checkpoint 415/704 after PPXD10019R; 10654 extracted rows
[2026-09-09 07:24:37] Checkpoint 416/704 after PPXH10031A; 10699 extracted rows
[2026-09-09 07:24:56] Checkpoint 417/704 after PPXF10011B; 10714 extracted rows
[2026-09-09 07:25:19] Checkpoint 418/704 after PP2J00001D; 10734 extracted rows
[2026-09-09 07:25:39] Checkpoint 419/704 after PPXJ30006D; 10749 extracted rows
[2026-09-09 07:25:53] Checkpoint 420/704 after PP2HC0014; 10769 extracted rows
[2026-09-09 07:25:53] Restarting stock browser before SKU PPXH10037B at position 421
[2026-09-09 07:26:20] Checkpoint 421/704 after PPXH10037B; 10796 extracted rows
[2026-09-09 07:26:38] Checkpoint 422/704 after PPXD10007B; 10836 extracted rows
[2026-09-09 07:26:57] Checkpoint 423/704 after PPXJ30012C; 10861 extracted rows
[2026-09-09 07:27:10] Checkpoint 424/704 after PPXJ30010C; 10886 extracted rows
[2026-09-09 07:27:43] Checkpoint 425/704 after PPXF30050B; 10886 extracted rows
[2026-09-09 07:28:01] Checkpoint 426/704 after PPXJ30010A; 10911 extracted rows
[2026-09-09 07:28:22] Checkpoint 427/704 after PPXJ30028E; 10941 extracted rows
[2026-09-09 07:28:41] Checkpoint 428/704 after PPXH10021D; 10966 extracted rows
[2026-09-09 07:29:01] Checkpoint 429/704 after PP2J00009D; 10986 extracted rows
[2026-09-09 07:29:19] Checkpoint 430/704 after PPXJ10008C; 11021 extracted rows
[2026-09-09 07:29:38] Checkpoint 431/704 after PP2HC10013; 11066 extracted rows
[2026-09-09 07:29:57] Checkpoint 432/704 after PPXJ30003E; 11091 extracted rows
[2026-09-09 07:30:17] Checkpoint 433/704 after PPXF10013B; 11101 extracted rows
[2026-09-09 07:30:45] Checkpoint 434/704 after PPXH30021G; 11155 extracted rows
[2026-09-09 07:31:09] Checkpoint 435/704 after PPXH30027A; 11173 extracted rows
[2026-09-09 07:31:30] Checkpoint 436/704 after PPXH30008A; 11182 extracted rows
[2026-09-09 07:31:41] Checkpoint 437/704 after PPXH30057C; 11209 extracted rows
[2026-09-09 07:31:59] Checkpoint 438/704 after PPXJ30025C; 11219 extracted rows
[2026-09-09 07:32:20] Checkpoint 439/704 after PPXJ10004A; 11234 extracted rows
[2026-09-09 07:32:39] Checkpoint 440/704 after PPXD10023D; 11259 extracted rows
[2026-09-09 07:32:58] Checkpoint 441/704 after PPXH30039C; 11277 extracted rows
[2026-09-09 07:33:29] Checkpoint 442/704 after PPXH30023A; 11277 extracted rows
[2026-09-09 07:33:48] Checkpoint 443/704 after PP2HC10006; 11331 extracted rows
[2026-09-09 07:34:08] Checkpoint 444/704 after PPXD10006C; 11346 extracted rows
[2026-09-09 07:34:38] Checkpoint 445/704 after PPXH10052A; 11346 extracted rows
[2026-09-09 07:34:57] Checkpoint 446/704 after PPXJ30027C; 11381 extracted rows
[2026-09-09 07:35:16] Checkpoint 447/704 after PPXJ30037E; 11391 extracted rows
[2026-09-09 07:35:35] Checkpoint 448/704 after PPXH10017N; 11499 extracted rows
[2026-09-09 07:36:09] Checkpoint 449/704 after PP2H00006A; 11499 extracted rows
[2026-09-09 07:36:26] Checkpoint 450/704 after PPXJ30011A; 11519 extracted rows
[2026-09-09 07:36:42] Checkpoint 451/704 after PPXJ30057E; 11549 extracted rows
[2026-09-09 07:36:59] Checkpoint 452/704 after PPXH30057B; 11576 extracted rows
[2026-09-09 07:38:04] Checkpoint 453/704 after PP2J00012A; 11576 extracted rows
[2026-09-09 07:38:18] Checkpoint 454/704 after PPXJ30053B; 11591 extracted rows
[2026-09-09 07:38:35] Checkpoint 455/704 after PPXJ30011C; 11611 extracted rows
[2026-09-09 07:39:44] Checkpoint 456/704 after PP0H0A025; 11611 extracted rows
[2026-09-09 07:40:04] Checkpoint 457/704 after PPXH30005C; 11638 extracted rows
[2026-09-09 07:40:26] Checkpoint 458/704 after PPXF30007C; 11648 extracted rows
[2026-09-09 07:40:55] Checkpoint 459/704 after PPXJ30063C; 11668 extracted rows
[2026-09-09 07:41:22] Checkpoint 460/704 after PPXJ10003B; 11698 extracted rows
[2026-09-09 07:41:46] Checkpoint 461/704 after PPXJ30054A; 11718 extracted rows
[2026-09-09 07:42:12] Checkpoint 462/704 after PPXH30037D; 11754 extracted rows
[2026-09-09 07:42:36] Checkpoint 463/704 after PPXH30009D; 11826 extracted rows
[2026-09-09 07:42:56] Checkpoint 464/704 after PPXH10033G; 11862 extracted rows
[2026-09-09 07:43:19] Checkpoint 465/704 after PPXH30062A; 11872 extracted rows
[2026-09-09 07:43:40] Checkpoint 466/704 after PPXH10029A; 11881 extracted rows
[2026-09-09 07:44:04] Checkpoint 467/704 after PPXJ30011F; 11901 extracted rows
[2026-09-09 07:44:37] Checkpoint 468/704 after PPXH10066A; 11901 extracted rows
[2026-09-09 07:44:59] Checkpoint 469/704 after PPXH30054B; 11937 extracted rows
[2026-09-09 07:45:16] Checkpoint 470/704 after PPXH10072B; 11946 extracted rows
[2026-09-09 07:45:38] Checkpoint 471/704 after PPXJ30009D; 11956 extracted rows
[2026-09-09 07:45:58] Checkpoint 472/704 after PPXH30009E; 12028 extracted rows
[2026-09-09 07:46:15] Checkpoint 473/704 after PPXH10017B; 12136 extracted rows
[2026-09-09 07:46:33] Checkpoint 474/704 after PPXH30042A; 12145 extracted rows
[2026-09-09 07:47:02] Checkpoint 475/704 after PPXD10012F; 12145 extracted rows
[2026-09-09 07:47:19] Checkpoint 476/704 after PPXH30067B; 12165 extracted rows
[2026-09-09 07:47:39] Checkpoint 477/704 after PP2D00001A; 12185 extracted rows
[2026-09-09 07:48:00] Checkpoint 478/704 after PP2H00005C; 12230 extracted rows
[2026-09-09 07:48:32] Checkpoint 479/704 after PPXD10014B; 12230 extracted rows
[2026-09-09 07:48:48] Checkpoint 480/704 after PPXJ30052B; 12250 extracted rows
[2026-09-09 07:48:48] Restarting stock browser before SKU PPXD10003C at position 481
[2026-09-09 07:49:19] Checkpoint 481/704 after PPXD10003C; 12275 extracted rows
[2026-09-09 07:49:47] Checkpoint 482/704 after PP2H00002A; 12275 extracted rows
[2026-09-09 07:50:05] Checkpoint 483/704 after PPXJ30029A; 12305 extracted rows
[2026-09-09 07:50:23] Checkpoint 484/704 after PPXH30020B; 12359 extracted rows
[2026-09-09 07:50:55] Checkpoint 485/704 after PPXJ30028G; 12359 extracted rows
[2026-09-09 07:51:17] Checkpoint 486/704 after PPXD10007D; 12399 extracted rows
[2026-09-09 07:51:34] Checkpoint 487/704 after PPXH10033F; 12435 extracted rows
[2026-09-09 07:51:51] Checkpoint 488/704 after PPXH10018D; 12471 extracted rows
[2026-09-09 07:52:10] Checkpoint 489/704 after PPXH30007E; 12516 extracted rows
[2026-09-09 07:52:27] Checkpoint 490/704 after PPXF30013B; 12526 extracted rows
[2026-09-09 07:52:44] Checkpoint 491/704 after PPXH10032E; 12607 extracted rows
[2026-09-09 07:53:01] Checkpoint 492/704 after PPXF30020C; 12617 extracted rows
[2026-09-09 07:53:18] Checkpoint 493/704 after PPXH30038A; 12626 extracted rows
[2026-09-09 07:53:36] Checkpoint 494/704 after PPXJ30013E; 12646 extracted rows
[2026-09-09 07:53:52] Checkpoint 495/704 after PPXJ30057F; 12676 extracted rows
[2026-09-09 07:54:04] Checkpoint 496/704 after PPXD10003E; 12701 extracted rows
[2026-09-09 07:54:21] Checkpoint 497/704 after PPXJ30018F; 12736 extracted rows
[2026-09-09 07:54:38] Checkpoint 498/704 after PP2H00019A; 12745 extracted rows
[2026-09-09 07:54:53] Checkpoint 499/704 after PPXH10014A; 12754 extracted rows
[2026-09-09 07:55:13] Checkpoint 500/704 after PPXH10066D; 12781 extracted rows
[2026-09-09 07:55:31] Checkpoint 501/704 after PPXJ30018E; 12816 extracted rows
[2026-09-09 07:55:51] Checkpoint 502/704 after PPXH10039A; 12834 extracted rows
[2026-09-09 07:56:19] Checkpoint 503/704 after PPXD10005A; 12834 extracted rows
[2026-09-09 07:56:35] Checkpoint 504/704 after PPXJ30002D; 12859 extracted rows
[2026-09-09 07:56:49] Checkpoint 505/704 after PPXH10019B; 12886 extracted rows
[2026-09-09 07:57:05] Checkpoint 506/704 after PPXD10006A; 12901 extracted rows
[2026-09-09 07:57:22] Checkpoint 507/704 after PPXD10033C; 12926 extracted rows
[2026-09-09 07:57:34] Checkpoint 508/704 after PPXJ10014A; 12936 extracted rows
[2026-09-09 07:57:50] Checkpoint 509/704 after PPXD10007F; 12976 extracted rows
[2026-09-09 07:58:01] Checkpoint 510/704 after PPXH30065A; 12986 extracted rows
[2026-09-09 07:58:17] Checkpoint 511/704 after PPXJ30041E; 13021 extracted rows
[2026-09-09 07:58:33] Checkpoint 512/704 after PPXJ30035B; 13031 extracted rows
[2026-09-09 07:58:47] Checkpoint 513/704 after PPXH30022B; 13085 extracted rows
[2026-09-09 07:59:07] Checkpoint 514/704 after PP2H00013A; 13103 extracted rows
[2026-09-09 07:59:35] Checkpoint 515/704 after PPXF10001A; 13103 extracted rows
[2026-09-09 08:00:03] Checkpoint 516/704 after PPXH10037E; 13103 extracted rows
[2026-09-09 08:00:25] Checkpoint 517/704 after PPXH30009I; 13175 extracted rows
[2026-09-09 08:00:47] Checkpoint 518/704 after PPXF30011J; 13215 extracted rows
[2026-09-09 08:01:19] Checkpoint 519/704 after PPXH10010E; 13260 extracted rows
[2026-09-09 08:01:43] Checkpoint 520/704 after PPXF30025A; 13265 extracted rows
[2026-09-09 08:02:03] Checkpoint 521/704 after PPXJ30013A; 13285 extracted rows
[2026-09-09 08:02:25] Checkpoint 522/704 after PPXJ30062A; 13305 extracted rows
[2026-09-09 08:02:44] Checkpoint 523/704 after PPXJ10003A; 13335 extracted rows
[2026-09-09 08:03:04] Checkpoint 524/704 after PPXJ30029B; 13365 extracted rows
[2026-09-09 08:03:24] Checkpoint 525/704 after PPXJ10001A; 13380 extracted rows
[2026-09-09 08:04:29] Checkpoint 526/704 after PP0H0A004; 13380 extracted rows
[2026-09-09 08:04:57] Checkpoint 527/704 after PPXF30050A; 13380 extracted rows
[2026-09-09 08:05:16] Checkpoint 528/704 after PPXH10036A; 13395 extracted rows
[2026-09-09 08:05:35] Checkpoint 529/704 after PPXF30007B; 13405 extracted rows
[2026-09-09 08:05:54] Checkpoint 530/704 after PPXD10002B; 13415 extracted rows
[2026-09-09 08:06:14] Checkpoint 531/704 after PPXJ30016B; 13425 extracted rows
[2026-09-09 08:06:32] Checkpoint 532/704 after PPXD10009C; 13440 extracted rows
[2026-09-09 08:06:50] Checkpoint 533/704 after PPXD10021E; 13455 extracted rows
[2026-09-09 08:07:09] Checkpoint 534/704 after PPXJ30018A; 13490 extracted rows
[2026-09-09 08:07:31] Checkpoint 535/704 after PPXJ30058G; 13535 extracted rows
[2026-09-09 08:07:49] Checkpoint 536/704 after PPXH10075A; 13540 extracted rows
[2026-09-09 08:08:02] Checkpoint 537/704 after PPXH10030A; 13558 extracted rows
[2026-09-09 08:08:21] Checkpoint 538/704 after PPXF30020A; 13568 extracted rows
[2026-09-09 08:08:39] Checkpoint 539/704 after PPXH30009G; 13640 extracted rows
[2026-09-09 08:08:58] Checkpoint 540/704 after PPXF10016B; 13650 extracted rows
[2026-09-09 08:08:58] Restarting stock browser before SKU PP2D00001D at position 541
[2026-09-09 08:09:27] Checkpoint 541/704 after PP2D00001D; 13670 extracted rows
[2026-09-09 08:09:38] Checkpoint 542/704 after PPXD10020C; 13730 extracted rows
[2026-09-09 08:09:55] Checkpoint 543/704 after PPXH30021D; 13784 extracted rows
[2026-09-09 08:10:26] Checkpoint 544/704 after PPXD10020G; 13784 extracted rows
[2026-09-09 08:10:45] Checkpoint 545/704 after PPXD10021C; 13799 extracted rows
[2026-09-09 08:11:05] Checkpoint 546/704 after PPXH30024C; 13844 extracted rows
[2026-09-09 08:11:23] Checkpoint 547/704 after PPXD10020L; 13904 extracted rows
[2026-09-09 08:11:39] Checkpoint 548/704 after PPXJ30018C; 13939 extracted rows
[2026-09-09 08:11:54] Checkpoint 549/704 after PPXF10025A; 13944 extracted rows
[2026-09-09 08:12:13] Checkpoint 550/704 after PPXH10023D; 13980 extracted rows
[2026-09-09 08:12:30] Checkpoint 551/704 after PPXF10001J; 14005 extracted rows
[2026-09-09 08:12:48] Checkpoint 552/704 after PPXJ30058E; 14050 extracted rows
[2026-09-09 08:13:10] Checkpoint 553/704 after PPXJ30029F; 14080 extracted rows
[2026-09-09 08:13:28] Checkpoint 554/704 after PPXH30061A; 14090 extracted rows
[2026-09-09 08:13:46] Checkpoint 555/704 after PPXH30021F; 14144 extracted rows
[2026-09-09 08:14:04] Checkpoint 556/704 after PP2H00008B; 14198 extracted rows
[2026-09-09 08:15:08] Checkpoint 557/704 after PPXD10007A; 14198 extracted rows
[2026-09-09 08:15:26] Checkpoint 558/704 after PP2H00023A; 14207 extracted rows
[2026-09-09 08:15:42] Checkpoint 559/704 after PP2J00009B; 14227 extracted rows
[2026-09-09 08:15:59] Checkpoint 560/704 after PPXJ10005G; 14252 extracted rows
[2026-09-09 08:16:17] Checkpoint 561/704 after PPXH30024G; 14297 extracted rows
[2026-09-09 08:16:33] Checkpoint 562/704 after PP2J00009A; 14317 extracted rows
[2026-09-09 08:16:48] Checkpoint 563/704 after PPXD10028C; 14327 extracted rows
[2026-09-09 08:17:05] Checkpoint 564/704 after PPXH10005B; 14354 extracted rows
[2026-09-09 08:17:17] Checkpoint 565/704 after PPXD10022A; 14364 extracted rows
[2026-09-09 08:17:35] Checkpoint 566/704 after PPXJ10003F; 14394 extracted rows
[2026-09-09 08:17:46] Checkpoint 567/704 after PPXJ10006F; 14419 extracted rows
[2026-09-09 08:18:02] Checkpoint 568/704 after PPXJ30002E; 14444 extracted rows
[2026-09-09 08:18:21] Checkpoint 569/704 after PPXH10035C; 14471 extracted rows
[2026-09-09 08:18:36] Checkpoint 570/704 after PPXF30035A; 14476 extracted rows
[2026-09-09 08:18:54] Checkpoint 571/704 after PPXH30037F; 14512 extracted rows
[2026-09-09 08:19:06] Checkpoint 572/704 after PPXD10003A; 14537 extracted rows
[2026-09-09 08:19:24] Checkpoint 573/704 after PPXJ30058I; 14582 extracted rows
[2026-09-09 08:19:40] Checkpoint 574/704 after PP2J00007B; 14597 extracted rows
[2026-09-09 08:20:08] Checkpoint 575/704 after PPXJ30024E; 14597 extracted rows
[2026-09-09 08:20:28] Checkpoint 576/704 after PPXH10036B; 14612 extracted rows
[2026-09-09 08:20:49] Checkpoint 577/704 after PPXJ10008G; 14647 extracted rows
[2026-09-09 08:21:08] Checkpoint 578/704 after PPXH10038B; 14665 extracted rows
[2026-09-09 08:21:27] Checkpoint 579/704 after PPXJ10009E; 14685 extracted rows
[2026-09-09 08:21:44] Checkpoint 580/704 after PPXJ10017A; 14695 extracted rows
[2026-09-09 08:22:03] Checkpoint 581/704 after PPXJ10009A; 14715 extracted rows
[2026-09-09 08:22:33] Checkpoint 582/704 after PPXJ30060A; 14715 extracted rows
[2026-09-09 08:22:54] Checkpoint 583/704 after PPXJ10001C; 14730 extracted rows
[2026-09-09 08:23:12] Checkpoint 584/704 after PPXJ10004D; 14745 extracted rows
[2026-09-09 08:23:30] Checkpoint 585/704 after PPXH30020C; 14799 extracted rows
[2026-09-09 08:23:44] Checkpoint 586/704 after PP2HC0039; 14817 extracted rows
[2026-09-09 08:24:03] Checkpoint 587/704 after PPXH30007A; 14862 extracted rows
[2026-09-09 08:24:34] Checkpoint 588/704 after PPXD10002C; 14862 extracted rows
[2026-09-09 08:24:52] Checkpoint 589/704 after PPXH10018B; 14898 extracted rows
[2026-09-09 08:25:14] Checkpoint 590/704 after PPXJ30052D; 14918 extracted rows
[2026-09-09 08:25:33] Checkpoint 591/704 after PPXJ30052A; 14938 extracted rows
[2026-09-09 08:25:54] Checkpoint 592/704 after PPXD10011D; 14958 extracted rows
[2026-09-09 08:26:18] Checkpoint 593/704 after PPXJ10008D; 14993 extracted rows
[2026-09-09 08:26:37] Checkpoint 594/704 after PP2H00021A; 15001 extracted rows
[2026-09-09 08:26:56] Checkpoint 595/704 after PP2H00010E; 15046 extracted rows
[2026-09-09 08:27:09] Checkpoint 596/704 after PP2H00022A; 15055 extracted rows
[2026-09-09 08:27:24] Checkpoint 597/704 after PPXJ30028I; 15085 extracted rows
[2026-09-09 08:27:37] Checkpoint 598/704 after PPXH10070A; 15094 extracted rows
[2026-09-09 08:27:56] Checkpoint 599/704 after PPXJ30001E; 15119 extracted rows
[2026-09-09 08:28:14] Checkpoint 600/704 after PPXH30023B; 15128 extracted rows
[2026-09-09 08:28:14] Restarting stock browser before SKU PPXH30057D at position 601
[2026-09-09 08:28:47] Stock browser login attempt 1/4 failed: Could not locate Profuomo login form fields
[2026-09-09 08:29:23] Stock browser login attempt 2/4 failed: Could not locate Profuomo login form fields
[2026-09-09 08:30:06] Checkpoint 601/704 after PPXH30057D; 15155 extracted rows
[2026-09-09 08:30:27] Checkpoint 602/704 after PPXH10058B; 15165 extracted rows
[2026-09-09 08:30:50] Checkpoint 603/704 after PPXJ30054D; 15185 extracted rows
[2026-09-09 08:31:12] Checkpoint 604/704 after PP2H00017A; 15203 extracted rows
[2026-09-09 08:31:30] Checkpoint 605/704 after PPXH10010C; 15248 extracted rows
[2026-09-09 08:31:49] Checkpoint 606/704 after PP2H00010A; 15293 extracted rows
[2026-09-09 08:32:07] Checkpoint 607/704 after PPXH30005A; 15320 extracted rows
[2026-09-09 08:32:25] Checkpoint 608/704 after PP2J00014A; 15340 extracted rows
[2026-09-09 08:32:42] Checkpoint 609/704 after PPXD10032C; 15360 extracted rows
[2026-09-09 08:32:59] Checkpoint 610/704 after PPXF30021C; 15365 extracted rows
[2026-09-09 08:33:17] Checkpoint 611/704 after PPXJ30048E; 15380 extracted rows
[2026-09-09 08:33:32] Checkpoint 612/704 after PP2HC0040; 15398 extracted rows
[2026-09-09 08:33:47] Checkpoint 613/704 after PPXF10027A; 15403 extracted rows
[2026-09-09 08:34:02] Checkpoint 614/704 after PP2H00014A; 15412 extracted rows
[2026-09-09 08:34:18] Checkpoint 615/704 after PPXJ10005E; 15437 extracted rows
[2026-09-09 08:34:34] Checkpoint 616/704 after PP2H00005A; 15482 extracted rows
[2026-09-09 08:34:52] Checkpoint 617/704 after PP2H00008D; 15536 extracted rows
[2026-09-09 08:35:12] Checkpoint 618/704 after PPXH10031D; 15581 extracted rows
[2026-09-09 08:35:44] Checkpoint 619/704 after PPXH30017C; 15581 extracted rows
[2026-09-09 08:36:12] Checkpoint 620/704 after PPXD10001B; 15591 extracted rows
[2026-09-09 08:36:42] Checkpoint 621/704 after PPXH10032A; 15591 extracted rows
[2026-09-09 08:37:03] Checkpoint 622/704 after PPXD10020H; 15651 extracted rows
[2026-09-09 08:37:26] Checkpoint 623/704 after PPXD10033D; 15676 extracted rows
[2026-09-09 08:37:46] Checkpoint 624/704 after PPXD10018A; 15686 extracted rows
[2026-09-09 08:38:06] Checkpoint 625/704 after PPXF10011E; 15701 extracted rows
[2026-09-09 08:38:20] Checkpoint 626/704 after PPXH10041B; 15728 extracted rows
[2026-09-09 08:38:41] Checkpoint 627/704 after PPXJ30027F; 15763 extracted rows
[2026-09-09 08:39:05] Checkpoint 628/704 after PPXJ30028H; 15793 extracted rows
[2026-09-09 08:39:38] Checkpoint 629/704 after PPXF30007D; 15793 extracted rows
[2026-09-09 08:39:56] Checkpoint 630/704 after PPXH30011A; 15802 extracted rows
[2026-09-09 08:40:17] Checkpoint 631/704 after PP2HC0007; 15811 extracted rows
[2026-09-09 08:41:31] Checkpoint 632/704 after PP0H0A005; 15811 extracted rows
[2026-09-09 08:41:49] Checkpoint 633/704 after PPXD10023C; 15836 extracted rows
[2026-09-09 08:42:08] Checkpoint 634/704 after PPXD10033B; 15861 extracted rows
[2026-09-09 08:42:28] Checkpoint 635/704 after PPXH30054D; 15897 extracted rows
[2026-09-09 08:42:46] Checkpoint 636/704 after PPXD10020S; 15957 extracted rows
[2026-09-09 08:43:03] Checkpoint 637/704 after PP2H00001B; 15993 extracted rows
[2026-09-09 08:43:24] Checkpoint 638/704 after PPXH10037D; 16020 extracted rows
[2026-09-09 08:44:29] Checkpoint 639/704 after PP0H0C002; 16020 extracted rows
[2026-09-09 08:44:42] Checkpoint 640/704 after PP2H00001C; 16056 extracted rows
[2026-09-09 08:44:56] Checkpoint 641/704 after PPXH10007C; 16083 extracted rows
[2026-09-09 08:45:36] Checkpoint 642/704 after PP2H00003A; 16083 extracted rows
[2026-09-09 08:45:58] Checkpoint 643/704 after PPXD10021D; 16098 extracted rows
[2026-09-09 08:46:20] Checkpoint 644/704 after PPXD10016A; 16128 extracted rows
[2026-09-09 08:46:37] Checkpoint 645/704 after PPXF30006D; 16148 extracted rows
[2026-09-09 08:46:53] Checkpoint 646/704 after PPXJ30020A; 16163 extracted rows
[2026-09-09 08:47:11] Checkpoint 647/704 after PPXH10031E; 16208 extracted rows
[2026-09-09 08:47:29] Checkpoint 648/704 after PPXF10001G; 16233 extracted rows
[2026-09-09 08:47:50] Checkpoint 649/704 after PPXF30006A; 16253 extracted rows
[2026-09-09 08:48:06] Checkpoint 650/704 after PPXJ30020C; 16268 extracted rows
[2026-09-09 08:48:24] Checkpoint 651/704 after PPXH30021J; 16322 extracted rows
[2026-09-09 08:48:44] Checkpoint 652/704 after PPXH10017A; 16430 extracted rows
[2026-09-09 08:49:05] Checkpoint 653/704 after PPXJ30055B; 16440 extracted rows
[2026-09-09 08:49:25] Checkpoint 654/704 after PPXJ30019E; 16460 extracted rows
[2026-09-09 08:49:44] Checkpoint 655/704 after PPXD10009A; 16475 extracted rows
[2026-09-09 08:50:01] Checkpoint 656/704 after PPXJ30017A; 16480 extracted rows
[2026-09-09 08:51:11] Checkpoint 657/704 after PPXD10005C; 16480 extracted rows
[2026-09-09 08:51:30] Checkpoint 658/704 after PPXJ30028F; 16510 extracted rows
[2026-09-09 08:51:51] Checkpoint 659/704 after PPXF10001B; 16535 extracted rows
[2026-09-09 08:52:11] Checkpoint 660/704 after PPXH30005B; 16562 extracted rows
[2026-09-09 08:52:11] Restarting stock browser before SKU PPXJ30015A at position 661
[2026-09-09 08:52:43] Checkpoint 661/704 after PPXJ30015A; 16572 extracted rows
[2026-09-09 08:53:03] Checkpoint 662/704 after PPXD10020F; 16632 extracted rows
[2026-09-09 08:53:22] Checkpoint 663/704 after PPXH10021C; 16657 extracted rows
[2026-09-09 08:53:40] Checkpoint 664/704 after PPXJ30034B; 16667 extracted rows
[2026-09-09 08:53:58] Checkpoint 665/704 after PP2HC10012; 16712 extracted rows
[2026-09-09 08:54:21] Checkpoint 666/704 after PPXH30024A; 16757 extracted rows
[2026-09-09 08:54:38] Checkpoint 667/704 after PP2J00007A; 16772 extracted rows
[2026-09-09 08:54:50] Checkpoint 668/704 after PP2J00013D; 16792 extracted rows
[2026-09-09 08:55:09] Checkpoint 669/704 after PPXJ10004B; 16807 extracted rows
[2026-09-09 08:55:27] Checkpoint 670/704 after PPXH30022C; 16861 extracted rows
[2026-09-09 08:55:42] Checkpoint 671/704 after PPXJ30026E; 16886 extracted rows
[2026-09-09 08:56:02] Checkpoint 672/704 after PPXJ30055C; 16896 extracted rows
[2026-09-09 08:56:27] Checkpoint 673/704 after PPXH30016B; 16923 extracted rows
[2026-09-09 08:56:56] Checkpoint 674/704 after PPXD10010C; 16923 extracted rows
[2026-09-09 08:57:16] Checkpoint 675/704 after PPXJ30036A; 16933 extracted rows
[2026-09-09 08:57:35] Checkpoint 676/704 after PP2H00005B; 16978 extracted rows
[2026-09-09 08:57:54] Checkpoint 677/704 after PPXD10019D; 17043 extracted rows
[2026-09-09 08:58:14] Checkpoint 678/704 after PPXJ10013A; 17053 extracted rows
[2026-09-09 08:58:31] Checkpoint 679/704 after PPXH10055B; 17080 extracted rows
[2026-09-09 08:58:48] Checkpoint 680/704 after PP2J00008B; 17100 extracted rows
[2026-09-09 08:59:04] Checkpoint 681/704 after PPXJ30030G; 17125 extracted rows
[2026-09-09 09:00:07] Checkpoint 682/704 after PP0H0A002; 17125 extracted rows
[2026-09-09 09:00:31] Checkpoint 683/704 after PPXD10029C; 17140 extracted rows
[2026-09-09 09:00:54] Checkpoint 684/704 after PP2H00010D; 17185 extracted rows
[2026-09-09 09:01:16] Checkpoint 685/704 after PPXD10033E; 17210 extracted rows
[2026-09-09 09:01:33] Checkpoint 686/704 after PPXH30013A; 17219 extracted rows
[2026-09-09 09:01:45] Checkpoint 687/704 after PPXH10032B; 17300 extracted rows
[2026-09-09 09:02:04] Checkpoint 688/704 after PPXD10019L; 17365 extracted rows
[2026-09-09 09:03:06] Checkpoint 689/704 after PP0H0C0006; 17365 extracted rows
[2026-09-09 09:03:33] Checkpoint 690/704 after PPXJ30036B; 17365 extracted rows
[2026-09-09 09:03:48] Checkpoint 691/704 after PPXH10036E; 17380 extracted rows
[2026-09-09 09:04:51] Checkpoint 692/704 after PP5N00002B; 17380 extracted rows
[2026-09-09 09:05:12] Checkpoint 693/704 after PPXJ30023A; 17405 extracted rows
[2026-09-09 09:05:32] Checkpoint 694/704 after PPXH30030B; 17423 extracted rows
[2026-09-09 09:05:53] Checkpoint 695/704 after PPXJ30013F; 17443 extracted rows
[2026-09-09 09:06:15] Checkpoint 696/704 after PPXJ30001A; 17468 extracted rows
[2026-09-09 09:06:34] Checkpoint 697/704 after PPXH10010H; 17513 extracted rows
[2026-09-09 09:06:54] Checkpoint 698/704 after PPXJ30053A; 17528 extracted rows
[2026-09-09 09:07:14] Checkpoint 699/704 after PPXH30022E; 17582 extracted rows
[2026-09-09 09:07:35] Checkpoint 700/704 after PPXH10031C; 17627 extracted rows
[2026-09-09 09:07:55] Checkpoint 701/704 after PPXH10023B; 17663 extracted rows
[2026-09-09 09:08:16] Checkpoint 702/704 after PPXJ10009C; 17683 extracted rows
[2026-09-09 09:08:35] Checkpoint 703/704 after PPXJ30003D; 17708 extracted rows
[2026-09-09 09:08:53] Checkpoint 704/704 after PPXD10032D; 17728 extracted rows
[2026-09-09 09:08:59] Stock run completed: 704 SKUs, 4943 output rows
[2026-09-10 05:00:20] Stock run started: 704 total, 0 resumed, 704 pending
[2026-09-10 05:00:47] Checkpoint 1/704 after PPXD10018B; 10 extracted rows
[2026-09-10 05:01:06] Checkpoint 2/704 after PPXF10016A; 20 extracted rows
[2026-09-10 05:01:25] Checkpoint 3/704 after PPXH10018C; 56 extracted rows
[2026-09-10 05:01:43] Checkpoint 4/704 after PPXD10011C; 76 extracted rows
[2026-09-10 05:02:00] Checkpoint 5/704 after PP2J00014C; 96 extracted rows
[2026-09-10 05:02:18] Checkpoint 6/704 after PPXF10032C; 111 extracted rows
[2026-09-10 05:02:35] Checkpoint 7/704 after PPXD10030D; 141 extracted rows
[2026-09-10 05:02:53] Checkpoint 8/704 after PPXH10042A; 159 extracted rows
[2026-09-10 05:03:11] Checkpoint 9/704 after PPXH10033B; 195 extracted rows
[2026-09-10 05:03:28] Checkpoint 10/704 after PPXH30014A; 222 extracted rows
[2026-09-10 05:03:46] Checkpoint 11/704 after PP2J00010B; 242 extracted rows
[2026-09-10 05:04:06] Checkpoint 12/704 after PPXJ30008D; 267 extracted rows
[2026-09-10 05:04:23] Checkpoint 13/704 after PPXF10012A; 272 extracted rows
[2026-09-10 05:04:39] Checkpoint 14/704 after PPXH10007B; 299 extracted rows
[2026-09-10 05:04:56] Checkpoint 15/704 after PPXJ10005B; 324 extracted rows
[2026-09-10 05:05:16] Checkpoint 16/704 after PP2H00010B; 369 extracted rows
[2026-09-10 05:05:35] Checkpoint 17/704 after PPXH30027B; 387 extracted rows
[2026-09-10 05:06:05] Checkpoint 18/704 after PPXH10010A; 387 extracted rows
[2026-09-10 05:06:18] Checkpoint 19/704 after PPXD10003D; 412 extracted rows
[2026-09-10 05:06:47] Checkpoint 20/704 after PPXJ10009D; 412 extracted rows
[2026-09-10 05:07:16] Checkpoint 21/704 after PPXJ10001E; 412 extracted rows
[2026-09-10 05:07:34] Checkpoint 22/704 after PPXJ30012E; 437 extracted rows
[2026-09-10 05:07:52] Checkpoint 23/704 after PPXH30018A; 446 extracted rows
[2026-09-10 05:08:08] Checkpoint 24/704 after PPXJ30027G; 481 extracted rows
[2026-09-10 05:08:26] Checkpoint 25/704 after PPXJ30022D; 501 extracted rows
[2026-09-10 05:08:43] Checkpoint 26/704 after PP2J00007C; 516 extracted rows
[2026-09-10 05:09:02] Checkpoint 27/704 after PP2H00001A; 552 extracted rows
[2026-09-10 05:09:24] Checkpoint 28/704 after PPXH10022C; 588 extracted rows
[2026-09-10 05:09:42] Checkpoint 29/704 after PPXH10055A; 615 extracted rows
[2026-09-10 05:10:01] Checkpoint 30/704 after PPXJ30029E; 645 extracted rows
[2026-09-10 05:10:23] Checkpoint 31/704 after PPXJ30036C; 655 extracted rows
[2026-09-10 05:10:39] Checkpoint 32/704 after PPXD10003B; 680 extracted rows
[2026-09-10 05:11:02] Checkpoint 33/704 after PPXJ30024D; 695 extracted rows
[2026-09-10 05:11:22] Checkpoint 34/704 after PPXH10035B; 722 extracted rows
[2026-09-10 05:11:41] Checkpoint 35/704 after PPXJ30028A; 752 extracted rows
[2026-09-10 05:12:01] Checkpoint 36/704 after PPXJ30026B; 777 extracted rows
[2026-09-10 05:12:22] Checkpoint 37/704 after PPXH10032M; 858 extracted rows
[2026-09-10 05:12:41] Checkpoint 38/704 after PPXJ30034A; 868 extracted rows
[2026-09-10 05:13:00] Checkpoint 39/704 after PPXH30021K; 922 extracted rows
[2026-09-10 05:14:04] Checkpoint 40/704 after PP0H0A024; 922 extracted rows
[2026-09-10 05:14:15] Checkpoint 41/704 after PPXF30014B; 932 extracted rows
[2026-09-10 05:14:31] Checkpoint 42/704 after PPXF30006C; 952 extracted rows
[2026-09-10 05:14:49] Checkpoint 43/704 after PPXH30069A; 972 extracted rows
[2026-09-10 05:15:09] Checkpoint 44/704 after PPXJ30058B; 1017 extracted rows
[2026-09-10 05:15:29] Checkpoint 45/704 after PPXJ30031F; 1037 extracted rows
[2026-09-10 05:15:49] Checkpoint 46/704 after PPXF30011E; 1077 extracted rows
[2026-09-10 05:16:12] Checkpoint 47/704 after PPXJ10006E; 1102 extracted rows
[2026-09-10 05:16:24] Checkpoint 48/704 after PPXJ10005F; 1127 extracted rows
[2026-09-10 05:16:41] Checkpoint 49/704 after PP2J00009C; 1147 extracted rows
[2026-09-10 05:16:59] Checkpoint 50/704 after PPXJ30010D; 1172 extracted rows
[2026-09-10 05:17:32] Checkpoint 51/704 after PPXJ30028B; 1172 extracted rows
[2026-09-10 05:18:14] Checkpoint 52/704 after PP2J00001A; 1192 extracted rows
[2026-09-10 05:18:38] Checkpoint 53/704 after PPXJ30060D; 1207 extracted rows
[2026-09-10 05:18:59] Checkpoint 54/704 after PPXD10030E; 1237 extracted rows
[2026-09-10 05:19:19] Checkpoint 55/704 after PPXJ30015B; 1247 extracted rows
[2026-09-10 05:19:33] Checkpoint 56/704 after PPXJ30030A; 1272 extracted rows
[2026-09-10 05:19:52] Checkpoint 57/704 after PPXH10013A; 1281 extracted rows
[2026-09-10 05:20:12] Checkpoint 58/704 after PPXH30066A; 1291 extracted rows
[2026-09-10 05:20:25] Checkpoint 59/704 after PPXJ30014A; 1296 extracted rows
[2026-09-10 05:20:45] Checkpoint 60/704 after PPXH10021F; 1321 extracted rows
[2026-09-10 05:20:45] Restarting stock browser before SKU PPXD10016B at position 61
[2026-09-10 05:21:15] Checkpoint 61/704 after PPXD10016B; 1351 extracted rows
[2026-09-10 05:21:35] Checkpoint 62/704 after PPXH10032H; 1432 extracted rows
[2026-09-10 05:22:41] Checkpoint 63/704 after PP0H0A027; 1432 extracted rows
[2026-09-10 05:23:00] Checkpoint 64/704 after PPXD10011A; 1452 extracted rows
[2026-09-10 05:23:22] Checkpoint 65/704 after PPXJ10005D; 1477 extracted rows
[2026-09-10 05:23:41] Checkpoint 66/704 after PPXJ30027A; 1512 extracted rows
[2026-09-10 05:23:55] Checkpoint 67/704 after PPXJ10016B; 1532 extracted rows
[2026-09-10 05:24:18] Checkpoint 68/704 after PPXH10017P; 1640 extracted rows
[2026-09-10 05:24:41] Checkpoint 69/704 after PPXF10001C; 1665 extracted rows
[2026-09-10 05:24:56] Checkpoint 70/704 after PPXJ30062C; 1685 extracted rows
[2026-09-10 05:25:31] Checkpoint 71/704 after PPXD10009B; 1685 extracted rows
[2026-09-10 05:25:55] Checkpoint 72/704 after PPXD10029A; 1700 extracted rows
[2026-09-10 05:26:16] Checkpoint 73/704 after PP2J00014B; 1720 extracted rows
[2026-09-10 05:26:31] Checkpoint 74/704 after PPXJ30028D; 1750 extracted rows
[2026-09-10 05:26:44] Checkpoint 75/704 after PPXJ30050A; 1760 extracted rows
[2026-09-10 05:27:04] Checkpoint 76/704 after PPXJ30031A; 1780 extracted rows
[2026-09-10 05:27:29] Checkpoint 77/704 after PPXH10032L; 1861 extracted rows
[2026-09-10 05:27:51] Checkpoint 78/704 after PP2H00010C; 1906 extracted rows
[2026-09-10 05:28:11] Checkpoint 79/704 after PPXJ30029C; 1936 extracted rows
[2026-09-10 05:28:28] Checkpoint 80/704 after PPXH10005A; 1963 extracted rows
[2026-09-10 05:28:48] Checkpoint 81/704 after PPXJ10002B; 1978 extracted rows
[2026-09-10 05:29:06] Checkpoint 82/704 after PPXF30013A; 1988 extracted rows
[2026-09-10 05:29:27] Checkpoint 83/704 after PPXH10032N; 2069 extracted rows
[2026-09-10 05:29:47] Checkpoint 84/704 after PP2HC10008; 2078 extracted rows
[2026-09-10 05:30:10] Checkpoint 85/704 after PPXH10040A; 2087 extracted rows
[2026-09-10 05:30:33] Checkpoint 86/704 after PPXJ10008B; 2122 extracted rows
[2026-09-10 05:30:55] Checkpoint 87/704 after PPXF30012C; 2132 extracted rows
[2026-09-10 05:31:15] Checkpoint 88/704 after PPXJ10021A; 2152 extracted rows
[2026-09-10 05:31:31] Checkpoint 89/704 after PPXJ10014B; 2162 extracted rows
[2026-09-10 05:31:50] Checkpoint 90/704 after PPXF30011D; 2202 extracted rows
[2026-09-10 05:32:10] Checkpoint 91/704 after PPXH10017L; 2310 extracted rows
[2026-09-10 05:32:41] Checkpoint 92/704 after PPXH30021H; 2310 extracted rows
[2026-09-10 05:32:58] Checkpoint 93/704 after PP2HC0001; 2319 extracted rows
[2026-09-10 05:33:15] Checkpoint 94/704 after PPXD10019J; 2384 extracted rows
[2026-09-10 05:33:33] Checkpoint 95/704 after PPXH10022B; 2420 extracted rows
[2026-09-10 05:33:51] Checkpoint 96/704 after PPXD10016E; 2450 extracted rows
[2026-09-10 05:34:08] Checkpoint 97/704 after PPXJ30031E; 2470 extracted rows
[2026-09-10 05:34:24] Checkpoint 98/704 after PPXJ30031G; 2490 extracted rows
[2026-09-10 05:34:41] Checkpoint 99/704 after PPXH30050B; 2508 extracted rows
[2026-09-10 05:35:00] Checkpoint 100/704 after PP2HC0011; 2508 extracted rows
[2026-09-10 05:35:21] Checkpoint 101/704 after PPXH10006A; 2517 extracted rows
[2026-09-10 05:35:41] Checkpoint 102/704 after PPXF30012A; 2527 extracted rows
[2026-09-10 05:36:02] Checkpoint 103/704 after PPXH30014B; 2554 extracted rows
[2026-09-10 05:36:23] Checkpoint 104/704 after PPXH30024F; 2599 extracted rows
[2026-09-10 05:36:42] Checkpoint 105/704 after PPXJ10009C; 2619 extracted rows
[2026-09-10 05:36:59] Checkpoint 106/704 after PPXH10065A; 2628 extracted rows
[2026-09-10 05:37:28] Checkpoint 107/704 after PPXJ10002D; 2628 extracted rows
[2026-09-10 05:37:45] Checkpoint 108/704 after PP2H00015A; 2637 extracted rows
[2026-09-10 05:38:03] Checkpoint 109/704 after PPXH10055D; 2664 extracted rows
[2026-09-10 05:38:23] Checkpoint 110/704 after PPXJ30018D; 2699 extracted rows
[2026-09-10 05:38:43] Checkpoint 111/704 after PPXH30016D; 2726 extracted rows
[2026-09-10 05:39:03] Checkpoint 112/704 after PPXJ30008F; 2751 extracted rows
[2026-09-10 05:39:16] Checkpoint 113/704 after PPXF30011G; 2791 extracted rows
[2026-09-10 05:39:34] Checkpoint 114/704 after PPXJ30030I; 2816 extracted rows
[2026-09-10 05:39:52] Checkpoint 115/704 after PPXH30054A; 2852 extracted rows
[2026-09-10 05:40:06] Checkpoint 116/704 after PPXH30006C; 2879 extracted rows
[2026-09-10 05:40:24] Checkpoint 117/704 after PPXD10019Q; 2944 extracted rows
[2026-09-10 05:40:50] Checkpoint 118/704 after PPXH10033D; 2980 extracted rows
[2026-09-10 05:41:11] Checkpoint 119/704 after PP2H00012A; 2998 extracted rows
[2026-09-10 05:41:26] Checkpoint 120/704 after PPXH30020E; 3052 extracted rows
[2026-09-10 05:41:26] Restarting stock browser before SKU PPXH10022D at position 121
[2026-09-10 05:41:57] Checkpoint 121/704 after PPXH10022D; 3088 extracted rows
[2026-09-10 05:42:18] Checkpoint 122/704 after PPXH10009A; 3097 extracted rows
[2026-09-10 05:42:37] Checkpoint 123/704 after PP2HC10011; 3151 extracted rows
[2026-09-10 05:42:55] Checkpoint 124/704 after PPXJ10009B; 3171 extracted rows
[2026-09-10 05:43:13] Checkpoint 125/704 after PPXF30011F; 3211 extracted rows
[2026-09-10 05:43:31] Checkpoint 126/704 after PP2H00013B; 3229 extracted rows
[2026-09-10 05:43:49] Checkpoint 127/704 after PP2D00001B; 3249 extracted rows
[2026-09-10 05:44:51] Checkpoint 128/704 after PPXD10032B; 3249 extracted rows
[2026-09-10 05:45:21] Checkpoint 129/704 after PPXF30011C; 3249 extracted rows
[2026-09-10 05:45:40] Checkpoint 130/704 after PPXH30016C; 3276 extracted rows
[2026-09-10 05:45:58] Checkpoint 131/704 after PPXF30011I; 3316 extracted rows
[2026-09-10 05:46:16] Checkpoint 132/704 after PPXH30012C; 3325 extracted rows
[2026-09-10 05:46:32] Checkpoint 133/704 after PPXH10037A; 3352 extracted rows
[2026-09-10 05:46:50] Checkpoint 134/704 after PPXJ10016C; 3372 extracted rows
[2026-09-10 05:47:09] Checkpoint 135/704 after PPXJ30061B; 3382 extracted rows
[2026-09-10 05:47:28] Checkpoint 136/704 after PPXH30009F; 3454 extracted rows
[2026-09-10 05:47:58] Checkpoint 137/704 after PPXJ30030F; 3454 extracted rows
[2026-09-10 05:48:16] Checkpoint 138/704 after PPXH10022A; 3490 extracted rows
[2026-09-10 05:48:34] Checkpoint 139/704 after PPXD10022B; 3500 extracted rows
[2026-09-10 05:48:50] Checkpoint 140/704 after PPXD10030C; 3530 extracted rows
[2026-09-10 05:49:04] Checkpoint 141/704 after PPXD10020D; 3590 extracted rows
[2026-09-10 05:49:21] Checkpoint 142/704 after PPXJ30018G; 3625 extracted rows
[2026-09-10 05:49:37] Checkpoint 143/704 after PPXJ30008C; 3650 extracted rows
[2026-09-10 05:49:54] Checkpoint 144/704 after PPXH30069B; 3670 extracted rows
[2026-09-10 05:50:15] Checkpoint 145/704 after PPXJ30024F; 3685 extracted rows
[2026-09-10 05:50:33] Checkpoint 146/704 after PPXD10020B; 3745 extracted rows
[2026-09-10 05:50:52] Checkpoint 147/704 after PPXD10025B; 3750 extracted rows
[2026-09-10 05:51:11] Checkpoint 148/704 after PPXD10033A; 3775 extracted rows
[2026-09-10 05:51:28] Checkpoint 149/704 after PPXH10017Q; 3883 extracted rows
[2026-09-10 05:51:45] Checkpoint 150/704 after PPXH10044A; 3892 extracted rows
[2026-09-10 05:52:43] Checkpoint 151/704 after PP0H0A003; 3892 extracted rows
[2026-09-10 05:52:57] Checkpoint 152/704 after PPXH10015A; 3901 extracted rows
[2026-09-10 05:53:08] Checkpoint 153/704 after PPXD10019K; 3966 extracted rows
[2026-09-10 05:53:25] Checkpoint 154/704 after PPXF30051A; 3971 extracted rows
[2026-09-10 05:53:40] Checkpoint 155/704 after PPXF30022C; 3986 extracted rows
[2026-09-10 05:53:56] Checkpoint 156/704 after PPXH10021E; 4011 extracted rows
[2026-09-10 05:54:13] Checkpoint 157/704 after PPXH10041C; 4038 extracted rows
[2026-09-10 05:54:30] Checkpoint 158/704 after PPXD10019C; 4103 extracted rows
[2026-09-10 05:54:47] Checkpoint 159/704 after PPXH10011A; 4121 extracted rows
[2026-09-10 05:55:04] Checkpoint 160/704 after PP2H00012B; 4139 extracted rows
[2026-09-10 05:55:21] Checkpoint 161/704 after PPXJ30019C; 4159 extracted rows
[2026-09-10 05:55:39] Checkpoint 162/704 after PPXH10017E; 4267 extracted rows
[2026-09-10 05:56:03] Checkpoint 163/704 after PPXH30050A; 4285 extracted rows
[2026-09-10 05:56:22] Checkpoint 164/704 after PPXH10074A; 4294 extracted rows
[2026-09-10 05:56:43] Checkpoint 165/704 after PPXJ10006D; 4319 extracted rows
[2026-09-10 05:57:01] Checkpoint 166/704 after PPXD10017A; 4334 extracted rows
[2026-09-10 05:57:31] Checkpoint 167/704 after PPXD10012C; 4334 extracted rows
[2026-09-10 05:57:49] Checkpoint 168/704 after PPXD10019P; 4399 extracted rows
[2026-09-10 05:58:07] Checkpoint 169/704 after PPXH30020H; 4453 extracted rows
[2026-09-10 05:58:27] Checkpoint 170/704 after PPXF10032B; 4468 extracted rows
[2026-09-10 05:58:54] Checkpoint 171/704 after PPXD10001G; 4468 extracted rows
[2026-09-10 05:59:12] Checkpoint 172/704 after PPXJ30019A; 4488 extracted rows
[2026-09-10 05:59:31] Checkpoint 173/704 after PPXH10017D; 4596 extracted rows
[2026-09-10 05:59:44] Checkpoint 174/704 after PPXJ30051A; 4601 extracted rows
[2026-09-10 06:00:11] Checkpoint 175/704 after PPXH30007C; 4646 extracted rows
[2026-09-10 06:00:38] Checkpoint 176/704 after PP2J00013B; 4666 extracted rows
[2026-09-10 06:01:11] Checkpoint 177/704 after PPXJ30058C; 4711 extracted rows
[2026-09-10 06:01:34] Checkpoint 178/704 after PPXH10023A; 4747 extracted rows
[2026-09-10 06:01:51] Checkpoint 179/704 after PPXF10014B; 4752 extracted rows
[2026-09-10 06:02:22] Checkpoint 180/704 after PPXJ30057A; 4782 extracted rows
[2026-09-10 06:02:22] Restarting stock browser before SKU PPXD10025A at position 181
[2026-09-10 06:03:03] Checkpoint 181/704 after PPXD10025A; 4787 extracted rows
[2026-09-10 06:03:26] Checkpoint 182/704 after PPXH30041A; 4796 extracted rows
[2026-09-10 06:03:45] Checkpoint 183/704 after PPXD10017B; 4811 extracted rows
[2026-09-10 06:04:04] Checkpoint 184/704 after PPXF10011A; 4826 extracted rows
[2026-09-10 06:04:25] Checkpoint 185/704 after PPXF30014A; 4836 extracted rows
[2026-09-10 06:04:43] Checkpoint 186/704 after PPXD10011E; 4856 extracted rows
[2026-09-10 06:05:02] Checkpoint 187/704 after PPXJ30062E; 4876 extracted rows
[2026-09-10 06:05:23] Checkpoint 188/704 after PPXJ30019D; 4896 extracted rows
[2026-09-10 06:05:41] Checkpoint 189/704 after PPXH10034B; 4932 extracted rows
[2026-09-10 06:06:01] Checkpoint 190/704 after PPXD10007I; 4972 extracted rows
[2026-09-10 06:06:32] Checkpoint 191/704 after PPXD10011B; 4972 extracted rows
[2026-09-10 06:06:49] Checkpoint 192/704 after PPXH30021C; 5026 extracted rows
[2026-09-10 06:07:06] Checkpoint 193/704 after PPXF10026A; 5031 extracted rows
[2026-09-10 06:07:19] Checkpoint 194/704 after PPXD10019A; 5096 extracted rows
[2026-09-10 06:07:37] Checkpoint 195/704 after PPXF30022E; 5111 extracted rows
[2026-09-10 06:08:03] Checkpoint 196/704 after PPXH10017F; 5111 extracted rows
[2026-09-10 06:08:19] Checkpoint 197/704 after PP2J00008C; 5131 extracted rows
[2026-09-10 06:08:30] Checkpoint 198/704 after PP2J00014D; 5151 extracted rows
[2026-09-10 06:08:46] Checkpoint 199/704 after PPXH10017C; 5259 extracted rows
[2026-09-10 06:09:05] Checkpoint 200/704 after PPXD10030F; 5289 extracted rows
[2026-09-10 06:09:18] Checkpoint 201/704 after PP2HC0013; 5309 extracted rows
[2026-09-10 06:09:34] Checkpoint 202/704 after PPXH10067A; 5318 extracted rows
[2026-09-10 06:09:50] Checkpoint 203/704 after PPXJ30007D; 5328 extracted rows
[2026-09-10 06:10:12] Checkpoint 204/704 after PP2J00001C; 5348 extracted rows
[2026-09-10 06:10:32] Checkpoint 205/704 after PP2D00001C; 5368 extracted rows
[2026-09-10 06:10:55] Checkpoint 206/704 after PPXJ10002A; 5383 extracted rows
[2026-09-10 06:11:11] Checkpoint 207/704 after PPXJ30030B; 5408 extracted rows
[2026-09-10 06:11:43] Checkpoint 208/704 after PPXJ30036D; 5408 extracted rows
[2026-09-10 06:12:03] Checkpoint 209/704 after PPXJ10016D; 5428 extracted rows
[2026-09-10 06:12:22] Checkpoint 210/704 after PPXD10001A; 5438 extracted rows
[2026-09-10 06:12:40] Checkpoint 211/704 after PPXH10019C; 5465 extracted rows
[2026-09-10 06:13:00] Checkpoint 212/704 after PPXH30037I; 5501 extracted rows
[2026-09-10 06:13:22] Checkpoint 213/704 after PPXJ30027B; 5536 extracted rows
[2026-09-10 06:13:42] Checkpoint 214/704 after PPXH30017A; 5545 extracted rows
[2026-09-10 06:14:00] Checkpoint 215/704 after PPXJ30058A; 5590 extracted rows
[2026-09-10 06:14:21] Checkpoint 216/704 after PPXH30020A; 5644 extracted rows
[2026-09-10 06:14:35] Checkpoint 217/704 after PP2H00011B; 5671 extracted rows
[2026-09-10 06:14:54] Checkpoint 218/704 after PPXJ30058F; 5716 extracted rows
[2026-09-10 06:15:17] Checkpoint 219/704 after PPXH30046A; 5725 extracted rows
[2026-09-10 06:16:25] Checkpoint 220/704 after PP0H0A001; 5725 extracted rows
[2026-09-10 06:16:43] Checkpoint 221/704 after PPXJ10003D; 5755 extracted rows
[2026-09-10 06:17:00] Checkpoint 222/704 after PPXH10034A; 5791 extracted rows
[2026-09-10 06:17:20] Checkpoint 223/704 after PPXJ10008F; 5826 extracted rows
[2026-09-10 06:17:38] Checkpoint 224/704 after PPXH30022F; 5880 extracted rows
[2026-09-10 06:17:55] Checkpoint 225/704 after PPXJ30022E; 5900 extracted rows
[2026-09-10 06:18:27] Checkpoint 226/704 after PPXH10049A; 5900 extracted rows
[2026-09-10 06:18:49] Checkpoint 227/704 after PPXH30037B; 5936 extracted rows
[2026-09-10 06:19:10] Checkpoint 228/704 after PPXJ30027E; 5971 extracted rows
[2026-09-10 06:19:32] Checkpoint 229/704 after PPXH30032D; 6006 extracted rows
[2026-09-10 06:20:01] Checkpoint 230/704 after PPXD10007C; 6006 extracted rows
[2026-09-10 06:20:27] Checkpoint 231/704 after PPXH10017K; 6114 extracted rows
[2026-09-10 06:20:56] Checkpoint 232/704 after PPXJ30048D; 6129 extracted rows
[2026-09-10 06:21:19] Checkpoint 233/704 after PPXD10032A; 6149 extracted rows
[2026-09-10 06:21:53] Checkpoint 234/704 after PPXD10001F; 6149 extracted rows
[2026-09-10 06:22:14] Checkpoint 235/704 after PPXJ30050B; 6159 extracted rows
[2026-09-10 06:22:36] Checkpoint 236/704 after PPXH10017S; 6267 extracted rows
[2026-09-10 06:22:59] Checkpoint 237/704 after PPXJ30054B; 6287 extracted rows
[2026-09-10 06:23:15] Checkpoint 238/704 after PPXF30011H; 6327 extracted rows
[2026-09-10 06:24:34] Checkpoint 239/704 after PP2J00012C; 6327 extracted rows
[2026-09-10 06:24:54] Checkpoint 240/704 after PPXD10016D; 6357 extracted rows
[2026-09-10 06:24:54] Restarting stock browser before SKU PP2H00011A at position 241
[2026-09-10 06:25:33] Checkpoint 241/704 after PP2H00011A; 6384 extracted rows
[2026-09-10 06:25:58] Checkpoint 242/704 after PPXJ10020B; 6404 extracted rows
[2026-09-10 06:26:26] Checkpoint 243/704 after PPXJ10021D; 6424 extracted rows
[2026-09-10 06:26:47] Checkpoint 244/704 after PPXJ30025F; 6434 extracted rows
[2026-09-10 06:27:06] Checkpoint 245/704 after PPXD10002A; 6444 extracted rows
[2026-09-10 06:27:29] Checkpoint 246/704 after PPXH10007A; 6471 extracted rows
[2026-09-10 06:27:47] Checkpoint 247/704 after PPXH10021B; 6496 extracted rows
[2026-09-10 06:28:06] Checkpoint 248/704 after PP2H00008A; 6550 extracted rows
[2026-09-10 06:28:28] Checkpoint 249/704 after PPXD10020J; 6610 extracted rows
[2026-09-10 06:28:48] Checkpoint 250/704 after PPXH10066C; 6637 extracted rows
[2026-09-10 06:29:11] Checkpoint 251/704 after PPXJ10002E; 6652 extracted rows
[2026-09-10 06:29:33] Checkpoint 252/704 after PP2J00010C; 6672 extracted rows
[2026-09-10 06:29:52] Checkpoint 253/704 after PPXF10013A; 6682 extracted rows
[2026-09-10 06:30:30] Checkpoint 254/704 after PPXH10017I; 6682 extracted rows
[2026-09-10 06:30:51] Checkpoint 255/704 after PPXF10034A; 6687 extracted rows
[2026-09-10 06:31:12] Checkpoint 256/704 after PP2J00010D; 6707 extracted rows
[2026-09-10 06:31:42] Checkpoint 257/704 after PPXD10019E; 6707 extracted rows
[2026-09-10 06:31:59] Checkpoint 258/704 after PPXJ30047B; 6722 extracted rows
[2026-09-10 06:32:18] Checkpoint 259/704 after PPXJ30063D; 6742 extracted rows
[2026-09-10 06:32:35] Checkpoint 260/704 after PPXD10007G; 6782 extracted rows
[2026-09-10 06:32:54] Checkpoint 261/704 after PPXJ30062D; 6802 extracted rows
[2026-09-10 06:33:22] Checkpoint 262/704 after PPXD10029B; 6802 extracted rows
[2026-09-10 06:33:39] Checkpoint 263/704 after PPXH10034D; 6838 extracted rows
[2026-09-10 06:33:56] Checkpoint 264/704 after PPXJ30003A; 6863 extracted rows
[2026-09-10 06:34:13] Checkpoint 265/704 after PPXD10023E; 6888 extracted rows
[2026-09-10 06:34:30] Checkpoint 266/704 after PP2H00017B; 6906 extracted rows
[2026-09-10 06:34:46] Checkpoint 267/704 after PPXH30010A; 6915 extracted rows
[2026-09-10 06:35:07] Checkpoint 268/704 after PP2H00011C; 6942 extracted rows
[2026-09-10 06:35:28] Checkpoint 269/704 after PP2J00001B; 6962 extracted rows
[2026-09-10 06:35:43] Checkpoint 270/704 after PPXF30006B; 6982 extracted rows
[2026-09-10 06:36:04] Checkpoint 271/704 after PPXH30020F; 7036 extracted rows
[2026-09-10 06:36:38] Checkpoint 272/704 after PPXJ30029D; 7036 extracted rows
[2026-09-10 06:36:57] Checkpoint 273/704 after PPXH10023C; 7072 extracted rows
[2026-09-10 06:38:13] Checkpoint 274/704 after PP0H0A028; 7072 extracted rows
[2026-09-10 06:38:37] Checkpoint 275/704 after PPXD10019O; 7137 extracted rows
[2026-09-10 06:39:01] Checkpoint 276/704 after PPXJ30053C; 7152 extracted rows
[2026-09-10 06:39:30] Checkpoint 277/704 after PPXD10020K; 7212 extracted rows
[2026-09-10 06:39:54] Checkpoint 278/704 after PP2J00008D; 7232 extracted rows
[2026-09-10 06:40:20] Checkpoint 279/704 after PPXJ30026G; 7257 extracted rows
[2026-09-10 06:40:47] Checkpoint 280/704 after PPXJ30030D; 7282 extracted rows
[2026-09-10 06:41:04] Checkpoint 281/704 after PPXH30006B; 7309 extracted rows
[2026-09-10 06:41:29] Checkpoint 282/704 after PPXJ30008E; 7334 extracted rows
[2026-09-10 06:41:45] Checkpoint 283/704 after PPXH10059A; 7339 extracted rows
[2026-09-10 06:42:00] Checkpoint 284/704 after PPXJ30054C; 7359 extracted rows
[2026-09-10 06:42:23] Checkpoint 285/704 after PPXJ30058D; 7404 extracted rows
[2026-09-10 06:42:45] Checkpoint 286/704 after PP2HC0006; 7413 extracted rows
[2026-09-10 06:43:04] Checkpoint 287/704 after PPXH30030C; 7431 extracted rows
[2026-09-10 06:43:36] Checkpoint 288/704 after PPXJ10002C; 7431 extracted rows
[2026-09-10 06:44:12] Checkpoint 289/704 after PPXH10004A; 7431 extracted rows
[2026-09-10 06:44:33] Checkpoint 290/704 after PPXJ10021B; 7451 extracted rows
[2026-09-10 06:44:54] Checkpoint 291/704 after PPXH10039B; 7469 extracted rows
[2026-09-10 06:45:13] Checkpoint 292/704 after PPXF10001I; 7494 extracted rows
[2026-09-10 06:45:29] Checkpoint 293/704 after PP2J00010A; 7514 extracted rows
[2026-09-10 06:45:50] Checkpoint 294/704 after PPXJ10017B; 7524 extracted rows
[2026-09-10 06:46:10] Checkpoint 295/704 after PPXH30009B; 7596 extracted rows
[2026-09-10 06:46:29] Checkpoint 296/704 after PPXF10002A; 7601 extracted rows
[2026-09-10 06:46:41] Checkpoint 297/704 after PPXH10032C; 7682 extracted rows
[2026-09-10 06:46:55] Checkpoint 298/704 after PPXH10031B; 7727 extracted rows
[2026-09-10 06:47:15] Checkpoint 299/704 after PP2H00018A; 7745 extracted rows
[2026-09-10 06:47:34] Checkpoint 300/704 after PPXH10042B; 7763 extracted rows
[2026-09-10 06:47:34] Restarting stock browser before SKU PPXH30006A at position 301
[2026-09-10 06:47:59] Checkpoint 301/704 after PPXH30006A; 7790 extracted rows
[2026-09-10 06:48:12] Checkpoint 302/704 after PP2J00013C; 7810 extracted rows
[2026-09-10 06:48:24] Checkpoint 303/704 after PPXH30001A; 7819 extracted rows
[2026-09-10 06:49:31] Checkpoint 304/704 after PP0H0A036; 7819 extracted rows
[2026-09-10 06:49:47] Checkpoint 305/704 after PPXJ30035A; 7829 extracted rows
[2026-09-10 06:50:05] Checkpoint 306/704 after PP2J00008A; 7849 extracted rows
[2026-09-10 06:50:25] Checkpoint 307/704 after PPXJ30012A; 7874 extracted rows
[2026-09-10 06:50:44] Checkpoint 308/704 after PPXJ30012D; 7899 extracted rows
[2026-09-10 06:51:04] Checkpoint 309/704 after PPXJ30046A; 7919 extracted rows
[2026-09-10 06:51:24] Checkpoint 310/704 after PP2H00020A; 7928 extracted rows
[2026-09-10 06:51:42] Checkpoint 311/704 after PPXF30011A; 7968 extracted rows
[2026-09-10 06:52:01] Checkpoint 312/704 after PPXH10010F; 8013 extracted rows
[2026-09-10 06:52:22] Checkpoint 313/704 after PPXH10030B; 8031 extracted rows
[2026-09-10 06:52:39] Checkpoint 314/704 after PPXJ30046D; 8051 extracted rows
[2026-09-10 06:52:57] Checkpoint 315/704 after PPXD10023B; 8076 extracted rows
[2026-09-10 06:53:17] Checkpoint 316/704 after PPXJ30007F; 8086 extracted rows
[2026-09-10 06:53:34] Checkpoint 317/704 after PPXH10032O; 8167 extracted rows
[2026-09-10 06:53:53] Checkpoint 318/704 after PPXJ30063E; 8187 extracted rows
[2026-09-10 06:54:10] Checkpoint 319/704 after PPXJ30011E; 8207 extracted rows
[2026-09-10 06:54:22] Checkpoint 320/704 after PP2J00013A; 8227 extracted rows
[2026-09-10 06:54:40] Checkpoint 321/704 after PPXH10012A; 8236 extracted rows
[2026-09-10 06:54:57] Checkpoint 322/704 after PPXH10064B; 8245 extracted rows
[2026-09-10 06:55:17] Checkpoint 323/704 after PPXD10019M; 8310 extracted rows
[2026-09-10 06:55:29] Checkpoint 324/704 after PPXD10030A; 8340 extracted rows
[2026-09-10 06:55:50] Checkpoint 325/704 after PPXJ30040C; 8345 extracted rows
[2026-09-10 06:56:10] Checkpoint 326/704 after PPXH30022A; 8399 extracted rows
[2026-09-10 06:56:29] Checkpoint 327/704 after PPXD10019T; 8464 extracted rows
[2026-09-10 06:56:48] Checkpoint 328/704 after PPXJ30002A; 8489 extracted rows
[2026-09-10 06:57:05] Checkpoint 329/704 after PPXJ30012F; 8514 extracted rows
[2026-09-10 06:57:24] Checkpoint 330/704 after PPXH30009H; 8586 extracted rows
[2026-09-10 06:57:42] Checkpoint 331/704 after PP2H00018B; 8604 extracted rows
[2026-09-10 06:57:58] Checkpoint 332/704 after PPXH10019A; 8631 extracted rows
[2026-09-10 06:58:15] Checkpoint 333/704 after PPXD10012E; 8636 extracted rows
[2026-09-10 06:58:31] Checkpoint 334/704 after PPXH30002A; 8645 extracted rows
[2026-09-10 06:58:47] Checkpoint 335/704 after PPXD10020O; 8705 extracted rows
[2026-09-10 06:59:17] Checkpoint 336/704 after PPXD10021B; 8705 extracted rows
[2026-09-10 06:59:35] Checkpoint 337/704 after PPXD10020A; 8765 extracted rows
[2026-09-10 06:59:53] Checkpoint 338/704 after PPXH10002B; 8774 extracted rows
[2026-09-10 07:00:16] Checkpoint 339/704 after PPXJ10006A; 8799 extracted rows
[2026-09-10 07:00:39] Checkpoint 340/704 after PPXJ30016A; 8809 extracted rows
[2026-09-10 07:01:02] Checkpoint 341/704 after PPXD10008B; 8814 extracted rows
[2026-09-10 07:01:33] Checkpoint 342/704 after PPXJ10001B; 8814 extracted rows
[2026-09-10 07:01:46] Checkpoint 343/704 after PPXD10007E; 8854 extracted rows
[2026-09-10 07:02:20] Checkpoint 344/704 after PP2J00005C; 8854 extracted rows
[2026-09-10 07:02:39] Checkpoint 345/704 after PP2HC0038; 8863 extracted rows
[2026-09-10 07:02:56] Checkpoint 346/704 after PPXJ30027D; 8898 extracted rows
[2026-09-10 07:03:14] Checkpoint 347/704 after PPXJ30009F; 8908 extracted rows
[2026-09-10 07:03:35] Checkpoint 348/704 after PPXJ30060C; 8923 extracted rows
[2026-09-10 07:03:53] Checkpoint 349/704 after PPXH10035A; 8950 extracted rows
[2026-09-10 07:04:20] Checkpoint 350/704 after PPXH10002A; 8950 extracted rows
[2026-09-10 07:04:38] Checkpoint 351/704 after PPXD10016C; 8980 extracted rows
[2026-09-10 07:04:51] Checkpoint 352/704 after PPXD10009D; 8995 extracted rows
[2026-09-10 07:05:04] Checkpoint 353/704 after PPXH30039B; 9013 extracted rows
[2026-09-10 07:05:19] Checkpoint 354/704 after PPXH30067C; 9033 extracted rows
[2026-09-10 07:05:33] Checkpoint 355/704 after PPXF10035A; 9043 extracted rows
[2026-09-10 07:05:46] Checkpoint 356/704 after PP2HC10009; 9052 extracted rows
[2026-09-10 07:05:59] Checkpoint 357/704 after PPXJ30064A; 9057 extracted rows
[2026-09-10 07:06:18] Checkpoint 358/704 after PPXJ30020B; 9072 extracted rows
[2026-09-10 07:06:31] Checkpoint 359/704 after PPXH10034C; 9108 extracted rows
[2026-09-10 07:06:50] Checkpoint 360/704 after PPXJ30013C; 9128 extracted rows
[2026-09-10 07:06:50] Restarting stock browser before SKU PPXJ30047F at position 361
[2026-09-10 07:07:22] Checkpoint 361/704 after PPXJ30047F; 9143 extracted rows
[2026-09-10 07:07:37] Checkpoint 362/704 after PPXJ30026A; 9168 extracted rows
[2026-09-10 07:07:53] Checkpoint 363/704 after PPXJ30010E; 9193 extracted rows
[2026-09-10 07:08:11] Checkpoint 364/704 after PPXF10035B; 9203 extracted rows
[2026-09-10 07:08:27] Checkpoint 365/704 after PPXH10011B; 9221 extracted rows
[2026-09-10 07:08:43] Checkpoint 366/704 after PPXJ10008E; 9256 extracted rows
[2026-09-10 07:09:11] Checkpoint 367/704 after PPXD10028A; 9256 extracted rows
[2026-09-10 07:09:29] Checkpoint 368/704 after PPXJ10020A; 9276 extracted rows
[2026-09-10 07:09:45] Checkpoint 369/704 after PPXJ10008A; 9311 extracted rows
[2026-09-10 07:10:01] Checkpoint 370/704 after PP0H0A015; 9320 extracted rows
[2026-09-10 07:10:21] Checkpoint 371/704 after PPXH30014C; 9347 extracted rows
[2026-09-10 07:10:39] Checkpoint 372/704 after PP2HC10014; 9392 extracted rows
[2026-09-10 07:10:59] Checkpoint 373/704 after PPXD10023A; 9417 extracted rows
[2026-09-10 07:11:28] Checkpoint 374/704 after PPXH30020G; 9417 extracted rows
[2026-09-10 07:11:45] Checkpoint 375/704 after PPXH30009C; 9489 extracted rows
[2026-09-10 07:12:02] Checkpoint 376/704 after PP2H00008C; 9543 extracted rows
[2026-09-10 07:12:21] Checkpoint 377/704 after PPXH30054C; 9579 extracted rows
[2026-09-10 07:12:37] Checkpoint 378/704 after PPXD10029D; 9594 extracted rows
[2026-09-10 07:13:06] Checkpoint 379/704 after PPXD10012B; 9594 extracted rows
[2026-09-10 07:13:24] Checkpoint 380/704 after PPXJ30063A; 9614 extracted rows
[2026-09-10 07:13:41] Checkpoint 381/704 after PPXJ10020D; 9634 extracted rows
[2026-09-10 07:13:53] Checkpoint 382/704 after PPXJ30045A; 9639 extracted rows
[2026-09-10 07:14:10] Checkpoint 383/704 after PPXJ30006B; 9654 extracted rows
[2026-09-10 07:14:39] Checkpoint 384/704 after PPXJ30028J; 9654 extracted rows
[2026-09-10 07:14:56] Checkpoint 385/704 after PPXF10032A; 9669 extracted rows
[2026-09-10 07:15:19] Checkpoint 386/704 after PPXJ30060E; 9684 extracted rows
[2026-09-10 07:15:42] Checkpoint 387/704 after PPXJ30046C; 9704 extracted rows
[2026-09-10 07:16:02] Checkpoint 388/704 after PPXJ30052C; 9724 extracted rows
[2026-09-10 07:16:21] Checkpoint 389/704 after PP2H00001D; 9760 extracted rows
[2026-09-10 07:16:39] Checkpoint 390/704 after PPXH30007B; 9805 extracted rows
[2026-09-10 07:16:52] Checkpoint 391/704 after PPXJ10021C; 9825 extracted rows
[2026-09-10 07:17:13] Checkpoint 392/704 after PPXD10006D; 9840 extracted rows
[2026-09-10 07:17:32] Checkpoint 393/704 after PPXH10058A; 9850 extracted rows
[2026-09-10 07:17:49] Checkpoint 394/704 after PPXH30022D; 9904 extracted rows
[2026-09-10 07:18:10] Checkpoint 395/704 after PPXF10004B; 9909 extracted rows
[2026-09-10 07:18:30] Checkpoint 396/704 after PPXJ30018H; 9944 extracted rows
[2026-09-10 07:18:45] Checkpoint 397/704 after PPXH30007D; 9989 extracted rows
[2026-09-10 07:19:07] Checkpoint 398/704 after PPXH10017M; 10097 extracted rows
[2026-09-10 07:19:31] Checkpoint 399/704 after PPXJ30001D; 10122 extracted rows
[2026-09-10 07:19:49] Checkpoint 400/704 after PPXD10017C; 10137 extracted rows
[2026-09-10 07:20:12] Checkpoint 401/704 after PPXJ30029G; 10167 extracted rows
[2026-09-10 07:20:39] Checkpoint 402/704 after PPXJ10013D; 10177 extracted rows
[2026-09-10 07:21:00] Checkpoint 403/704 after PPXD10020R; 10237 extracted rows
[2026-09-10 07:21:35] Checkpoint 404/704 after PPXD10010B; 10237 extracted rows
[2026-09-10 07:21:55] Checkpoint 405/704 after PPXD10028F; 10247 extracted rows
[2026-09-10 07:22:15] Checkpoint 406/704 after PPXH10032D; 10328 extracted rows
[2026-09-10 07:22:31] Checkpoint 407/704 after PPXJ30010F; 10353 extracted rows
[2026-09-10 07:22:48] Checkpoint 408/704 after PPXD10016F; 10383 extracted rows
[2026-09-10 07:23:07] Checkpoint 409/704 after PPXH30024D; 10428 extracted rows
[2026-09-10 07:23:26] Checkpoint 410/704 after PPXH10066B; 10455 extracted rows
[2026-09-10 07:23:44] Checkpoint 411/704 after PPXH10001A; 10464 extracted rows
[2026-09-10 07:24:01] Checkpoint 412/704 after PPXJ10003E; 10494 extracted rows
[2026-09-10 07:24:20] Checkpoint 413/704 after PPXJ30006A; 10509 extracted rows
[2026-09-10 07:24:37] Checkpoint 414/704 after PPXH10018A; 10545 extracted rows
[2026-09-10 07:24:55] Checkpoint 415/704 after PPXD10019R; 10610 extracted rows
[2026-09-10 07:25:19] Checkpoint 416/704 after PPXH10031A; 10655 extracted rows
[2026-09-10 07:25:41] Checkpoint 417/704 after PPXF10011B; 10670 extracted rows
[2026-09-10 07:26:06] Checkpoint 418/704 after PP2J00001D; 10690 extracted rows
[2026-09-10 07:26:22] Checkpoint 419/704 after PPXJ30006D; 10705 extracted rows
[2026-09-10 07:26:43] Checkpoint 420/704 after PP2HC0014; 10725 extracted rows
[2026-09-10 07:26:43] Restarting stock browser before SKU PPXH10037B at position 421
[2026-09-10 07:27:12] Checkpoint 421/704 after PPXH10037B; 10752 extracted rows
[2026-09-10 07:27:33] Checkpoint 422/704 after PPXD10007B; 10792 extracted rows
[2026-09-10 07:27:46] Checkpoint 423/704 after PPXJ30012C; 10817 extracted rows
[2026-09-10 07:27:58] Checkpoint 424/704 after PPXJ30010C; 10842 extracted rows
[2026-09-10 07:28:30] Checkpoint 425/704 after PPXF30050B; 10842 extracted rows
[2026-09-10 07:28:50] Checkpoint 426/704 after PPXJ30010A; 10867 extracted rows
[2026-09-10 07:29:14] Checkpoint 427/704 after PPXJ30028E; 10897 extracted rows
[2026-09-10 07:29:35] Checkpoint 428/704 after PPXH10021D; 10922 extracted rows
[2026-09-10 07:29:55] Checkpoint 429/704 after PP2J00009D; 10942 extracted rows
[2026-09-10 07:30:33] Checkpoint 430/704 after PPXJ10008C; 10977 extracted rows
[2026-09-10 07:30:57] Checkpoint 431/704 after PP2HC10013; 11022 extracted rows
[2026-09-10 07:31:24] Checkpoint 432/704 after PPXJ30003E; 11047 extracted rows
[2026-09-10 07:31:45] Checkpoint 433/704 after PPXF10013B; 11057 extracted rows
[2026-09-10 07:32:01] Checkpoint 434/704 after PPXH30021G; 11111 extracted rows
[2026-09-10 07:32:24] Checkpoint 435/704 after PPXH30027A; 11129 extracted rows
[2026-09-10 07:32:43] Checkpoint 436/704 after PPXH30008A; 11138 extracted rows
[2026-09-10 07:33:07] Checkpoint 437/704 after PPXH30057C; 11165 extracted rows
[2026-09-10 07:33:29] Checkpoint 438/704 after PPXJ30025C; 11175 extracted rows
[2026-09-10 07:33:47] Checkpoint 439/704 after PPXJ10004A; 11190 extracted rows
[2026-09-10 07:34:05] Checkpoint 440/704 after PPXD10023D; 11215 extracted rows
[2026-09-10 07:34:27] Checkpoint 441/704 after PPXH30039C; 11233 extracted rows
[2026-09-10 07:34:45] Checkpoint 442/704 after PPXH30023A; 11251 extracted rows
[2026-09-10 07:35:06] Checkpoint 443/704 after PP2HC10006; 11305 extracted rows
[2026-09-10 07:35:29] Checkpoint 444/704 after PPXD10006C; 11320 extracted rows
[2026-09-10 07:36:02] Checkpoint 445/704 after PPXH10052A; 11320 extracted rows
[2026-09-10 07:36:21] Checkpoint 446/704 after PPXJ30027C; 11355 extracted rows
[2026-09-10 07:36:51] Checkpoint 447/704 after PPXJ30037E; 11355 extracted rows
[2026-09-10 07:37:13] Checkpoint 448/704 after PPXH10017N; 11463 extracted rows
[2026-09-10 07:37:51] Checkpoint 449/704 after PP2H00006A; 11463 extracted rows
[2026-09-10 07:38:13] Checkpoint 450/704 after PPXJ30011A; 11483 extracted rows
[2026-09-10 07:38:35] Checkpoint 451/704 after PPXJ30057E; 11513 extracted rows
[2026-09-10 07:38:57] Checkpoint 452/704 after PPXH30057B; 11540 extracted rows
[2026-09-10 07:40:11] Checkpoint 453/704 after PP2J00012A; 11540 extracted rows
[2026-09-10 07:40:30] Checkpoint 454/704 after PPXJ30053B; 11555 extracted rows
[2026-09-10 07:40:58] Checkpoint 455/704 after PPXJ30011C; 11575 extracted rows
[2026-09-10 07:42:14] Checkpoint 456/704 after PP0H0A025; 11575 extracted rows
[2026-09-10 07:42:34] Checkpoint 457/704 after PPXH30005C; 11602 extracted rows
[2026-09-10 07:42:54] Checkpoint 458/704 after PPXF30007C; 11612 extracted rows
[2026-09-10 07:43:16] Checkpoint 459/704 after PPXJ30063C; 11632 extracted rows
[2026-09-10 07:43:36] Checkpoint 460/704 after PPXJ10003B; 11662 extracted rows
[2026-09-10 07:43:56] Checkpoint 461/704 after PPXJ30054A; 11682 extracted rows
[2026-09-10 07:44:18] Checkpoint 462/704 after PPXH30037D; 11718 extracted rows
[2026-09-10 07:44:43] Checkpoint 463/704 after PPXH30009D; 11790 extracted rows
[2026-09-10 07:45:06] Checkpoint 464/704 after PPXH10033G; 11826 extracted rows
[2026-09-10 07:45:26] Checkpoint 465/704 after PPXH30062A; 11836 extracted rows
[2026-09-10 07:45:45] Checkpoint 466/704 after PPXH10029A; 11845 extracted rows
[2026-09-10 07:46:05] Checkpoint 467/704 after PPXJ30011F; 11865 extracted rows
[2026-09-10 07:46:41] Checkpoint 468/704 after PPXH10066A; 11865 extracted rows
[2026-09-10 07:46:59] Checkpoint 469/704 after PPXH30054B; 11901 extracted rows
[2026-09-10 07:47:21] Checkpoint 470/704 after PPXH10072B; 11910 extracted rows
[2026-09-10 07:47:39] Checkpoint 471/704 after PPXJ30009D; 11920 extracted rows
[2026-09-10 07:47:58] Checkpoint 472/704 after PPXH30009E; 11992 extracted rows
[2026-09-10 07:48:14] Checkpoint 473/704 after PPXH10017B; 12100 extracted rows
[2026-09-10 07:48:33] Checkpoint 474/704 after PPXH30042A; 12109 extracted rows
[2026-09-10 07:48:59] Checkpoint 475/704 after PPXD10012F; 12114 extracted rows
[2026-09-10 07:49:13] Checkpoint 476/704 after PPXH30067B; 12134 extracted rows
[2026-09-10 07:49:27] Checkpoint 477/704 after PP2D00001A; 12154 extracted rows
[2026-09-10 07:49:46] Checkpoint 478/704 after PP2H00005C; 12199 extracted rows
[2026-09-10 07:50:19] Checkpoint 479/704 after PPXD10014B; 12199 extracted rows
[2026-09-10 07:50:36] Checkpoint 480/704 after PPXJ30052B; 12219 extracted rows
[2026-09-10 07:50:36] Restarting stock browser before SKU PPXD10003C at position 481
[2026-09-10 07:51:05] Checkpoint 481/704 after PPXD10003C; 12244 extracted rows
[2026-09-10 07:51:36] Checkpoint 482/704 after PP2H00002A; 12244 extracted rows
[2026-09-10 07:51:58] Checkpoint 483/704 after PPXJ30029A; 12274 extracted rows
[2026-09-10 07:52:20] Checkpoint 484/704 after PPXH30020B; 12328 extracted rows
[2026-09-10 07:52:53] Checkpoint 485/704 after PPXJ30028G; 12328 extracted rows
[2026-09-10 07:53:14] Checkpoint 486/704 after PPXD10007D; 12368 extracted rows
[2026-09-10 07:53:35] Checkpoint 487/704 after PPXH10033F; 12404 extracted rows
[2026-09-10 07:53:52] Checkpoint 488/704 after PPXH10018D; 12440 extracted rows
[2026-09-10 07:54:12] Checkpoint 489/704 after PPXH30007E; 12485 extracted rows
[2026-09-10 07:54:29] Checkpoint 490/704 after PPXF30013B; 12495 extracted rows
[2026-09-10 07:54:49] Checkpoint 491/704 after PPXH10032E; 12576 extracted rows
[2026-09-10 07:55:13] Checkpoint 492/704 after PPXF30020C; 12586 extracted rows
[2026-09-10 07:55:33] Checkpoint 493/704 after PPXH30038A; 12595 extracted rows
[2026-09-10 07:55:58] Checkpoint 494/704 after PPXJ30013E; 12615 extracted rows
[2026-09-10 07:56:23] Checkpoint 495/704 after PPXJ30057F; 12645 extracted rows
[2026-09-10 07:56:38] Checkpoint 496/704 after PPXD10003E; 12670 extracted rows
[2026-09-10 07:56:57] Checkpoint 497/704 after PPXJ30018F; 12705 extracted rows
[2026-09-10 07:57:18] Checkpoint 498/704 after PP2H00019A; 12714 extracted rows
[2026-09-10 07:57:39] Checkpoint 499/704 after PPXH10014A; 12723 extracted rows
[2026-09-10 07:58:02] Checkpoint 500/704 after PPXH10066D; 12750 extracted rows
[2026-09-10 07:58:22] Checkpoint 501/704 after PPXJ30018E; 12785 extracted rows
[2026-09-10 07:58:43] Checkpoint 502/704 after PPXH10039A; 12803 extracted rows
[2026-09-10 07:59:21] Checkpoint 503/704 after PPXD10005A; 12803 extracted rows
[2026-09-10 07:59:42] Checkpoint 504/704 after PPXJ30002D; 12828 extracted rows
[2026-09-10 08:00:04] Checkpoint 505/704 after PPXH10019B; 12855 extracted rows
[2026-09-10 08:00:44] Checkpoint 506/704 after PPXD10006A; 12870 extracted rows
[2026-09-10 08:01:18] Checkpoint 507/704 after PPXD10033C; 12895 extracted rows
[2026-09-10 08:01:50] Checkpoint 508/704 after PPXJ10014A; 12905 extracted rows
[2026-09-10 08:02:19] Checkpoint 509/704 after PPXD10007F; 12945 extracted rows
[2026-09-10 08:02:44] Checkpoint 510/704 after PPXH30065A; 12955 extracted rows
[2026-09-10 08:03:10] Checkpoint 511/704 after PPXJ30041E; 12990 extracted rows
[2026-09-10 08:03:38] Checkpoint 512/704 after PPXJ30035B; 13000 extracted rows
[2026-09-10 08:04:02] Checkpoint 513/704 after PPXH30022B; 13054 extracted rows
[2026-09-10 08:04:27] Checkpoint 514/704 after PP2H00013A; 13072 extracted rows
[2026-09-10 08:04:59] Checkpoint 515/704 after PPXF10001A; 13072 extracted rows
[2026-09-10 08:05:39] Checkpoint 516/704 after PPXH10037E; 13072 extracted rows
[2026-09-10 08:06:06] Checkpoint 517/704 after PPXH30009I; 13144 extracted rows
[2026-09-10 08:06:32] Checkpoint 518/704 after PPXF30011J; 13184 extracted rows
[2026-09-10 08:06:53] Checkpoint 519/704 after PPXH10010E; 13229 extracted rows
[2026-09-10 08:07:18] Checkpoint 520/704 after PPXF30025A; 13234 extracted rows
[2026-09-10 08:07:38] Checkpoint 521/704 after PPXJ30013A; 13254 extracted rows
[2026-09-10 08:07:59] Checkpoint 522/704 after PPXJ30062A; 13274 extracted rows
[2026-09-10 08:08:23] Checkpoint 523/704 after PPXJ10003A; 13304 extracted rows
[2026-09-10 08:08:44] Checkpoint 524/704 after PPXJ30029B; 13334 extracted rows
[2026-09-10 08:09:05] Checkpoint 525/704 after PPXJ10001A; 13349 extracted rows
[2026-09-10 08:10:19] Checkpoint 526/704 after PP0H0A004; 13349 extracted rows
[2026-09-10 08:10:59] Checkpoint 527/704 after PPXF30050A; 13349 extracted rows
[2026-09-10 08:11:17] Checkpoint 528/704 after PPXH10036A; 13364 extracted rows
[2026-09-10 08:11:37] Checkpoint 529/704 after PPXF30007B; 13374 extracted rows
[2026-09-10 08:11:56] Checkpoint 530/704 after PPXD10002B; 13384 extracted rows
[2026-09-10 08:12:15] Checkpoint 531/704 after PPXJ30016B; 13394 extracted rows
[2026-09-10 08:12:37] Checkpoint 532/704 after PPXD10009C; 13409 extracted rows
[2026-09-10 08:12:57] Checkpoint 533/704 after PPXD10021E; 13424 extracted rows
[2026-09-10 08:13:18] Checkpoint 534/704 after PPXJ30018A; 13459 extracted rows
[2026-09-10 08:13:40] Checkpoint 535/704 after PPXJ30058G; 13504 extracted rows
[2026-09-10 08:14:04] Checkpoint 536/704 after PPXH10075A; 13509 extracted rows
[2026-09-10 08:14:22] Checkpoint 537/704 after PPXH10030A; 13527 extracted rows
[2026-09-10 08:14:40] Checkpoint 538/704 after PPXF30020A; 13537 extracted rows
[2026-09-10 08:15:00] Checkpoint 539/704 after PPXH30009G; 13609 extracted rows
[2026-09-10 08:15:26] Checkpoint 540/704 after PPXF10016B; 13619 extracted rows
[2026-09-10 08:15:26] Restarting stock browser before SKU PP2D00001D at position 541
[2026-09-10 08:15:58] Checkpoint 541/704 after PP2D00001D; 13639 extracted rows
[2026-09-10 08:16:15] Checkpoint 542/704 after PPXD10020C; 13699 extracted rows
[2026-09-10 08:16:35] Checkpoint 543/704 after PPXH30021D; 13753 extracted rows
[2026-09-10 08:17:04] Checkpoint 544/704 after PPXD10020G; 13753 extracted rows
[2026-09-10 08:17:23] Checkpoint 545/704 after PPXD10021C; 13768 extracted rows
[2026-09-10 08:17:41] Checkpoint 546/704 after PPXH30024C; 13813 extracted rows
[2026-09-10 08:18:00] Checkpoint 547/704 after PPXD10020L; 13873 extracted rows
[2026-09-10 08:18:22] Checkpoint 548/704 after PPXJ30018C; 13908 extracted rows
[2026-09-10 08:18:41] Checkpoint 549/704 after PPXF10025A; 13913 extracted rows
[2026-09-10 08:19:01] Checkpoint 550/704 after PPXH10023D; 13949 extracted rows
[2026-09-10 08:19:23] Checkpoint 551/704 after PPXF10001J; 13974 extracted rows
[2026-09-10 08:19:44] Checkpoint 552/704 after PPXJ30058E; 14019 extracted rows
[2026-09-10 08:20:08] Checkpoint 553/704 after PPXJ30029F; 14049 extracted rows
[2026-09-10 08:20:33] Checkpoint 554/704 after PPXH30061A; 14059 extracted rows
[2026-09-10 08:20:55] Checkpoint 555/704 after PPXH30021F; 14113 extracted rows
[2026-09-10 08:21:19] Checkpoint 556/704 after PP2H00008B; 14167 extracted rows
[2026-09-10 08:22:31] Checkpoint 557/704 after PPXD10007A; 14167 extracted rows
[2026-09-10 08:22:51] Checkpoint 558/704 after PP2H00023A; 14176 extracted rows
[2026-09-10 08:23:11] Checkpoint 559/704 after PP2J00009B; 14196 extracted rows
[2026-09-10 08:23:31] Checkpoint 560/704 after PPXJ10005G; 14221 extracted rows
[2026-09-10 08:23:49] Checkpoint 561/704 after PPXH30024G; 14266 extracted rows
[2026-09-10 08:24:11] Checkpoint 562/704 after PP2J00009A; 14286 extracted rows
[2026-09-10 08:24:30] Checkpoint 563/704 after PPXD10028C; 14296 extracted rows
[2026-09-10 08:24:48] Checkpoint 564/704 after PPXH10005B; 14323 extracted rows
[2026-09-10 08:25:03] Checkpoint 565/704 after PPXD10022A; 14333 extracted rows
[2026-09-10 08:25:30] Checkpoint 566/704 after PPXJ10003F; 14363 extracted rows
[2026-09-10 08:25:49] Checkpoint 567/704 after PPXJ10006F; 14388 extracted rows
[2026-09-10 08:26:12] Checkpoint 568/704 after PPXJ30002E; 14413 extracted rows
[2026-09-10 08:26:36] Checkpoint 569/704 after PPXH10035C; 14440 extracted rows
[2026-09-10 08:26:58] Checkpoint 570/704 after PPXF30035A; 14445 extracted rows
[2026-09-10 08:27:25] Checkpoint 571/704 after PPXH30037F; 14481 extracted rows
[2026-09-10 08:27:42] Checkpoint 572/704 after PPXD10003A; 14506 extracted rows
[2026-09-10 08:28:04] Checkpoint 573/704 after PPXJ30058I; 14551 extracted rows
[2026-09-10 08:28:26] Checkpoint 574/704 after PP2J00007B; 14566 extracted rows
[2026-09-10 08:28:56] Checkpoint 575/704 after PPXJ30024E; 14566 extracted rows
[2026-09-10 08:29:17] Checkpoint 576/704 after PPXH10036B; 14581 extracted rows
[2026-09-10 08:29:37] Checkpoint 577/704 after PPXJ10008G; 14616 extracted rows
[2026-09-10 08:29:56] Checkpoint 578/704 after PPXH10038B; 14634 extracted rows
[2026-09-10 08:30:29] Checkpoint 579/704 after PPXJ10009E; 14654 extracted rows
[2026-09-10 08:30:55] Checkpoint 580/704 after PPXJ10017A; 14664 extracted rows
[2026-09-10 08:31:17] Checkpoint 581/704 after PPXJ10009A; 14684 extracted rows
[2026-09-10 08:31:45] Checkpoint 582/704 after PPXJ30060A; 14684 extracted rows
[2026-09-10 08:32:04] Checkpoint 583/704 after PPXJ10001C; 14699 extracted rows
[2026-09-10 08:32:21] Checkpoint 584/704 after PPXJ10004D; 14714 extracted rows
[2026-09-10 08:32:40] Checkpoint 585/704 after PPXH30020C; 14768 extracted rows
[2026-09-10 08:32:54] Checkpoint 586/704 after PP2HC0039; 14786 extracted rows
[2026-09-10 08:33:15] Checkpoint 587/704 after PPXH30007A; 14831 extracted rows
[2026-09-10 08:33:45] Checkpoint 588/704 after PPXD10002C; 14831 extracted rows
[2026-09-10 08:34:03] Checkpoint 589/704 after PPXH10018B; 14867 extracted rows
[2026-09-10 08:34:24] Checkpoint 590/704 after PPXJ30052D; 14887 extracted rows
[2026-09-10 08:34:42] Checkpoint 591/704 after PPXJ30052A; 14907 extracted rows
[2026-09-10 08:35:01] Checkpoint 592/704 after PPXD10011D; 14927 extracted rows
[2026-09-10 08:35:23] Checkpoint 593/704 after PPXJ10008D; 14962 extracted rows
[2026-09-10 08:35:46] Checkpoint 594/704 after PP2H00021A; 14970 extracted rows
[2026-09-10 08:36:09] Checkpoint 595/704 after PP2H00010E; 15015 extracted rows
[2026-09-10 08:36:22] Checkpoint 596/704 after PP2H00022A; 15024 extracted rows
[2026-09-10 08:36:41] Checkpoint 597/704 after PPXJ30028I; 15054 extracted rows
[2026-09-10 08:36:59] Checkpoint 598/704 after PPXH10070A; 15063 extracted rows
[2026-09-10 08:37:19] Checkpoint 599/704 after PPXJ30001E; 15088 extracted rows
[2026-09-10 08:37:41] Checkpoint 600/704 after PPXH30023B; 15106 extracted rows
[2026-09-10 08:37:41] Restarting stock browser before SKU PPXH30057D at position 601
[2026-09-10 08:38:13] Checkpoint 601/704 after PPXH30057D; 15133 extracted rows
[2026-09-10 08:38:33] Checkpoint 602/704 after PPXH10058B; 15143 extracted rows
[2026-09-10 08:38:46] Checkpoint 603/704 after PPXJ30054D; 15163 extracted rows
[2026-09-10 08:39:09] Checkpoint 604/704 after PP2H00017A; 15181 extracted rows
[2026-09-10 08:39:33] Checkpoint 605/704 after PPXH10010C; 15226 extracted rows
[2026-09-10 08:39:56] Checkpoint 606/704 after PP2H00010A; 15271 extracted rows
[2026-09-10 08:40:25] Checkpoint 607/704 after PPXH30005A; 15298 extracted rows
[2026-09-10 08:40:48] Checkpoint 608/704 after PP2J00014A; 15318 extracted rows
[2026-09-10 08:41:14] Checkpoint 609/704 after PPXD10032C; 15338 extracted rows
[2026-09-10 08:41:35] Checkpoint 610/704 after PPXF30021C; 15343 extracted rows
[2026-09-10 08:41:57] Checkpoint 611/704 after PPXJ30048E; 15358 extracted rows
[2026-09-10 08:42:19] Checkpoint 612/704 after PP2HC0040; 15376 extracted rows
[2026-09-10 08:42:40] Checkpoint 613/704 after PPXF10027A; 15381 extracted rows
[2026-09-10 08:42:59] Checkpoint 614/704 after PP2H00014A; 15390 extracted rows
[2026-09-10 08:43:22] Checkpoint 615/704 after PPXJ10005E; 15415 extracted rows
[2026-09-10 08:43:43] Checkpoint 616/704 after PP2H00005A; 15460 extracted rows
[2026-09-10 08:44:04] Checkpoint 617/704 after PP2H00008D; 15514 extracted rows
[2026-09-10 08:44:26] Checkpoint 618/704 after PPXH10031D; 15559 extracted rows
[2026-09-10 08:44:59] Checkpoint 619/704 after PPXH30017C; 15559 extracted rows
[2026-09-10 08:45:40] Checkpoint 620/704 after PPXD10001B; 15559 extracted rows
[2026-09-10 08:45:56] Checkpoint 621/704 after PPXH10032A; 15640 extracted rows
[2026-09-10 08:46:21] Checkpoint 622/704 after PPXD10020H; 15700 extracted rows
[2026-09-10 08:46:42] Checkpoint 623/704 after PPXD10033D; 15725 extracted rows
[2026-09-10 08:47:01] Checkpoint 624/704 after PPXD10018A; 15735 extracted rows
[2026-09-10 08:47:25] Checkpoint 625/704 after PPXF10011E; 15750 extracted rows
[2026-09-10 08:47:42] Checkpoint 626/704 after PPXH10041B; 15777 extracted rows
[2026-09-10 08:48:02] Checkpoint 627/704 after PPXJ30027F; 15812 extracted rows
[2026-09-10 08:48:23] Checkpoint 628/704 after PPXJ30028H; 15842 extracted rows
[2026-09-10 08:48:53] Checkpoint 629/704 after PPXF30007D; 15842 extracted rows
[2026-09-10 08:49:13] Checkpoint 630/704 after PPXH30011A; 15851 extracted rows
[2026-09-10 08:49:31] Checkpoint 631/704 after PP2HC0007; 15860 extracted rows
[2026-09-10 08:50:37] Checkpoint 632/704 after PP0H0A005; 15860 extracted rows
[2026-09-10 08:50:55] Checkpoint 633/704 after PPXD10023C; 15885 extracted rows
[2026-09-10 08:51:14] Checkpoint 634/704 after PPXD10033B; 15910 extracted rows
[2026-09-10 08:51:32] Checkpoint 635/704 after PPXH30054D; 15946 extracted rows
[2026-09-10 08:51:50] Checkpoint 636/704 after PPXD10020S; 16006 extracted rows
[2026-09-10 08:52:12] Checkpoint 637/704 after PP2H00001B; 16042 extracted rows
[2026-09-10 08:52:30] Checkpoint 638/704 after PPXH10037D; 16069 extracted rows
[2026-09-10 08:53:35] Checkpoint 639/704 after PP0H0C002; 16069 extracted rows
[2026-09-10 08:53:47] Checkpoint 640/704 after PP2H00001C; 16105 extracted rows
[2026-09-10 08:54:05] Checkpoint 641/704 after PPXH10007C; 16132 extracted rows
[2026-09-10 08:54:36] Checkpoint 642/704 after PP2H00003A; 16132 extracted rows
[2026-09-10 08:54:57] Checkpoint 643/704 after PPXD10021D; 16147 extracted rows
[2026-09-10 08:55:23] Checkpoint 644/704 after PPXD10016A; 16177 extracted rows
[2026-09-10 08:55:40] Checkpoint 645/704 after PPXF30006D; 16197 extracted rows
[2026-09-10 08:55:57] Checkpoint 646/704 after PPXJ30020A; 16212 extracted rows
[2026-09-10 08:56:12] Checkpoint 647/704 after PPXH10031E; 16257 extracted rows
[2026-09-10 08:56:34] Checkpoint 648/704 after PPXF10001G; 16282 extracted rows
[2026-09-10 08:56:55] Checkpoint 649/704 after PPXF30006A; 16302 extracted rows
[2026-09-10 08:57:19] Checkpoint 650/704 after PPXJ30020C; 16317 extracted rows
[2026-09-10 08:57:39] Checkpoint 651/704 after PPXH30021J; 16371 extracted rows
[2026-09-10 08:58:02] Checkpoint 652/704 after PPXH10017A; 16479 extracted rows
[2026-09-10 08:58:25] Checkpoint 653/704 after PPXJ30055B; 16489 extracted rows
[2026-09-10 08:58:45] Checkpoint 654/704 after PPXJ30019E; 16509 extracted rows
[2026-09-10 08:59:05] Checkpoint 655/704 after PPXD10009A; 16524 extracted rows
[2026-09-10 08:59:24] Checkpoint 656/704 after PPXJ30017A; 16529 extracted rows
[2026-09-10 09:00:48] Checkpoint 657/704 after PPXD10005C; 16529 extracted rows
[2026-09-10 09:01:15] Checkpoint 658/704 after PPXJ30028F; 16559 extracted rows
[2026-09-10 09:01:38] Checkpoint 659/704 after PPXF10001B; 16584 extracted rows
[2026-09-10 09:02:00] Checkpoint 660/704 after PPXH30005B; 16611 extracted rows
[2026-09-10 09:02:00] Restarting stock browser before SKU PPXJ30015A at position 661
[2026-09-10 09:03:10] Stock browser login attempt 1/4 failed: Could not locate Profuomo login form fields
[2026-09-10 09:04:28] Stock browser login attempt 2/4 failed: Could not locate Profuomo login form fields
[2026-09-10 09:05:08] Stock browser login attempt 3/4 failed: Could not locate Profuomo login form fields
[2026-09-10 09:05:50] Checkpoint 661/704 after PPXJ30015A; 16621 extracted rows
[2026-09-10 09:06:14] Checkpoint 662/704 after PPXD10020F; 16681 extracted rows
[2026-09-10 09:06:34] Checkpoint 663/704 after PPXH10021C; 16706 extracted rows
[2026-09-10 09:06:51] Checkpoint 664/704 after PPXJ30034B; 16716 extracted rows
[2026-09-10 09:07:09] Checkpoint 665/704 after PP2HC10012; 16761 extracted rows
[2026-09-10 09:07:31] Checkpoint 666/704 after PPXH30024A; 16806 extracted rows
[2026-09-10 09:07:51] Checkpoint 667/704 after PP2J00007A; 16821 extracted rows
[2026-09-10 09:08:03] Checkpoint 668/704 after PP2J00013D; 16841 extracted rows
[2026-09-10 09:08:23] Checkpoint 669/704 after PPXJ10004B; 16856 extracted rows
[2026-09-10 09:08:40] Checkpoint 670/704 after PPXH30022C; 16910 extracted rows
[2026-09-10 09:08:58] Checkpoint 671/704 after PPXJ30026E; 16935 extracted rows
[2026-09-10 09:09:11] Checkpoint 672/704 after PPXJ30055C; 16945 extracted rows
[2026-09-10 09:09:28] Checkpoint 673/704 after PPXH30016B; 16972 extracted rows
[2026-09-10 09:09:59] Checkpoint 674/704 after PPXD10010C; 16972 extracted rows
[2026-09-10 09:10:25] Checkpoint 675/704 after PPXJ30036A; 16982 extracted rows
[2026-09-10 09:10:49] Checkpoint 676/704 after PP2H00005B; 17027 extracted rows
[2026-09-10 09:11:16] Checkpoint 677/704 after PPXD10019D; 17092 extracted rows
[2026-09-10 09:11:38] Checkpoint 678/704 after PPXJ10013A; 17102 extracted rows
[2026-09-10 09:11:55] Checkpoint 679/704 after PPXH10055B; 17129 extracted rows
[2026-09-10 09:12:14] Checkpoint 680/704 after PP2J00008B; 17149 extracted rows
[2026-09-10 09:12:32] Checkpoint 681/704 after PPXJ30030G; 17174 extracted rows
[2026-09-10 09:13:41] Checkpoint 682/704 after PP0H0A002; 17174 extracted rows
[2026-09-10 09:14:03] Checkpoint 683/704 after PPXD10029C; 17189 extracted rows
[2026-09-10 09:14:26] Checkpoint 684/704 after PP2H00010D; 17234 extracted rows
[2026-09-10 09:14:48] Checkpoint 685/704 after PPXD10033E; 17259 extracted rows
[2026-09-10 09:15:12] Checkpoint 686/704 after PPXH30013A; 17268 extracted rows
[2026-09-10 09:15:29] Checkpoint 687/704 after PPXH10032B; 17349 extracted rows
[2026-09-10 09:15:54] Checkpoint 688/704 after PPXD10019L; 17414 extracted rows
[2026-09-10 09:17:11] Checkpoint 689/704 after PP0H0C0006; 17414 extracted rows
[2026-09-10 09:17:41] Checkpoint 690/704 after PPXJ30036B; 17414 extracted rows
[2026-09-10 09:17:59] Checkpoint 691/704 after PPXH10036E; 17429 extracted rows
[2026-09-10 09:19:06] Checkpoint 692/704 after PP5N00002B; 17429 extracted rows
[2026-09-10 09:19:26] Checkpoint 693/704 after PPXJ30023A; 17454 extracted rows
[2026-09-10 09:19:43] Checkpoint 694/704 after PPXH30030B; 17472 extracted rows
[2026-09-10 09:20:00] Checkpoint 695/704 after PPXJ30013F; 17492 extracted rows
[2026-09-10 09:20:24] Checkpoint 696/704 after PPXJ30001A; 17517 extracted rows
[2026-09-10 09:20:47] Checkpoint 697/704 after PPXH10010H; 17562 extracted rows
[2026-09-10 09:21:11] Checkpoint 698/704 after PPXJ30053A; 17577 extracted rows
[2026-09-10 09:21:29] Checkpoint 699/704 after PPXH30022E; 17631 extracted rows
[2026-09-10 09:21:49] Checkpoint 700/704 after PPXH10031C; 17676 extracted rows
[2026-09-10 09:22:12] Checkpoint 701/704 after PPXH10023B; 17712 extracted rows
[2026-09-10 09:22:33] Checkpoint 702/704 after PP2H00016A; 17721 extracted rows
[2026-09-10 09:22:54] Checkpoint 703/704 after PPXJ30003D; 17746 extracted rows
[2026-09-10 09:23:16] Checkpoint 704/704 after PPXD10032D; 17766 extracted rows
[2026-09-10 09:23:23] Stock run completed: 704 SKUs, 4938 output rows
[2026-09-11 05:00:16] Stock run started: 731 total, 0 resumed, 731 pending
[2026-09-11 05:00:45] Checkpoint 1/731 after PPXD10018B; 10 extracted rows
[2026-09-11 05:01:04] Checkpoint 2/731 after PPXF10016A; 20 extracted rows
[2026-09-11 05:01:20] Checkpoint 3/731 after PPXH10018C; 56 extracted rows
[2026-09-11 05:01:37] Checkpoint 4/731 after PPXD10011C; 76 extracted rows
[2026-09-11 05:01:54] Checkpoint 5/731 after PP2J00014C; 96 extracted rows
[2026-09-11 05:02:10] Checkpoint 6/731 after PPXF10032C; 111 extracted rows
[2026-09-11 05:02:28] Checkpoint 7/731 after PPXD10030D; 141 extracted rows
[2026-09-11 05:02:44] Checkpoint 8/731 after PPXH10042A; 159 extracted rows
[2026-09-11 05:03:02] Checkpoint 9/731 after PPXH10033B; 195 extracted rows
[2026-09-11 05:03:20] Checkpoint 10/731 after PPXH30014A; 222 extracted rows
[2026-09-11 05:03:38] Checkpoint 11/731 after PP2J00010B; 242 extracted rows
[2026-09-11 05:03:56] Checkpoint 12/731 after PPXJ30008D; 267 extracted rows
[2026-09-11 05:04:15] Checkpoint 13/731 after PPXF10012A; 272 extracted rows
[2026-09-11 05:04:33] Checkpoint 14/731 after PPXH10007B; 299 extracted rows
[2026-09-11 05:04:51] Checkpoint 15/731 after PPXJ10005B; 324 extracted rows
[2026-09-11 05:05:18] Checkpoint 16/731 after PP2H00010B; 369 extracted rows
[2026-09-11 05:05:41] Checkpoint 17/731 after PPXH30027B; 387 extracted rows
[2026-09-11 05:06:13] Checkpoint 18/731 after PPXH10010A; 387 extracted rows
[2026-09-11 05:06:26] Checkpoint 19/731 after PPXD10003D; 412 extracted rows
[2026-09-11 05:06:57] Checkpoint 20/731 after PPXJ10009D; 412 extracted rows
[2026-09-11 05:07:25] Checkpoint 21/731 after PPXJ10001E; 412 extracted rows
[2026-09-11 05:07:41] Checkpoint 22/731 after PPXJ30012E; 437 extracted rows
[2026-09-11 05:07:59] Checkpoint 23/731 after PPXH30018A; 446 extracted rows
[2026-09-11 05:08:15] Checkpoint 24/731 after PPXJ30027G; 481 extracted rows
[2026-09-11 05:08:33] Checkpoint 25/731 after PPXJ30022D; 501 extracted rows
[2026-09-11 05:08:49] Checkpoint 26/731 after PP2J00007C; 516 extracted rows
[2026-09-11 05:09:06] Checkpoint 27/731 after PP2H00001A; 552 extracted rows
[2026-09-11 05:09:24] Checkpoint 28/731 after PPXH10022C; 588 extracted rows
[2026-09-11 05:09:41] Checkpoint 29/731 after PPXH10055A; 615 extracted rows
[2026-09-11 05:09:56] Checkpoint 30/731 after PPXJ30029E; 645 extracted rows
[2026-09-11 05:10:17] Checkpoint 31/731 after PPXJ30036C; 655 extracted rows
[2026-09-11 05:10:29] Checkpoint 32/731 after PPXD10003B; 680 extracted rows
[2026-09-11 05:10:51] Checkpoint 33/731 after PPXJ30024D; 695 extracted rows
[2026-09-11 05:11:12] Checkpoint 34/731 after PPXH10035B; 722 extracted rows
[2026-09-11 05:11:29] Checkpoint 35/731 after PPXJ30028A; 752 extracted rows
[2026-09-11 05:11:49] Checkpoint 36/731 after PPXJ30026B; 777 extracted rows
[2026-09-11 05:12:07] Checkpoint 37/731 after PPXH10032M; 858 extracted rows
[2026-09-11 05:12:25] Checkpoint 38/731 after PPXJ30034A; 868 extracted rows
[2026-09-11 05:12:42] Checkpoint 39/731 after PPXH30021K; 922 extracted rows
[2026-09-11 05:13:53] Checkpoint 40/731 after PP0H0A024; 922 extracted rows
[2026-09-11 05:14:14] Checkpoint 41/731 after PPXF30014B; 932 extracted rows
[2026-09-11 05:14:34] Checkpoint 42/731 after PPXF30006C; 952 extracted rows
[2026-09-11 05:14:53] Checkpoint 43/731 after PPXH30069A; 972 extracted rows
[2026-09-11 05:15:20] Checkpoint 44/731 after PPXJ30058B; 1017 extracted rows
[2026-09-11 05:15:42] Checkpoint 45/731 after PPXJ30031F; 1037 extracted rows
[2026-09-11 05:16:06] Checkpoint 46/731 after PPXF30011E; 1077 extracted rows
[2026-09-11 05:16:27] Checkpoint 47/731 after PPXJ10006E; 1102 extracted rows
[2026-09-11 05:16:40] Checkpoint 48/731 after PPXJ10005F; 1127 extracted rows
[2026-09-11 05:16:59] Checkpoint 49/731 after PP2J00009C; 1147 extracted rows
[2026-09-11 05:17:22] Checkpoint 50/731 after PPXJ30010D; 1172 extracted rows
[2026-09-11 05:18:05] Checkpoint 51/731 after PPXJ30028B; 1172 extracted rows
[2026-09-11 05:18:26] Checkpoint 52/731 after PP2H00016A; 1181 extracted rows
[2026-09-11 05:18:41] Checkpoint 53/731 after PP2J00001A; 1201 extracted rows
[2026-09-11 05:19:03] Checkpoint 54/731 after PPXJ30060D; 1216 extracted rows
[2026-09-11 05:19:24] Checkpoint 55/731 after PPXJ30041B; 1251 extracted rows
[2026-09-11 05:19:47] Checkpoint 56/731 after PPXD10030E; 1281 extracted rows
[2026-09-11 05:20:02] Checkpoint 57/731 after PPXJ30015B; 1286 extracted rows
[2026-09-11 05:20:17] Checkpoint 58/731 after PPXJ30030A; 1311 extracted rows
[2026-09-11 05:20:33] Checkpoint 59/731 after PPXH10013A; 1320 extracted rows
[2026-09-11 05:20:54] Checkpoint 60/731 after PPXH30066A; 1330 extracted rows
[2026-09-11 05:20:54] Restarting stock browser before SKU PPXJ30014A at position 61
[2026-09-11 05:21:25] Checkpoint 61/731 after PPXJ30014A; 1335 extracted rows
[2026-09-11 05:21:45] Checkpoint 62/731 after PPXH10021F; 1360 extracted rows
[2026-09-11 05:22:04] Checkpoint 63/731 after PPXJ30023B; 1385 extracted rows
[2026-09-11 05:22:23] Checkpoint 64/731 after PPXD10016B; 1415 extracted rows
[2026-09-11 05:22:46] Checkpoint 65/731 after PPXH10032H; 1496 extracted rows
[2026-09-11 05:23:51] Checkpoint 66/731 after PP0H0A027; 1496 extracted rows
[2026-09-11 05:24:09] Checkpoint 67/731 after PPXD10011A; 1516 extracted rows
[2026-09-11 05:24:28] Checkpoint 68/731 after PPXJ10005D; 1541 extracted rows
[2026-09-11 05:24:45] Checkpoint 69/731 after PPXJ30027A; 1576 extracted rows
[2026-09-11 05:25:05] Checkpoint 70/731 after PPXJ10016B; 1596 extracted rows
[2026-09-11 05:25:26] Checkpoint 71/731 after PPXH10017P; 1704 extracted rows
[2026-09-11 05:25:41] Checkpoint 72/731 after PPXF10001C; 1729 extracted rows
[2026-09-11 05:26:03] Checkpoint 73/731 after PPXJ30062C; 1749 extracted rows
[2026-09-11 05:26:33] Checkpoint 74/731 after PPXJ30042B; 1749 extracted rows
[2026-09-11 05:27:01] Checkpoint 75/731 after PPXD10009B; 1749 extracted rows
[2026-09-11 05:27:21] Checkpoint 76/731 after PPXD10029A; 1764 extracted rows
[2026-09-11 05:27:38] Checkpoint 77/731 after PP2J00014B; 1784 extracted rows
[2026-09-11 05:27:50] Checkpoint 78/731 after PPXJ30028D; 1814 extracted rows
[2026-09-11 05:28:02] Checkpoint 79/731 after PPXJ30050A; 1824 extracted rows
[2026-09-11 05:28:20] Checkpoint 80/731 after PPXJ30031A; 1844 extracted rows
[2026-09-11 05:28:38] Checkpoint 81/731 after PPXH10032L; 1925 extracted rows
[2026-09-11 05:28:58] Checkpoint 82/731 after PP2H00010C; 1970 extracted rows
[2026-09-11 05:29:19] Checkpoint 83/731 after PPXJ30029C; 2000 extracted rows
[2026-09-11 05:29:40] Checkpoint 84/731 after PPXH10005A; 2027 extracted rows
[2026-09-11 05:29:57] Checkpoint 85/731 after PPXJ10002B; 2047 extracted rows
[2026-09-11 05:30:24] Checkpoint 86/731 after PPXF30013A; 2057 extracted rows
[2026-09-11 05:30:46] Checkpoint 87/731 after PPXH10032N; 2138 extracted rows
[2026-09-11 05:31:06] Checkpoint 88/731 after PP2HC10008; 2147 extracted rows
[2026-09-11 05:31:26] Checkpoint 89/731 after PPXH10040A; 2156 extracted rows
[2026-09-11 05:31:43] Checkpoint 90/731 after PPXJ10008B; 2191 extracted rows
[2026-09-11 05:31:59] Checkpoint 91/731 after PPXF30012C; 2201 extracted rows
[2026-09-11 05:32:16] Checkpoint 92/731 after PPXJ10021A; 2221 extracted rows
[2026-09-11 05:32:33] Checkpoint 93/731 after PPXJ10014B; 2231 extracted rows
[2026-09-11 05:32:50] Checkpoint 94/731 after PPXF30011D; 2271 extracted rows
[2026-09-11 05:33:03] Checkpoint 95/731 after PPXJ30048B; 2286 extracted rows
[2026-09-11 05:33:21] Checkpoint 96/731 after PPXH10017L; 2394 extracted rows
[2026-09-11 05:33:52] Checkpoint 97/731 after PPXH30021H; 2394 extracted rows
[2026-09-11 05:34:10] Checkpoint 98/731 after PP2HC0001; 2403 extracted rows
[2026-09-11 05:34:31] Checkpoint 99/731 after PPXD10019J; 2468 extracted rows
[2026-09-11 05:34:54] Checkpoint 100/731 after PPXH10022B; 2504 extracted rows
[2026-09-11 05:35:11] Checkpoint 101/731 after PPXD10016E; 2534 extracted rows
[2026-09-11 05:35:31] Checkpoint 102/731 after PPXJ30031E; 2554 extracted rows
[2026-09-11 05:35:48] Checkpoint 103/731 after PPXJ30031G; 2574 extracted rows
[2026-09-11 05:36:08] Checkpoint 104/731 after PPXH30050B; 2592 extracted rows
[2026-09-11 05:36:25] Checkpoint 105/731 after PP2HC0011; 2592 extracted rows
[2026-09-11 05:36:35] Checkpoint 106/731 after PPXH10006A; 2601 extracted rows
[2026-09-11 05:36:52] Checkpoint 107/731 after PPXF30012A; 2611 extracted rows
[2026-09-11 05:37:07] Checkpoint 108/731 after PPXH30014B; 2638 extracted rows
[2026-09-11 05:37:22] Checkpoint 109/731 after PPXH30024F; 2683 extracted rows
[2026-09-11 05:37:38] Checkpoint 110/731 after PPXH10065A; 2692 extracted rows
[2026-09-11 05:37:55] Checkpoint 111/731 after PPXJ10002D; 2712 extracted rows
[2026-09-11 05:38:11] Checkpoint 112/731 after PP2H00015A; 2721 extracted rows
[2026-09-11 05:38:27] Checkpoint 113/731 after PPXH10055D; 2748 extracted rows
[2026-09-11 05:38:43] Checkpoint 114/731 after PPXJ30018D; 2783 extracted rows
[2026-09-11 05:39:15] Checkpoint 115/731 after PPXH30016D; 2783 extracted rows
[2026-09-11 05:39:28] Checkpoint 116/731 after PPXJ30008F; 2808 extracted rows
[2026-09-11 05:39:46] Checkpoint 117/731 after PPXF30011G; 2848 extracted rows
[2026-09-11 05:40:05] Checkpoint 118/731 after PPXJ30030I; 2873 extracted rows
[2026-09-11 05:40:24] Checkpoint 119/731 after PPXH30054A; 2909 extracted rows
[2026-09-11 05:40:39] Checkpoint 120/731 after PPXH30006C; 2936 extracted rows
[2026-09-11 05:40:39] Restarting stock browser before SKU PPXD10019Q at position 121
[2026-09-11 05:41:06] Checkpoint 121/731 after PPXD10019Q; 3001 extracted rows
[2026-09-11 05:41:24] Checkpoint 122/731 after PPXH10033D; 3037 extracted rows
[2026-09-11 05:41:41] Checkpoint 123/731 after PP2H00012A; 3055 extracted rows
[2026-09-11 05:41:57] Checkpoint 124/731 after PPXH30020E; 3109 extracted rows
[2026-09-11 05:42:15] Checkpoint 125/731 after PPXH10022D; 3145 extracted rows
[2026-09-11 05:42:33] Checkpoint 126/731 after PPXJ30022C; 3165 extracted rows
[2026-09-11 05:42:50] Checkpoint 127/731 after PPXH10009A; 3174 extracted rows
[2026-09-11 05:43:07] Checkpoint 128/731 after PP2HC10011; 3228 extracted rows
[2026-09-11 05:43:20] Checkpoint 129/731 after PPXJ10009B; 3248 extracted rows
[2026-09-11 05:43:42] Checkpoint 130/731 after PPXF30011F; 3288 extracted rows
[2026-09-11 05:43:59] Checkpoint 131/731 after PP2H00013B; 3306 extracted rows
[2026-09-11 05:44:15] Checkpoint 132/731 after PP2D00001B; 3326 extracted rows
[2026-09-11 05:45:18] Checkpoint 133/731 after PPXD10032B; 3326 extracted rows
[2026-09-11 05:45:45] Checkpoint 134/731 after PPXF30011C; 3326 extracted rows
[2026-09-11 05:46:02] Checkpoint 135/731 after PPXH30016C; 3344 extracted rows
[2026-09-11 05:46:19] Checkpoint 136/731 after PPXF30011I; 3384 extracted rows
[2026-09-11 05:46:36] Checkpoint 137/731 after PPXH30012C; 3393 extracted rows
[2026-09-11 05:46:53] Checkpoint 138/731 after PPXH10037A; 3420 extracted rows
[2026-09-11 05:47:10] Checkpoint 139/731 after PPXJ10016C; 3440 extracted rows
[2026-09-11 05:47:28] Checkpoint 140/731 after PPXJ30061B; 3450 extracted rows
[2026-09-11 05:47:44] Checkpoint 141/731 after PPXH30009F; 3522 extracted rows
[2026-09-11 05:48:12] Checkpoint 142/731 after PPXJ30030F; 3522 extracted rows
[2026-09-11 05:48:29] Checkpoint 143/731 after PPXH10022A; 3558 extracted rows
[2026-09-11 05:48:44] Checkpoint 144/731 after PPXD10022B; 3568 extracted rows
[2026-09-11 05:49:01] Checkpoint 145/731 after PPXD10030C; 3598 extracted rows
[2026-09-11 05:49:13] Checkpoint 146/731 after PPXD10020D; 3658 extracted rows
[2026-09-11 05:49:30] Checkpoint 147/731 after PPXJ30018G; 3693 extracted rows
[2026-09-11 05:49:45] Checkpoint 148/731 after PPXJ30008C; 3718 extracted rows
[2026-09-11 05:50:01] Checkpoint 149/731 after PPXH30069B; 3738 extracted rows
[2026-09-11 05:50:20] Checkpoint 150/731 after PPXJ30024F; 3753 extracted rows
[2026-09-11 05:50:39] Checkpoint 151/731 after PPXD10020B; 3813 extracted rows
[2026-09-11 05:50:59] Checkpoint 152/731 after PPXD10025B; 3818 extracted rows
[2026-09-11 05:51:18] Checkpoint 153/731 after PPXD10033A; 3843 extracted rows
[2026-09-11 05:51:34] Checkpoint 154/731 after PPXH10017Q; 3951 extracted rows
[2026-09-11 05:51:50] Checkpoint 155/731 after PPXH10044A; 3960 extracted rows
[2026-09-11 05:52:48] Checkpoint 156/731 after PP0H0A003; 3960 extracted rows
[2026-09-11 05:53:03] Checkpoint 157/731 after PPXH10015A; 3969 extracted rows
[2026-09-11 05:53:20] Checkpoint 158/731 after PPXD10019K; 4034 extracted rows
[2026-09-11 05:53:35] Checkpoint 159/731 after PPXF30051A; 4039 extracted rows
[2026-09-11 05:53:50] Checkpoint 160/731 after PPXF30022C; 4054 extracted rows
[2026-09-11 05:54:05] Checkpoint 161/731 after PPXJ30042A; 4059 extracted rows
[2026-09-11 05:54:22] Checkpoint 162/731 after PPXH10021E; 4084 extracted rows
[2026-09-11 05:54:40] Checkpoint 163/731 after PPXH10041C; 4111 extracted rows
[2026-09-11 05:54:57] Checkpoint 164/731 after PPXD10019C; 4176 extracted rows
[2026-09-11 05:56:01] Checkpoint 165/731 after PPXJ30039E; 4176 extracted rows
[2026-09-11 05:56:20] Checkpoint 166/731 after PPXH10011A; 4194 extracted rows
[2026-09-11 05:56:37] Checkpoint 167/731 after PP2H00012B; 4212 extracted rows
[2026-09-11 05:56:55] Checkpoint 168/731 after PPXJ30046B; 4232 extracted rows
[2026-09-11 05:57:11] Checkpoint 169/731 after PPXJ30019C; 4247 extracted rows
[2026-09-11 05:57:31] Checkpoint 170/731 after PPXH10017E; 4355 extracted rows
[2026-09-11 05:57:48] Checkpoint 171/731 after PPXH30050A; 4373 extracted rows
[2026-09-11 05:58:04] Checkpoint 172/731 after PPXH10074A; 4382 extracted rows
[2026-09-11 05:58:20] Checkpoint 173/731 after PPXJ10006D; 4407 extracted rows
[2026-09-11 05:58:37] Checkpoint 174/731 after PPXD10017A; 4422 extracted rows
[2026-09-11 05:59:05] Checkpoint 175/731 after PPXD10012C; 4422 extracted rows
[2026-09-11 05:59:25] Checkpoint 176/731 after PPXD10019P; 4487 extracted rows
[2026-09-11 05:59:43] Checkpoint 177/731 after PPXH30020H; 4541 extracted rows
[2026-09-11 06:00:00] Checkpoint 178/731 after PPXF10032B; 4556 extracted rows
[2026-09-11 06:00:51] Checkpoint 179/731 after PPXD10001G; 4556 extracted rows
[2026-09-11 06:01:30] Checkpoint 180/731 after PPXJ30019A; 4571 extracted rows
[2026-09-11 06:01:30] Restarting stock browser before SKU PPXH10017D at position 181
[2026-09-11 06:02:18] Checkpoint 181/731 after PPXH10017D; 4679 extracted rows
[2026-09-11 06:02:43] Checkpoint 182/731 after PPXJ30051A; 4684 extracted rows
[2026-09-11 06:03:06] Checkpoint 183/731 after PPXH30007C; 4729 extracted rows
[2026-09-11 06:03:20] Checkpoint 184/731 after PP2J00013B; 4749 extracted rows
[2026-09-11 06:03:37] Checkpoint 185/731 after PPXJ30058C; 4794 extracted rows
[2026-09-11 06:03:54] Checkpoint 186/731 after PPXH10023A; 4830 extracted rows
[2026-09-11 06:04:11] Checkpoint 187/731 after PPXF10014B; 4835 extracted rows
[2026-09-11 06:04:28] Checkpoint 188/731 after PPXJ30057A; 4865 extracted rows
[2026-09-11 06:04:55] Checkpoint 189/731 after PPXD10025A; 4865 extracted rows
[2026-09-11 06:05:14] Checkpoint 190/731 after PPXH30041A; 4874 extracted rows
[2026-09-11 06:05:25] Checkpoint 191/731 after PPXD10017B; 4889 extracted rows
[2026-09-11 06:05:41] Checkpoint 192/731 after PPXF10011A; 4904 extracted rows
[2026-09-11 06:05:58] Checkpoint 193/731 after PPXF30014A; 4914 extracted rows
[2026-09-11 06:06:15] Checkpoint 194/731 after PPXD10011E; 4934 extracted rows
[2026-09-11 06:06:31] Checkpoint 195/731 after PPXJ30062E; 4954 extracted rows
[2026-09-11 06:06:57] Checkpoint 196/731 after PPXJ30019D; 4954 extracted rows
[2026-09-11 06:07:13] Checkpoint 197/731 after PPXJ30038A; 4974 extracted rows
[2026-09-11 06:07:25] Checkpoint 198/731 after PPXH10034B; 5010 extracted rows
[2026-09-11 06:07:42] Checkpoint 199/731 after PPXD10007I; 5050 extracted rows
[2026-09-11 06:08:12] Checkpoint 200/731 after PPXD10011B; 5050 extracted rows
[2026-09-11 06:08:29] Checkpoint 201/731 after PPXH30021C; 5104 extracted rows
[2026-09-11 06:08:46] Checkpoint 202/731 after PPXF10026A; 5109 extracted rows
[2026-09-11 06:09:04] Checkpoint 203/731 after PPXD10019A; 5174 extracted rows
[2026-09-11 06:09:24] Checkpoint 204/731 after PPXF30022E; 5189 extracted rows
[2026-09-11 06:09:52] Checkpoint 205/731 after PPXH10017F; 5189 extracted rows
[2026-09-11 06:10:15] Checkpoint 206/731 after PP2J00008C; 5209 extracted rows
[2026-09-11 06:10:30] Checkpoint 207/731 after PP2J00014D; 5229 extracted rows
[2026-09-11 06:10:53] Checkpoint 208/731 after PPXH10017C; 5337 extracted rows
[2026-09-11 06:11:15] Checkpoint 209/731 after PPXD10030F; 5367 extracted rows
[2026-09-11 06:11:34] Checkpoint 210/731 after PP2HC0013; 5387 extracted rows
[2026-09-11 06:11:51] Checkpoint 211/731 after PPXH10067A; 5396 extracted rows
[2026-09-11 06:12:09] Checkpoint 212/731 after PPXJ30007D; 5406 extracted rows
[2026-09-11 06:12:27] Checkpoint 213/731 after PP2J00001C; 5426 extracted rows
[2026-09-11 06:12:44] Checkpoint 214/731 after PP2D00001C; 5446 extracted rows
[2026-09-11 06:13:01] Checkpoint 215/731 after PPXJ10002A; 5466 extracted rows
[2026-09-11 06:13:19] Checkpoint 216/731 after PPXJ30030B; 5491 extracted rows
[2026-09-11 06:13:47] Checkpoint 217/731 after PPXJ30036D; 5491 extracted rows
[2026-09-11 06:14:05] Checkpoint 218/731 after PPXJ10016D; 5511 extracted rows
[2026-09-11 06:14:21] Checkpoint 219/731 after PPXD10001A; 5521 extracted rows
[2026-09-11 06:14:39] Checkpoint 220/731 after PPXH10019C; 5548 extracted rows
[2026-09-11 06:14:55] Checkpoint 221/731 after PPXH30037I; 5575 extracted rows
[2026-09-11 06:15:16] Checkpoint 222/731 after PPXJ30027B; 5610 extracted rows
[2026-09-11 06:15:36] Checkpoint 223/731 after PPXH30017A; 5619 extracted rows
[2026-09-11 06:15:55] Checkpoint 224/731 after PPXJ30058A; 5664 extracted rows
[2026-09-11 06:16:14] Checkpoint 225/731 after PPXH30020A; 5718 extracted rows
[2026-09-11 06:16:30] Checkpoint 226/731 after PP2H00011B; 5745 extracted rows
[2026-09-11 06:16:47] Checkpoint 227/731 after PPXJ30058F; 5790 extracted rows
[2026-09-11 06:17:03] Checkpoint 228/731 after PPXH30046A; 5799 extracted rows
[2026-09-11 06:18:06] Checkpoint 229/731 after PP0H0A001; 5799 extracted rows
[2026-09-11 06:18:24] Checkpoint 230/731 after PPXJ10003D; 5829 extracted rows
[2026-09-11 06:18:42] Checkpoint 231/731 after PPXH10034A; 5865 extracted rows
[2026-09-11 06:19:01] Checkpoint 232/731 after PPXJ10008F; 5900 extracted rows
[2026-09-11 06:19:22] Checkpoint 233/731 after PPXH30022F; 5954 extracted rows
[2026-09-11 06:19:42] Checkpoint 234/731 after PPXJ30022E; 5974 extracted rows
[2026-09-11 06:20:16] Checkpoint 235/731 after PPXH10049A; 5974 extracted rows
[2026-09-11 06:20:49] Checkpoint 236/731 after PPXH30037B; 5974 extracted rows
[2026-09-11 06:21:11] Checkpoint 237/731 after PPXJ30027E; 6009 extracted rows
[2026-09-11 06:21:32] Checkpoint 238/731 after PPXH30032D; 6044 extracted rows
[2026-09-11 06:22:04] Checkpoint 239/731 after PPXD10007C; 6044 extracted rows
[2026-09-11 06:22:27] Checkpoint 240/731 after PPXH10017K; 6152 extracted rows
[2026-09-11 06:22:27] Restarting stock browser before SKU PPXJ30048D at position 241
[2026-09-11 06:22:55] Checkpoint 241/731 after PPXJ30048D; 6167 extracted rows
[2026-09-11 06:23:14] Checkpoint 242/731 after PPXD10032A; 6187 extracted rows
[2026-09-11 06:23:41] Checkpoint 243/731 after PPXD10001F; 6187 extracted rows
[2026-09-11 06:23:59] Checkpoint 244/731 after PPXJ30050B; 6197 extracted rows
[2026-09-11 06:24:17] Checkpoint 245/731 after PPXH10017S; 6305 extracted rows
[2026-09-11 06:24:37] Checkpoint 246/731 after PPXJ30054B; 6320 extracted rows
[2026-09-11 06:24:54] Checkpoint 247/731 after PPXF30011H; 6360 extracted rows
[2026-09-11 06:26:15] Checkpoint 248/731 after PP2J00012C; 6360 extracted rows
[2026-09-11 06:26:33] Checkpoint 249/731 after PPXD10016D; 6390 extracted rows
[2026-09-11 06:26:54] Checkpoint 250/731 after PP2H00011A; 6417 extracted rows
[2026-09-11 06:27:14] Checkpoint 251/731 after PPXJ10020B; 6437 extracted rows
[2026-09-11 06:27:34] Checkpoint 252/731 after PPXJ10021D; 6457 extracted rows
[2026-09-11 06:27:51] Checkpoint 253/731 after PPXJ30025F; 6467 extracted rows
[2026-09-11 06:28:09] Checkpoint 254/731 after PPXD10002A; 6477 extracted rows
[2026-09-11 06:28:25] Checkpoint 255/731 after PPXH10007A; 6504 extracted rows
[2026-09-11 06:28:45] Checkpoint 256/731 after PPXH10021B; 6529 extracted rows
[2026-09-11 06:29:03] Checkpoint 257/731 after PP2H00008A; 6583 extracted rows
[2026-09-11 06:29:23] Checkpoint 258/731 after PPXD10020J; 6643 extracted rows
[2026-09-11 06:29:41] Checkpoint 259/731 after PPXH10066C; 6670 extracted rows
[2026-09-11 06:29:57] Checkpoint 260/731 after PPXJ10002E; 6690 extracted rows
[2026-09-11 06:30:21] Checkpoint 261/731 after PP2J00010C; 6710 extracted rows
[2026-09-11 06:30:41] Checkpoint 262/731 after PPXF10013A; 6720 extracted rows
[2026-09-11 06:31:11] Checkpoint 263/731 after PPXH10017I; 6720 extracted rows
[2026-09-11 06:31:28] Checkpoint 264/731 after PPXF10034A; 6725 extracted rows
[2026-09-11 06:31:45] Checkpoint 265/731 after PP2J00010D; 6745 extracted rows
[2026-09-11 06:32:14] Checkpoint 266/731 after PPXD10019E; 6745 extracted rows
[2026-09-11 06:32:33] Checkpoint 267/731 after PPXJ30047B; 6755 extracted rows
[2026-09-11 06:32:50] Checkpoint 268/731 after PPXJ30038E; 6775 extracted rows
[2026-09-11 06:33:08] Checkpoint 269/731 after PPXJ30063D; 6795 extracted rows
[2026-09-11 06:33:26] Checkpoint 270/731 after PPXD10007G; 6835 extracted rows
[2026-09-11 06:33:43] Checkpoint 271/731 after PPXJ30062D; 6855 extracted rows
[2026-09-11 06:34:10] Checkpoint 272/731 after PPXD10029B; 6855 extracted rows
[2026-09-11 06:34:28] Checkpoint 273/731 after PPXH10034D; 6891 extracted rows
[2026-09-11 06:34:45] Checkpoint 274/731 after PPXJ30003A; 6916 extracted rows
[2026-09-11 06:35:02] Checkpoint 275/731 after PPXD10023E; 6941 extracted rows
[2026-09-11 06:35:23] Checkpoint 276/731 after PP2H00017B; 6959 extracted rows
[2026-09-11 06:35:40] Checkpoint 277/731 after PPXH30010A; 6968 extracted rows
[2026-09-11 06:35:59] Checkpoint 278/731 after PP2H00011C; 6995 extracted rows
[2026-09-11 06:36:18] Checkpoint 279/731 after PP2J00001B; 7015 extracted rows
[2026-09-11 06:36:35] Checkpoint 280/731 after PPXF30006B; 7035 extracted rows
[2026-09-11 06:36:53] Checkpoint 281/731 after PPXH30020F; 7089 extracted rows
[2026-09-11 06:37:23] Checkpoint 282/731 after PPXJ30029D; 7089 extracted rows
[2026-09-11 06:37:42] Checkpoint 283/731 after PPXH10023C; 7125 extracted rows
[2026-09-11 06:38:50] Checkpoint 284/731 after PP0H0A028; 7125 extracted rows
[2026-09-11 06:39:10] Checkpoint 285/731 after PPXD10019O; 7190 extracted rows
[2026-09-11 06:39:31] Checkpoint 286/731 after PPXJ30053C; 7205 extracted rows
[2026-09-11 06:39:52] Checkpoint 287/731 after PPXD10020K; 7265 extracted rows
[2026-09-11 06:40:17] Checkpoint 288/731 after PP2J00008D; 7285 extracted rows
[2026-09-11 06:40:39] Checkpoint 289/731 after PPXJ30026G; 7310 extracted rows
[2026-09-11 06:41:03] Checkpoint 290/731 after PPXJ30030D; 7335 extracted rows
[2026-09-11 06:41:23] Checkpoint 291/731 after PPXH30006B; 7362 extracted rows
[2026-09-11 06:41:37] Checkpoint 292/731 after PPXH10059A; 7367 extracted rows
[2026-09-11 06:41:49] Checkpoint 293/731 after PPXJ30008E; 7392 extracted rows
[2026-09-11 06:42:02] Checkpoint 294/731 after PPXJ30054C; 7407 extracted rows
[2026-09-11 06:42:15] Checkpoint 295/731 after PPXJ30058D; 7452 extracted rows
[2026-09-11 06:42:36] Checkpoint 296/731 after PP2HC0006; 7461 extracted rows
[2026-09-11 06:42:54] Checkpoint 297/731 after PPXH30030C; 7479 extracted rows
[2026-09-11 06:43:19] Checkpoint 298/731 after PPXJ10002C; 7499 extracted rows
[2026-09-11 06:43:49] Checkpoint 299/731 after PPXH10004A; 7499 extracted rows
[2026-09-11 06:44:07] Checkpoint 300/731 after PPXJ10021B; 7519 extracted rows
[2026-09-11 06:44:07] Restarting stock browser before SKU PPXH10039B at position 301
[2026-09-11 06:44:35] Checkpoint 301/731 after PPXH10039B; 7537 extracted rows
[2026-09-11 06:44:55] Checkpoint 302/731 after PPXF10001I; 7562 extracted rows
[2026-09-11 06:45:12] Checkpoint 303/731 after PP2J00010A; 7582 extracted rows
[2026-09-11 06:45:31] Checkpoint 304/731 after PPXJ10017B; 7592 extracted rows
[2026-09-11 06:45:50] Checkpoint 305/731 after PPXH30009B; 7664 extracted rows
[2026-09-11 06:46:09] Checkpoint 306/731 after PPXF10002A; 7669 extracted rows
[2026-09-11 06:46:26] Checkpoint 307/731 after PPXH10032C; 7750 extracted rows
[2026-09-11 06:46:43] Checkpoint 308/731 after PPXH10031B; 7795 extracted rows
[2026-09-11 06:47:00] Checkpoint 309/731 after PP2H00018A; 7813 extracted rows
[2026-09-11 06:47:16] Checkpoint 310/731 after PPXH10042B; 7831 extracted rows
[2026-09-11 06:47:32] Checkpoint 311/731 after PPXH30006A; 7858 extracted rows
[2026-09-11 06:47:45] Checkpoint 312/731 after PP2J00013C; 7878 extracted rows
[2026-09-11 06:47:56] Checkpoint 313/731 after PPXH30001A; 7887 extracted rows
[2026-09-11 06:48:56] Checkpoint 314/731 after PP0H0A036; 7887 extracted rows
[2026-09-11 06:49:13] Checkpoint 315/731 after PPXJ30035A; 7897 extracted rows
[2026-09-11 06:49:30] Checkpoint 316/731 after PP2J00008A; 7917 extracted rows
[2026-09-11 06:49:47] Checkpoint 317/731 after PPXJ30012A; 7942 extracted rows
[2026-09-11 06:49:59] Checkpoint 318/731 after PPXJ30012D; 7967 extracted rows
[2026-09-11 06:50:21] Checkpoint 319/731 after PPXJ30046A; 7987 extracted rows
[2026-09-11 06:50:40] Checkpoint 320/731 after PP2H00020A; 7996 extracted rows
[2026-09-11 06:50:58] Checkpoint 321/731 after PPXF30011A; 8036 extracted rows
[2026-09-11 06:51:21] Checkpoint 322/731 after PPXH10010F; 8081 extracted rows
[2026-09-11 06:51:37] Checkpoint 323/731 after PPXH10030B; 8099 extracted rows
[2026-09-11 06:51:48] Checkpoint 324/731 after PPXJ30046D; 8119 extracted rows
[2026-09-11 06:52:06] Checkpoint 325/731 after PPXD10023B; 8144 extracted rows
[2026-09-11 06:52:24] Checkpoint 326/731 after PPXJ30007F; 8154 extracted rows
[2026-09-11 06:52:41] Checkpoint 327/731 after PPXH10032O; 8235 extracted rows
[2026-09-11 06:52:59] Checkpoint 328/731 after PPXJ30063E; 8255 extracted rows
[2026-09-11 06:53:17] Checkpoint 329/731 after PPXJ30011E; 8275 extracted rows
[2026-09-11 06:53:31] Checkpoint 330/731 after PP2J00013A; 8295 extracted rows
[2026-09-11 06:53:48] Checkpoint 331/731 after PPXH10012A; 8304 extracted rows
[2026-09-11 06:54:05] Checkpoint 332/731 after PPXH10064B; 8313 extracted rows
[2026-09-11 06:54:22] Checkpoint 333/731 after PPXD10019M; 8378 extracted rows
[2026-09-11 06:54:36] Checkpoint 334/731 after PPXD10030A; 8408 extracted rows
[2026-09-11 06:54:52] Checkpoint 335/731 after PPXJ30040C; 8413 extracted rows
[2026-09-11 06:55:10] Checkpoint 336/731 after PPXH30022A; 8467 extracted rows
[2026-09-11 06:55:29] Checkpoint 337/731 after PPXD10019T; 8532 extracted rows
[2026-09-11 06:55:46] Checkpoint 338/731 after PPXJ30002A; 8557 extracted rows
[2026-09-11 06:56:01] Checkpoint 339/731 after PPXJ30058H; 8602 extracted rows
[2026-09-11 06:56:20] Checkpoint 340/731 after PPXJ30012F; 8627 extracted rows
[2026-09-11 06:56:36] Checkpoint 341/731 after PPXJ30037D; 8632 extracted rows
[2026-09-11 06:56:54] Checkpoint 342/731 after PPXH30009H; 8704 extracted rows
[2026-09-11 06:57:07] Checkpoint 343/731 after PP2H00018B; 8722 extracted rows
[2026-09-11 06:57:24] Checkpoint 344/731 after PPXH10019A; 8749 extracted rows
[2026-09-11 06:57:41] Checkpoint 345/731 after PPXD10012E; 8754 extracted rows
[2026-09-11 06:57:56] Checkpoint 346/731 after PPXH30002A; 8763 extracted rows
[2026-09-11 06:58:15] Checkpoint 347/731 after PPXD10020O; 8823 extracted rows
[2026-09-11 06:58:42] Checkpoint 348/731 after PPXD10021B; 8823 extracted rows
[2026-09-11 06:59:00] Checkpoint 349/731 after PPXD10020A; 8883 extracted rows
[2026-09-11 06:59:17] Checkpoint 350/731 after PPXH10002B; 8892 extracted rows
[2026-09-11 06:59:33] Checkpoint 351/731 after PPXJ10006A; 8917 extracted rows
[2026-09-11 06:59:49] Checkpoint 352/731 after PPXJ30016A; 8927 extracted rows
[2026-09-11 07:00:06] Checkpoint 353/731 after PPXD10008B; 8932 extracted rows
[2026-09-11 07:00:26] Checkpoint 354/731 after PPXJ30041D; 8967 extracted rows
[2026-09-11 07:01:01] Checkpoint 355/731 after PPXJ10001B; 8967 extracted rows
[2026-09-11 07:01:22] Checkpoint 356/731 after PPXD10007E; 9007 extracted rows
[2026-09-11 07:01:50] Checkpoint 357/731 after PP2J00005C; 9007 extracted rows
[2026-09-11 07:02:08] Checkpoint 358/731 after PP2HC0038; 9016 extracted rows
[2026-09-11 07:02:23] Checkpoint 359/731 after PPXJ30027D; 9051 extracted rows
[2026-09-11 07:02:40] Checkpoint 360/731 after PPXJ30009F; 9061 extracted rows
[2026-09-11 07:02:40] Restarting stock browser before SKU PPXJ30060C at position 361
[2026-09-11 07:03:22] Stock browser login attempt 1/4 failed: Could not locate Profuomo login form fields
[2026-09-11 07:03:58] Stock browser login attempt 2/4 failed: Could not locate Profuomo login form fields
[2026-09-11 07:04:32] Checkpoint 361/731 after PPXJ30060C; 9076 extracted rows
[2026-09-11 07:04:48] Checkpoint 362/731 after PPXH10035A; 9103 extracted rows
[2026-09-11 07:05:16] Checkpoint 363/731 after PPXH10002A; 9103 extracted rows
[2026-09-11 07:05:31] Checkpoint 364/731 after PPXD10016C; 9133 extracted rows
[2026-09-11 07:05:47] Checkpoint 365/731 after PPXD10009D; 9148 extracted rows
[2026-09-11 07:06:03] Checkpoint 366/731 after PPXH30039B; 9166 extracted rows
[2026-09-11 07:06:19] Checkpoint 367/731 after PPXH30067C; 9186 extracted rows
[2026-09-11 07:06:34] Checkpoint 368/731 after PPXF10035A; 9196 extracted rows
[2026-09-11 07:06:48] Checkpoint 369/731 after PP2HC10009; 9205 extracted rows
[2026-09-11 07:07:03] Checkpoint 370/731 after PPXJ30064A; 9210 extracted rows
[2026-09-11 07:07:19] Checkpoint 371/731 after PPXJ30020B; 9225 extracted rows
[2026-09-11 07:07:35] Checkpoint 372/731 after PPXH10034C; 9261 extracted rows
[2026-09-11 07:07:50] Checkpoint 373/731 after PPXJ30013C; 9281 extracted rows
[2026-09-11 07:08:05] Checkpoint 374/731 after PPXJ30047F; 9291 extracted rows
[2026-09-11 07:08:20] Checkpoint 375/731 after PPXJ30026A; 9316 extracted rows
[2026-09-11 07:08:36] Checkpoint 376/731 after PPXJ30010E; 9341 extracted rows
[2026-09-11 07:08:52] Checkpoint 377/731 after PPXF10035B; 9351 extracted rows
[2026-09-11 07:09:09] Checkpoint 378/731 after PPXH10011B; 9369 extracted rows
[2026-09-11 07:09:22] Checkpoint 379/731 after PPXJ10008E; 9404 extracted rows
[2026-09-11 07:09:46] Checkpoint 380/731 after PPXD10028A; 9414 extracted rows
[2026-09-11 07:10:04] Checkpoint 381/731 after PPXJ10020A; 9434 extracted rows
[2026-09-11 07:10:23] Checkpoint 382/731 after PPXJ10008A; 9469 extracted rows
[2026-09-11 07:10:42] Checkpoint 383/731 after PP0H0A015; 9478 extracted rows
[2026-09-11 07:10:58] Checkpoint 384/731 after PPXH30014C; 9505 extracted rows
[2026-09-11 07:11:15] Checkpoint 385/731 after PP2HC10014; 9550 extracted rows
[2026-09-11 07:11:34] Checkpoint 386/731 after PPXD10023A; 9575 extracted rows
[2026-09-11 07:12:01] Checkpoint 387/731 after PPXH30020G; 9575 extracted rows
[2026-09-11 07:12:23] Checkpoint 388/731 after PPXH30009C; 9647 extracted rows
[2026-09-11 07:12:41] Checkpoint 389/731 after PP2H00008C; 9701 extracted rows
[2026-09-11 07:12:53] Checkpoint 390/731 after PPXH30054C; 9737 extracted rows
[2026-09-11 07:13:10] Checkpoint 391/731 after PPXD10029D; 9752 extracted rows
[2026-09-11 07:13:36] Checkpoint 392/731 after PPXD10012B; 9752 extracted rows
[2026-09-11 07:13:52] Checkpoint 393/731 after PPXJ30063A; 9772 extracted rows
[2026-09-11 07:14:12] Checkpoint 394/731 after PPXJ10020D; 9792 extracted rows
[2026-09-11 07:14:30] Checkpoint 395/731 after PPXJ30045A; 9797 extracted rows
[2026-09-11 07:14:47] Checkpoint 396/731 after PPXJ30006B; 9807 extracted rows
[2026-09-11 07:15:23] Checkpoint 397/731 after PPXJ30028J; 9807 extracted rows
[2026-09-11 07:15:45] Checkpoint 398/731 after PPXF10032A; 9822 extracted rows
[2026-09-11 07:16:08] Checkpoint 399/731 after PPXJ30060E; 9837 extracted rows
[2026-09-11 07:16:29] Checkpoint 400/731 after PPXJ30046C; 9857 extracted rows
[2026-09-11 07:16:47] Checkpoint 401/731 after PPXJ30038D; 9877 extracted rows
[2026-09-11 07:17:07] Checkpoint 402/731 after PPXJ30052C; 9897 extracted rows
[2026-09-11 07:17:28] Checkpoint 403/731 after PP2H00001D; 9933 extracted rows
[2026-09-11 07:17:46] Checkpoint 404/731 after PPXH30007B; 9978 extracted rows
[2026-09-11 07:18:06] Checkpoint 405/731 after PPXJ10021C; 9998 extracted rows
[2026-09-11 07:18:27] Checkpoint 406/731 after PPXD10006D; 10013 extracted rows
[2026-09-11 07:18:48] Checkpoint 407/731 after PPXH10058A; 10023 extracted rows
[2026-09-11 07:19:04] Checkpoint 408/731 after PPXH30022D; 10077 extracted rows
[2026-09-11 07:19:29] Checkpoint 409/731 after PPXF10004B; 10082 extracted rows
[2026-09-11 07:19:50] Checkpoint 410/731 after PPXJ30018H; 10117 extracted rows
[2026-09-11 07:20:07] Checkpoint 411/731 after PPXH30007D; 10162 extracted rows
[2026-09-11 07:20:32] Checkpoint 412/731 after PPXH10017M; 10270 extracted rows
[2026-09-11 07:20:49] Checkpoint 413/731 after PPXJ30001D; 10295 extracted rows
[2026-09-11 07:21:05] Checkpoint 414/731 after PPXD10017C; 10310 extracted rows
[2026-09-11 07:21:21] Checkpoint 415/731 after PPXJ30029G; 10340 extracted rows
[2026-09-11 07:21:42] Checkpoint 416/731 after PPXJ10013D; 10350 extracted rows
[2026-09-11 07:22:00] Checkpoint 417/731 after PPXJ30041F; 10385 extracted rows
[2026-09-11 07:22:20] Checkpoint 418/731 after PPXD10020R; 10445 extracted rows
[2026-09-11 07:22:51] Checkpoint 419/731 after PPXD10010B; 10445 extracted rows
[2026-09-11 07:23:11] Checkpoint 420/731 after PPXD10028F; 10455 extracted rows
[2026-09-11 07:23:11] Restarting stock browser before SKU PPXH10032D at position 421
[2026-09-11 07:23:38] Checkpoint 421/731 after PPXH10032D; 10536 extracted rows
[2026-09-11 07:23:57] Checkpoint 422/731 after PPXJ30010F; 10561 extracted rows
[2026-09-11 07:24:14] Checkpoint 423/731 after PPXD10016F; 10591 extracted rows
[2026-09-11 07:24:31] Checkpoint 424/731 after PPXH30024D; 10636 extracted rows
[2026-09-11 07:24:49] Checkpoint 425/731 after PPXH10066B; 10663 extracted rows
[2026-09-11 07:25:09] Checkpoint 426/731 after PPXH10001A; 10672 extracted rows
[2026-09-11 07:25:23] Checkpoint 427/731 after PPXJ10003E; 10702 extracted rows
[2026-09-11 07:25:58] Checkpoint 428/731 after PPXJ30006A; 10702 extracted rows
[2026-09-11 07:26:19] Checkpoint 429/731 after PPXH10018A; 10738 extracted rows
[2026-09-11 07:26:37] Checkpoint 430/731 after PPXD10019R; 10803 extracted rows
[2026-09-11 07:26:57] Checkpoint 431/731 after PPXH10031A; 10848 extracted rows
[2026-09-11 07:27:18] Checkpoint 432/731 after PPXF10011B; 10863 extracted rows
[2026-09-11 07:27:37] Checkpoint 433/731 after PP2J00001D; 10883 extracted rows
[2026-09-11 07:27:54] Checkpoint 434/731 after PPXJ30006D; 10893 extracted rows
[2026-09-11 07:28:12] Checkpoint 435/731 after PP2HC0014; 10913 extracted rows
[2026-09-11 07:28:33] Checkpoint 436/731 after PPXH10037B; 10940 extracted rows
[2026-09-11 07:28:53] Checkpoint 437/731 after PPXD10007B; 10980 extracted rows
[2026-09-11 07:29:14] Checkpoint 438/731 after PPXJ30012C; 11005 extracted rows
[2026-09-11 07:29:27] Checkpoint 439/731 after PPXJ30010C; 11030 extracted rows
[2026-09-11 07:29:56] Checkpoint 440/731 after PPXF30050B; 11030 extracted rows
[2026-09-11 07:30:24] Checkpoint 441/731 after PPXJ30010A; 11055 extracted rows
[2026-09-11 07:30:51] Checkpoint 442/731 after PPXJ30028E; 11085 extracted rows
[2026-09-11 07:31:14] Checkpoint 443/731 after PPXH10021D; 11110 extracted rows
[2026-09-11 07:31:34] Checkpoint 444/731 after PP2J00009D; 11130 extracted rows
[2026-09-11 07:31:52] Checkpoint 445/731 after PPXJ10008C; 11165 extracted rows
[2026-09-11 07:32:11] Checkpoint 446/731 after PP2HC10013; 11210 extracted rows
[2026-09-11 07:32:29] Checkpoint 447/731 after PPXJ30003E; 11235 extracted rows
[2026-09-11 07:32:41] Checkpoint 448/731 after PPXF10013B; 11245 extracted rows
[2026-09-11 07:33:01] Checkpoint 449/731 after PPXH30021G; 11299 extracted rows
[2026-09-11 07:33:22] Checkpoint 450/731 after PPXH30027A; 11317 extracted rows
[2026-09-11 07:33:41] Checkpoint 451/731 after PPXH30008A; 11326 extracted rows
[2026-09-11 07:33:57] Checkpoint 452/731 after PPXH30057C; 11353 extracted rows
[2026-09-11 07:34:11] Checkpoint 453/731 after PPXJ30025C; 11363 extracted rows
[2026-09-11 07:34:29] Checkpoint 454/731 after PPXJ10004A; 11378 extracted rows
[2026-09-11 07:34:47] Checkpoint 455/731 after PPXD10023D; 11403 extracted rows
[2026-09-11 07:35:07] Checkpoint 456/731 after PPXH30039C; 11421 extracted rows
[2026-09-11 07:35:40] Checkpoint 457/731 after PPXH30023A; 11421 extracted rows
[2026-09-11 07:36:04] Checkpoint 458/731 after PPXJ30022B; 11441 extracted rows
[2026-09-11 07:36:27] Checkpoint 459/731 after PP2HC10006; 11495 extracted rows
[2026-09-11 07:36:49] Checkpoint 460/731 after PPXD10006C; 11510 extracted rows
[2026-09-11 07:37:24] Checkpoint 461/731 after PPXH10052A; 11510 extracted rows
[2026-09-11 07:37:45] Checkpoint 462/731 after PPXJ30027C; 11545 extracted rows
[2026-09-11 07:38:22] Checkpoint 463/731 after PPXJ30037E; 11545 extracted rows
[2026-09-11 07:38:44] Checkpoint 464/731 after PPXH10017N; 11653 extracted rows
[2026-09-11 07:39:24] Checkpoint 465/731 after PP2H00006A; 11653 extracted rows
[2026-09-11 07:39:39] Checkpoint 466/731 after PPXJ30011A; 11673 extracted rows
[2026-09-11 07:40:07] Checkpoint 467/731 after PPXJ30057E; 11703 extracted rows
[2026-09-11 07:40:25] Checkpoint 468/731 after PPXH30057B; 11730 extracted rows
[2026-09-11 07:40:42] Checkpoint 469/731 after PPXJ30057B; 11760 extracted rows
[2026-09-11 07:41:58] Checkpoint 470/731 after PP2J00012A; 11760 extracted rows
[2026-09-11 07:42:19] Checkpoint 471/731 after PPXJ30053B; 11775 extracted rows
[2026-09-11 07:42:38] Checkpoint 472/731 after PPXJ30011C; 11795 extracted rows
[2026-09-11 07:43:42] Checkpoint 473/731 after PP0H0A025; 11795 extracted rows
[2026-09-11 07:44:07] Checkpoint 474/731 after PPXH30005C; 11822 extracted rows
[2026-09-11 07:44:33] Checkpoint 475/731 after PPXF30007C; 11832 extracted rows
[2026-09-11 07:44:58] Checkpoint 476/731 after PPXJ30063C; 11852 extracted rows
[2026-09-11 07:45:25] Checkpoint 477/731 after PPXJ10003B; 11882 extracted rows
[2026-09-11 07:45:48] Checkpoint 478/731 after PPXJ30041G; 11917 extracted rows
[2026-09-11 07:46:25] Checkpoint 479/731 after PPXJ30054A; 11917 extracted rows
[2026-09-11 07:46:44] Checkpoint 480/731 after PPXH30037D; 11944 extracted rows
[2026-09-11 07:46:44] Restarting stock browser before SKU PPXH30009D at position 481
[2026-09-11 07:47:10] Checkpoint 481/731 after PPXH30009D; 12016 extracted rows
[2026-09-11 07:47:28] Checkpoint 482/731 after PPXH10033G; 12052 extracted rows
[2026-09-11 07:47:46] Checkpoint 483/731 after PPXH30062A; 12062 extracted rows
[2026-09-11 07:48:03] Checkpoint 484/731 after PPXH10029A; 12071 extracted rows
[2026-09-11 07:48:21] Checkpoint 485/731 after PPXJ30011F; 12091 extracted rows
[2026-09-11 07:48:49] Checkpoint 486/731 after PPXH10066A; 12091 extracted rows
[2026-09-11 07:49:11] Checkpoint 487/731 after PPXH30054B; 12127 extracted rows
[2026-09-11 07:49:30] Checkpoint 488/731 after PPXH10072B; 12136 extracted rows
[2026-09-11 07:49:48] Checkpoint 489/731 after PPXJ30009D; 12146 extracted rows
[2026-09-11 07:50:06] Checkpoint 490/731 after PPXH30009E; 12218 extracted rows
[2026-09-11 07:50:23] Checkpoint 491/731 after PPXH10017B; 12326 extracted rows
[2026-09-11 07:50:46] Checkpoint 492/731 after PPXH30042A; 12335 extracted rows
[2026-09-11 07:51:19] Checkpoint 493/731 after PPXD10012F; 12335 extracted rows
[2026-09-11 07:51:36] Checkpoint 494/731 after PPXH30067B; 12355 extracted rows
[2026-09-11 07:51:53] Checkpoint 495/731 after PP2D00001A; 12375 extracted rows
[2026-09-11 07:52:12] Checkpoint 496/731 after PP2H00005C; 12420 extracted rows
[2026-09-11 07:52:42] Checkpoint 497/731 after PPXD10014B; 12420 extracted rows
[2026-09-11 07:53:03] Checkpoint 498/731 after PPXJ30052B; 12440 extracted rows
[2026-09-11 07:53:18] Checkpoint 499/731 after PPXD10003C; 12465 extracted rows
[2026-09-11 07:53:49] Checkpoint 500/731 after PP2H00002A; 12465 extracted rows
[2026-09-11 07:54:07] Checkpoint 501/731 after PPXJ30029A; 12495 extracted rows
[2026-09-11 07:54:27] Checkpoint 502/731 after PPXH30020B; 12549 extracted rows
[2026-09-11 07:54:57] Checkpoint 503/731 after PPXJ30028G; 12549 extracted rows
[2026-09-11 07:55:20] Checkpoint 504/731 after PPXD10007D; 12589 extracted rows
[2026-09-11 07:55:39] Checkpoint 505/731 after PPXH10033F; 12625 extracted rows
[2026-09-11 07:56:02] Checkpoint 506/731 after PPXH10018D; 12661 extracted rows
[2026-09-11 07:56:23] Checkpoint 507/731 after PPXH30007E; 12706 extracted rows
[2026-09-11 07:56:41] Checkpoint 508/731 after PPXF30013B; 12716 extracted rows
[2026-09-11 07:56:59] Checkpoint 509/731 after PPXJ30041A; 12751 extracted rows
[2026-09-11 07:57:21] Checkpoint 510/731 after PPXH10032E; 12832 extracted rows
[2026-09-11 07:57:34] Checkpoint 511/731 after PPXF30020C; 12842 extracted rows
[2026-09-11 07:57:52] Checkpoint 512/731 after PPXH30038A; 12851 extracted rows
[2026-09-11 07:58:10] Checkpoint 513/731 after PPXJ30013E; 12871 extracted rows
[2026-09-11 07:58:30] Checkpoint 514/731 after PPXJ30057F; 12901 extracted rows
[2026-09-11 07:58:46] Checkpoint 515/731 after PPXD10003E; 12926 extracted rows
[2026-09-11 07:59:07] Checkpoint 516/731 after PPXJ30018F; 12961 extracted rows
[2026-09-11 07:59:22] Checkpoint 517/731 after PP2H00019A; 12970 extracted rows
[2026-09-11 07:59:35] Checkpoint 518/731 after PPXH10014A; 12979 extracted rows
[2026-09-11 07:59:52] Checkpoint 519/731 after PPXH10066D; 13006 extracted rows
[2026-09-11 08:00:23] Checkpoint 520/731 after PPXJ30018E; 13041 extracted rows
[2026-09-11 08:00:56] Checkpoint 521/731 after PPXH10039A; 13059 extracted rows
[2026-09-11 08:01:39] Checkpoint 522/731 after PPXD10005A; 13059 extracted rows
[2026-09-11 08:02:04] Checkpoint 523/731 after PPXJ30002D; 13084 extracted rows
[2026-09-11 08:02:30] Checkpoint 524/731 after PPXH10019B; 13111 extracted rows
[2026-09-11 08:02:54] Checkpoint 525/731 after PPXD10006A; 13126 extracted rows
[2026-09-11 08:03:18] Checkpoint 526/731 after PPXD10033C; 13151 extracted rows
[2026-09-11 08:03:40] Checkpoint 527/731 after PPXJ10014A; 13161 extracted rows
[2026-09-11 08:04:01] Checkpoint 528/731 after PPXD10007F; 13201 extracted rows
[2026-09-11 08:04:25] Checkpoint 529/731 after PPXH30065A; 13211 extracted rows
[2026-09-11 08:04:45] Checkpoint 530/731 after PPXJ30041E; 13246 extracted rows
[2026-09-11 08:05:08] Checkpoint 531/731 after PPXJ30035B; 13256 extracted rows
[2026-09-11 08:05:33] Checkpoint 532/731 after PPXH30022B; 13310 extracted rows
[2026-09-11 08:05:56] Checkpoint 533/731 after PP2H00013A; 13328 extracted rows
[2026-09-11 08:06:18] Checkpoint 534/731 after PPXJ30023E; 13353 extracted rows
[2026-09-11 08:06:44] Checkpoint 535/731 after PPXF10001A; 13378 extracted rows
[2026-09-11 08:07:11] Checkpoint 536/731 after PPXH10037E; 13378 extracted rows
[2026-09-11 08:07:28] Checkpoint 537/731 after PPXH30009I; 13450 extracted rows
[2026-09-11 08:07:47] Checkpoint 538/731 after PPXF30011J; 13490 extracted rows
[2026-09-11 08:08:01] Checkpoint 539/731 after PPXH10010E; 13535 extracted rows
[2026-09-11 08:08:22] Checkpoint 540/731 after PPXJ30057C; 13565 extracted rows
[2026-09-11 08:08:22] Restarting stock browser before SKU PPXF30025A at position 541
[2026-09-11 08:08:51] Checkpoint 541/731 after PPXF30025A; 13570 extracted rows
[2026-09-11 08:09:11] Checkpoint 542/731 after PPXJ30013A; 13590 extracted rows
[2026-09-11 08:09:31] Checkpoint 543/731 after PPXJ30062A; 13610 extracted rows
[2026-09-11 08:09:52] Checkpoint 544/731 after PPXJ10003A; 13640 extracted rows
[2026-09-11 08:10:10] Checkpoint 545/731 after PPXJ30029B; 13670 extracted rows
[2026-09-11 08:10:33] Checkpoint 546/731 after PPXJ10001A; 13685 extracted rows
[2026-09-11 08:11:50] Checkpoint 547/731 after PP0H0A004; 13685 extracted rows
[2026-09-11 08:12:25] Checkpoint 548/731 after PPXF30050A; 13685 extracted rows
[2026-09-11 08:12:47] Checkpoint 549/731 after PPXH10036A; 13700 extracted rows
[2026-09-11 08:13:03] Checkpoint 550/731 after PPXF30007B; 13710 extracted rows
[2026-09-11 08:13:25] Checkpoint 551/731 after PPXD10002B; 13720 extracted rows
[2026-09-11 08:13:45] Checkpoint 552/731 after PPXJ30016B; 13730 extracted rows
[2026-09-11 08:14:08] Checkpoint 553/731 after PPXD10009C; 13745 extracted rows
[2026-09-11 08:14:33] Checkpoint 554/731 after PPXD10021E; 13760 extracted rows
[2026-09-11 08:14:55] Checkpoint 555/731 after PPXJ30018A; 13795 extracted rows
[2026-09-11 08:15:27] Checkpoint 556/731 after PPXJ30058G; 13840 extracted rows
[2026-09-11 08:15:51] Checkpoint 557/731 after PPXH10075A; 13845 extracted rows
[2026-09-11 08:16:14] Checkpoint 558/731 after PPXH10030A; 13863 extracted rows
[2026-09-11 08:16:33] Checkpoint 559/731 after PPXF30020A; 13873 extracted rows
[2026-09-11 08:16:51] Checkpoint 560/731 after PPXH30009G; 13945 extracted rows
[2026-09-11 08:17:14] Checkpoint 561/731 after PPXJ30041C; 13980 extracted rows
[2026-09-11 08:17:33] Checkpoint 562/731 after PPXF10016B; 13990 extracted rows
[2026-09-11 08:17:52] Checkpoint 563/731 after PP2D00001D; 14010 extracted rows
[2026-09-11 08:18:10] Checkpoint 564/731 after PPXD10020C; 14070 extracted rows
[2026-09-11 08:18:31] Checkpoint 565/731 after PPXH30021D; 14124 extracted rows
[2026-09-11 08:19:05] Checkpoint 566/731 after PPXD10020G; 14124 extracted rows
[2026-09-11 08:19:25] Checkpoint 567/731 after PPXD10021C; 14139 extracted rows
[2026-09-11 08:19:46] Checkpoint 568/731 after PPXH30024C; 14184 extracted rows
[2026-09-11 08:20:11] Checkpoint 569/731 after PPXD10020L; 14244 extracted rows
[2026-09-11 08:20:36] Checkpoint 570/731 after PPXJ30018C; 14279 extracted rows
[2026-09-11 08:21:03] Checkpoint 571/731 after PPXF10025A; 14284 extracted rows
[2026-09-11 08:21:27] Checkpoint 572/731 after PPXH10023D; 14320 extracted rows
[2026-09-11 08:21:48] Checkpoint 573/731 after PPXF10001J; 14345 extracted rows
[2026-09-11 08:22:07] Checkpoint 574/731 after PPXJ30058E; 14390 extracted rows
[2026-09-11 08:22:29] Checkpoint 575/731 after PPXJ30029F; 14420 extracted rows
[2026-09-11 08:22:52] Checkpoint 576/731 after PPXH30061A; 14430 extracted rows
[2026-09-11 08:23:14] Checkpoint 577/731 after PPXH30021F; 14484 extracted rows
[2026-09-11 08:23:30] Checkpoint 578/731 after PP2H00008B; 14538 extracted rows
[2026-09-11 08:24:39] Checkpoint 579/731 after PPXD10007A; 14538 extracted rows
[2026-09-11 08:24:59] Checkpoint 580/731 after PP2H00023A; 14547 extracted rows
[2026-09-11 08:25:23] Checkpoint 581/731 after PP2J00009B; 14567 extracted rows
[2026-09-11 08:25:45] Checkpoint 582/731 after PPXJ10005G; 14592 extracted rows
[2026-09-11 08:26:08] Checkpoint 583/731 after PPXH30024G; 14637 extracted rows
[2026-09-11 08:26:32] Checkpoint 584/731 after PP2J00009A; 14657 extracted rows
[2026-09-11 08:26:56] Checkpoint 585/731 after PPXD10028C; 14667 extracted rows
[2026-09-11 08:27:25] Checkpoint 586/731 after PPXH10005B; 14694 extracted rows
[2026-09-11 08:27:46] Checkpoint 587/731 after PPXD10022A; 14704 extracted rows
[2026-09-11 08:28:06] Checkpoint 588/731 after PPXJ10003F; 14734 extracted rows
[2026-09-11 08:28:23] Checkpoint 589/731 after PPXJ10006F; 14759 extracted rows
[2026-09-11 08:28:44] Checkpoint 590/731 after PPXJ30023D; 14784 extracted rows
[2026-09-11 08:29:07] Checkpoint 591/731 after PPXJ30002E; 14809 extracted rows
[2026-09-11 08:29:30] Checkpoint 592/731 after PPXH10035C; 14836 extracted rows
[2026-09-11 08:29:48] Checkpoint 593/731 after PPXF30035A; 14841 extracted rows
[2026-09-11 08:30:08] Checkpoint 594/731 after PPXH30037F; 14877 extracted rows
[2026-09-11 08:30:27] Checkpoint 595/731 after PPXD10003A; 14902 extracted rows
[2026-09-11 08:30:51] Checkpoint 596/731 after PPXJ30057D; 14932 extracted rows
[2026-09-11 08:31:16] Checkpoint 597/731 after PPXJ30058I; 14977 extracted rows
[2026-09-11 08:31:37] Checkpoint 598/731 after PP2J00007B; 14992 extracted rows
[2026-09-11 08:32:02] Checkpoint 599/731 after PPXJ30024E; 15007 extracted rows
[2026-09-11 08:32:24] Checkpoint 600/731 after PPXH10036B; 15022 extracted rows
[2026-09-11 08:32:24] Restarting stock browser before SKU PPXJ10008G at position 601
[2026-09-11 08:33:03] Checkpoint 601/731 after PPXJ10008G; 15057 extracted rows
[2026-09-11 08:33:23] Checkpoint 602/731 after PPXH10038B; 15075 extracted rows
[2026-09-11 08:33:45] Checkpoint 603/731 after PPXJ10009E; 15095 extracted rows
[2026-09-11 08:34:04] Checkpoint 604/731 after PPXJ10017A; 15105 extracted rows
[2026-09-11 08:34:21] Checkpoint 605/731 after PPXJ10009A; 15125 extracted rows
[2026-09-11 08:34:51] Checkpoint 606/731 after PPXJ30060A; 15125 extracted rows
[2026-09-11 08:35:14] Checkpoint 607/731 after PPXJ10001C; 15140 extracted rows
[2026-09-11 08:35:34] Checkpoint 608/731 after PPXJ10004D; 15155 extracted rows
[2026-09-11 08:35:55] Checkpoint 609/731 after PPXH30020C; 15209 extracted rows
[2026-09-11 08:36:13] Checkpoint 610/731 after PP2HC0039; 15227 extracted rows
[2026-09-11 08:36:30] Checkpoint 611/731 after PPXH30007A; 15272 extracted rows
[2026-09-11 08:36:59] Checkpoint 612/731 after PPXD10002C; 15272 extracted rows
[2026-09-11 08:37:22] Checkpoint 613/731 after PPXH10018B; 15308 extracted rows
[2026-09-11 08:37:41] Checkpoint 614/731 after PPXJ30052D; 15328 extracted rows
[2026-09-11 08:37:58] Checkpoint 615/731 after PPXJ30052A; 15348 extracted rows
[2026-09-11 08:38:19] Checkpoint 616/731 after PPXD10011D; 15368 extracted rows
[2026-09-11 08:38:37] Checkpoint 617/731 after PPXJ10008D; 15403 extracted rows
[2026-09-11 08:38:55] Checkpoint 618/731 after PP2H00021A; 15411 extracted rows
[2026-09-11 08:39:14] Checkpoint 619/731 after PP2H00010E; 15456 extracted rows
[2026-09-11 08:39:28] Checkpoint 620/731 after PP2H00022A; 15465 extracted rows
[2026-09-11 08:39:46] Checkpoint 621/731 after PPXJ30028I; 15495 extracted rows
[2026-09-11 08:40:08] Checkpoint 622/731 after PPXH10070A; 15504 extracted rows
[2026-09-11 08:40:28] Checkpoint 623/731 after PPXJ30001E; 15529 extracted rows
[2026-09-11 08:40:50] Checkpoint 624/731 after PPXH30023B; 15538 extracted rows
[2026-09-11 08:41:11] Checkpoint 625/731 after PPXH30057D; 15565 extracted rows
[2026-09-11 08:41:32] Checkpoint 626/731 after PPXH10058B; 15575 extracted rows
[2026-09-11 08:41:51] Checkpoint 627/731 after PPXJ30054D; 15595 extracted rows
[2026-09-11 08:42:12] Checkpoint 628/731 after PP2H00017A; 15613 extracted rows
[2026-09-11 08:42:32] Checkpoint 629/731 after PPXH10010C; 15658 extracted rows
[2026-09-11 08:42:55] Checkpoint 630/731 after PP2H00010A; 15703 extracted rows
[2026-09-11 08:43:15] Checkpoint 631/731 after PPXH30005A; 15730 extracted rows
[2026-09-11 08:43:33] Checkpoint 632/731 after PP2J00014A; 15750 extracted rows
[2026-09-11 08:43:52] Checkpoint 633/731 after PPXD10032C; 15770 extracted rows
[2026-09-11 08:44:09] Checkpoint 634/731 after PPXF30021C; 15775 extracted rows
[2026-09-11 08:44:27] Checkpoint 635/731 after PPXJ30048E; 15790 extracted rows
[2026-09-11 08:44:45] Checkpoint 636/731 after PP2HC0040; 15808 extracted rows
[2026-09-11 08:45:05] Checkpoint 637/731 after PPXF10027A; 15813 extracted rows
[2026-09-11 08:45:25] Checkpoint 638/731 after PP2H00014A; 15822 extracted rows
[2026-09-11 08:45:44] Checkpoint 639/731 after PPXJ10005E; 15847 extracted rows
[2026-09-11 08:46:03] Checkpoint 640/731 after PP2H00005A; 15892 extracted rows
[2026-09-11 08:46:17] Checkpoint 641/731 after PP2H00008D; 15946 extracted rows
[2026-09-11 08:46:38] Checkpoint 642/731 after PPXH10031D; 15991 extracted rows
[2026-09-11 08:47:07] Checkpoint 643/731 after PPXH30017C; 15991 extracted rows
[2026-09-11 08:47:38] Checkpoint 644/731 after PPXD10001B; 15991 extracted rows
[2026-09-11 08:47:51] Checkpoint 645/731 after PPXH10032A; 16072 extracted rows
[2026-09-11 08:48:11] Checkpoint 646/731 after PPXD10020H; 16132 extracted rows
[2026-09-11 08:48:36] Checkpoint 647/731 after PPXD10033D; 16157 extracted rows
[2026-09-11 08:48:57] Checkpoint 648/731 after PPXD10018A; 16167 extracted rows
[2026-09-11 08:49:16] Checkpoint 649/731 after PPXF10011E; 16182 extracted rows
[2026-09-11 08:49:34] Checkpoint 650/731 after PPXH10041B; 16209 extracted rows
[2026-09-11 08:49:51] Checkpoint 651/731 after PPXJ30027F; 16244 extracted rows
[2026-09-11 08:50:15] Checkpoint 652/731 after PPXJ30028H; 16274 extracted rows
[2026-09-11 08:50:49] Checkpoint 653/731 after PPXF30007D; 16274 extracted rows
[2026-09-11 08:51:09] Checkpoint 654/731 after PPXH30011A; 16283 extracted rows
[2026-09-11 08:51:29] Checkpoint 655/731 after PP2HC0007; 16292 extracted rows
[2026-09-11 08:52:37] Checkpoint 656/731 after PP0H0A005; 16292 extracted rows
[2026-09-11 08:52:55] Checkpoint 657/731 after PPXD10023C; 16317 extracted rows
[2026-09-11 08:53:16] Checkpoint 658/731 after PPXD10033B; 16342 extracted rows
[2026-09-11 08:53:34] Checkpoint 659/731 after PPXH30054D; 16378 extracted rows
[2026-09-11 08:53:55] Checkpoint 660/731 after PPXD10020S; 16438 extracted rows
[2026-09-11 08:53:55] Restarting stock browser before SKU PP2H00001B at position 661
[2026-09-11 08:54:23] Checkpoint 661/731 after PP2H00001B; 16474 extracted rows
[2026-09-11 08:54:41] Checkpoint 662/731 after PPXH10037D; 16501 extracted rows
[2026-09-11 08:55:44] Checkpoint 663/731 after PP0H0C002; 16501 extracted rows
[2026-09-11 08:55:56] Checkpoint 664/731 after PP2H00001C; 16537 extracted rows
[2026-09-11 08:56:13] Checkpoint 665/731 after PPXH10007C; 16564 extracted rows
[2026-09-11 08:56:40] Checkpoint 666/731 after PP2H00003A; 16564 extracted rows
[2026-09-11 08:56:52] Checkpoint 667/731 after PPXD10021D; 16579 extracted rows
[2026-09-11 08:57:10] Checkpoint 668/731 after PPXD10016A; 16609 extracted rows
[2026-09-11 08:57:28] Checkpoint 669/731 after PPXF30006D; 16629 extracted rows
[2026-09-11 08:57:43] Checkpoint 670/731 after PPXJ30020A; 16644 extracted rows
[2026-09-11 08:57:58] Checkpoint 671/731 after PPXH10031E; 16689 extracted rows
[2026-09-11 08:58:10] Checkpoint 672/731 after PPXF10001G; 16714 extracted rows
[2026-09-11 08:58:25] Checkpoint 673/731 after PPXF30006A; 16734 extracted rows
[2026-09-11 08:58:40] Checkpoint 674/731 after PPXJ30020C; 16749 extracted rows
[2026-09-11 08:58:57] Checkpoint 675/731 after PPXH30021J; 16803 extracted rows
[2026-09-11 08:59:18] Checkpoint 676/731 after PPXH10017A; 16911 extracted rows
[2026-09-11 08:59:37] Checkpoint 677/731 after PPXJ30055B; 16921 extracted rows
[2026-09-11 08:59:53] Checkpoint 678/731 after PPXJ30019E; 16936 extracted rows
[2026-09-11 09:00:19] Checkpoint 679/731 after PPXD10009A; 16951 extracted rows
[2026-09-11 09:00:43] Checkpoint 680/731 after PPXJ30017A; 16956 extracted rows
[2026-09-11 09:01:53] Checkpoint 681/731 after PPXD10005C; 16956 extracted rows
[2026-09-11 09:02:13] Checkpoint 682/731 after PPXJ30028F; 16986 extracted rows
[2026-09-11 09:02:33] Checkpoint 683/731 after PPXF10001B; 17011 extracted rows
[2026-09-11 09:02:52] Checkpoint 684/731 after PPXH30005B; 17038 extracted rows
[2026-09-11 09:03:22] Checkpoint 685/731 after PPXJ30015A; 17038 extracted rows
[2026-09-11 09:03:39] Checkpoint 686/731 after PPXD10020F; 17098 extracted rows
[2026-09-11 09:03:59] Checkpoint 687/731 after PPXH10021C; 17123 extracted rows
[2026-09-11 09:04:17] Checkpoint 688/731 after PPXJ30034B; 17133 extracted rows
[2026-09-11 09:04:33] Checkpoint 689/731 after PP2HC10012; 17178 extracted rows
[2026-09-11 09:04:51] Checkpoint 690/731 after PPXH30024A; 17223 extracted rows
[2026-09-11 09:05:12] Checkpoint 691/731 after PP2J00007A; 17238 extracted rows
[2026-09-11 09:05:24] Checkpoint 692/731 after PP2J00013D; 17258 extracted rows
[2026-09-11 09:05:41] Checkpoint 693/731 after PPXJ10004B; 17273 extracted rows
[2026-09-11 09:06:00] Checkpoint 694/731 after PPXH30022C; 17327 extracted rows
[2026-09-11 09:06:23] Checkpoint 695/731 after PPXJ30026E; 17352 extracted rows
[2026-09-11 09:06:42] Checkpoint 696/731 after PPXJ30055C; 17362 extracted rows
[2026-09-11 09:06:59] Checkpoint 697/731 after PPXH30016B; 17380 extracted rows
[2026-09-11 09:07:30] Checkpoint 698/731 after PPXD10010C; 17380 extracted rows
[2026-09-11 09:07:48] Checkpoint 699/731 after PPXJ30036A; 17390 extracted rows
[2026-09-11 09:08:07] Checkpoint 700/731 after PP2H00005B; 17435 extracted rows
[2026-09-11 09:08:28] Checkpoint 701/731 after PPXD10019D; 17500 extracted rows
[2026-09-11 09:08:47] Checkpoint 702/731 after PPXJ30038C; 17520 extracted rows
[2026-09-11 09:09:10] Checkpoint 703/731 after PPXJ10013A; 17530 extracted rows
[2026-09-11 09:09:29] Checkpoint 704/731 after PPXH10055B; 17557 extracted rows
[2026-09-11 09:09:45] Checkpoint 705/731 after PP2J00008B; 17577 extracted rows
[2026-09-11 09:10:02] Checkpoint 706/731 after PPXJ30061C; 17587 extracted rows
[2026-09-11 09:10:23] Checkpoint 707/731 after PPXJ30030G; 17612 extracted rows
[2026-09-11 09:10:41] Checkpoint 708/731 after PPXJ30023C; 17637 extracted rows
[2026-09-11 09:11:46] Checkpoint 709/731 after PP0H0A002; 17637 extracted rows
[2026-09-11 09:12:02] Checkpoint 710/731 after PPXD10029C; 17652 extracted rows
[2026-09-11 09:12:19] Checkpoint 711/731 after PP2H00010D; 17697 extracted rows
[2026-09-11 09:12:39] Checkpoint 712/731 after PPXD10033E; 17722 extracted rows
[2026-09-11 09:12:57] Checkpoint 713/731 after PPXH30013A; 17731 extracted rows
[2026-09-11 09:13:11] Checkpoint 714/731 after PPXH10032B; 17812 extracted rows
[2026-09-11 09:13:27] Checkpoint 715/731 after PPXD10019L; 17877 extracted rows
[2026-09-11 09:14:32] Checkpoint 716/731 after PP0H0C0006; 17877 extracted rows
[2026-09-11 09:14:56] Checkpoint 717/731 after PPXJ30036B; 17887 extracted rows
[2026-09-11 09:15:18] Checkpoint 718/731 after PPXH10036E; 17902 extracted rows
[2026-09-11 09:16:34] Checkpoint 719/731 after PP5N00002B; 17902 extracted rows
[2026-09-11 09:16:53] Checkpoint 720/731 after PPXJ30023A; 17927 extracted rows
[2026-09-11 09:16:53] Restarting stock browser before SKU PPXH30030B at position 721
[2026-09-11 09:17:24] Checkpoint 721/731 after PPXH30030B; 17945 extracted rows
[2026-09-11 09:17:41] Checkpoint 722/731 after PPXJ30013F; 17965 extracted rows
[2026-09-11 09:17:58] Checkpoint 723/731 after PPXJ30001A; 17990 extracted rows
[2026-09-11 09:18:18] Checkpoint 724/731 after PPXH10010H; 18035 extracted rows
[2026-09-11 09:18:35] Checkpoint 725/731 after PPXJ30053A; 18050 extracted rows
[2026-09-11 09:18:54] Checkpoint 726/731 after PPXH30022E; 18104 extracted rows
[2026-09-11 09:19:14] Checkpoint 727/731 after PPXH10031C; 18149 extracted rows
[2026-09-11 09:19:34] Checkpoint 728/731 after PPXH10023B; 18185 extracted rows
[2026-09-11 09:19:57] Checkpoint 729/731 after PPXJ10009C; 18205 extracted rows
[2026-09-11 09:20:22] Checkpoint 730/731 after PPXJ30003D; 18230 extracted rows
[2026-09-11 09:20:45] Checkpoint 731/731 after PPXD10032D; 18250 extracted rows
[2026-09-11 09:20:51] Stock run completed: 731 SKUs, 4973 output rows
